user_id,name,Email,phone,Registration_Date,age,gender,location
1,Tammy Jones,trevinojacqueline@gmail.com,530-318-6905,2024-07-29,21,Other,New Alanside
2,Tyler Mathews,tim47@gmail.com,222-541-3246,2021-10-04,53,Male,New Virginiabury
3,Melissa Robertson,scott64@gmail.com,309-644-3534,2022-10-07,57,Male,Ethanmouth
4,Heather Wolf,rushandrew@gmail.com,998-772-1220,2022-07-10,50,Male,South Theresaland
6,Eric Aguirre,aperez@gmail.com,860-794-4064,2022-04-25,48,Male,Snyderbury
7,Paul Torres,katie50@gmail.com,617-399-5716,2021-12-16,56,Male,Wendybury
8,Drew Richards,christopher56@gmail.com,713-789-0927,2020-02-19,30,Male,Lake Jeffrey
9,Dustin Gardner,amber32@gmail.com,817-658-3403,2021-12-25,19,Male,New Kathryn
10,Dr. Nicholas Adams,jmalone@gmail.com,916-583-6213,2021-12-15,38,Other,Lake Julie
11,Justin Leonard,taylor32@gmail.com,688-691-8662,2022-02-19,30,Male,Pooleview
12,Chad Turner,richardsontanya@gmail.com,940-698-5308,2020-02-02,34,Other,South Megan
13,Luke Brennan,david42@gmail.com,379-749-9460,2020-10-27,53,Other,Tranville
14,Andrew Davis Jr.,adrienne04@gmail.com,815-617-0107,2023-06-24,55,Other,South Joseshire
15,Denise Skinner,johnsonamy@gmail.com,665-717-0369,2020-01-26,40,Other,Taylorfort
16,Andrea Powell,mhampton@gmail.com,885-503-3545,2022-05-29,56,Male,New Anita
17,Daryl Michael,zgarrett@gmail.com,642-550-3363,2021-11-01,59,Male,Lake Herbert
18,Karen Bass,jamiekrause@gmail.com,968-999-8660,2023-10-13,34,Other,New Andrew
19,Christopher Moss,kelleyandrea@gmail.com,335-872-4868,2022-07-09,36,Female,Millermouth
20,Pamela Morris,floreschristopher@gmail.com,956-939-3019,2023-01-22,49,Female,Jimenezbury
21,Curtis Cruz,jacksonbarry@gmail.com,803-704-9959,2020-11-21,40,Other,West Robert
22,Morgan Webb,pcollier@gmail.com,864-879-0299,2023-02-07,53,Female,North Raymond
23,Patricia Sullivan,deborahsmith@gmail.com,703-302-6043,2023-06-28,58,Other,Nicholasland
24,Nicole Mejia,millercrystal@gmail.com,794-541-5330,2022-04-27,23,Male,Smithshire
25,Becky Trujillo,johnlogan@gmail.com,384-830-6919,2022-03-07,63,Other,Hoovermouth
26,James Lopez,garciakaren@gmail.com,525-975-8202,2023-04-23,53,Female,North Isaac
27,Tiffany Bryant,warrenbarbara@gmail.com,717-641-8780,2021-07-08,32,Other,Mckinneyfort
28,Tara Moreno,ybolton@gmail.com,685-491-9417,2021-08-11,62,Female,West Louis
29,Kathryn Johnson,victoria24@gmail.com,652-541-6247,2020-04-29,40,Other,Evansberg
30,Tina Smith,smithwendy@gmail.com,525-412-0770,2020-10-11,45,Male,Angelamouth
31,Megan Walls MD,anthonymorgan@gmail.com,327-410-3659,2023-10-03,64,Male,Patriciaview
32,Keith Gutierrez,xbowers@gmail.com,283-608-5122,2024-01-15,25,Other,Jacksonmouth
33,Jennifer Osborn,nbailey@gmail.com,349-865-5608,2020-07-14,26,Male,Port Clinton
34,Daniel Newman,hmedina@gmail.com,560-766-3415,2024-01-19,36,Male,Tranberg
35,Brooke Roman,mcobb@gmail.com,883-227-0495,2020-11-03,29,Male,West Kevin
36,Theresa Rice,ohorn@gmail.com,772-617-9185,2020-06-16,41,Other,Nicholasberg
37,Amber Davis,gsmith@gmail.com,920-308-9120,2022-04-30,56,Male,Port Catherine
38,Michael Hunt,aferrell@gmail.com,502-427-3752,2022-02-20,49,Male,Conleyview
39,Jason Fisher,uwalker@gmail.com,907-727-2437,2024-02-19,52,Other,North Melanietown
41,Curtis Perez,sjenkins@gmail.com,271-232-3850,2022-11-06,57,Male,West Wandaton
42,Lisa Beltran,stephanie91@gmail.com,589-410-8138,2020-02-09,48,Female,South Matthewmouth
43,Donald Riddle,ejordan@gmail.com,564-313-2994,2023-07-02,46,Male,Sancheztown
44,John Sharp,brownsydney@gmail.com,802-273-3180,2020-05-28,61,Other,South Mary
45,James Ward,cpearson@gmail.com,463-547-4139,2020-02-21,28,Male,Kathleenport
46,Toni Mathis,joseph97@gmail.com,786-826-7742,2023-08-07,56,Male,Houstonmouth
47,Miguel Thompson,brownnicholas@gmail.com,423-604-0675,2020-09-03,48,Female,Port Kathleen
48,Alexis Thomas,wcline@gmail.com,574-431-1133,2021-06-12,58,Male,Lake Rachel
49,Kelsey Jackson,edwardwilson@gmail.com,770-380-1825,2020-06-07,30,Female,Chadmouth
50,Bryan Walker,matthewhall@gmail.com,340-911-3651,2020-04-28,27,Male,Mejiamouth
51,Dustin Daniel,enewman@gmail.com,224-957-6620,2022-10-19,22,Female,Michellechester
52,Rebecca Dixon,batesbrian@gmail.com,210-761-5080,2024-06-17,32,Female,Port Marioburgh
53,Megan Gray,kcarr@gmail.com,950-895-2789,2023-07-11,30,Male,Foxport
54,Laura Roy,chelseabennett@gmail.com,708-850-8146,2024-05-22,65,Other,Williamschester
55,Alexis Jones,harperjason@gmail.com,495-204-0973,2022-09-21,50,Male,Andersonberg
56,Roberta Dominguez,tiffanydennis@gmail.com,610-718-6418,2021-01-02,48,Male,North Sarahtown
57,Stephanie Webb,jessica30@gmail.com,556-339-2185,2020-08-26,46,Other,Willietown
58,Vanessa Powell,gmartin@gmail.com,974-856-6890,2022-01-02,29,Other,East Dustinborough
59,Kelly Miller,jennifergriffin@gmail.com,461-563-1151,2021-08-06,56,Other,Pinedaland
60,Angelica House,juliebrown@gmail.com,577-437-9666,2020-03-04,27,Female,Benjaminfort
61,Rachel Perez,wscott@gmail.com,902-677-4130,2021-10-12,45,Female,Christineberg
62,William Munoz,coreymckenzie@gmail.com,291-429-7348,2023-06-17,26,Female,New Lori
63,Michael Williams,smullins@gmail.com,447-370-0907,2024-08-16,18,Female,West Tracy
64,Joseph Smith,blackpatricia@gmail.com,759-297-3542,2020-04-28,23,Male,New Patricia
65,Todd Thompson,fcurtis@gmail.com,787-232-5158,2020-10-03,62,Female,Nathantown
66,Sandra Schultz,brucemartinez@gmail.com,281-329-0527,2020-06-27,45,Other,Joshuastad
67,Jeffrey Patel,mcdonaldshannon@gmail.com,254-925-4214,2022-01-27,23,Female,North David
68,Shirley Dickerson,johnsonmichael@gmail.com,446-661-0763,2022-11-19,25,Male,Riveraport
69,Aaron Neal,johnsonamanda@gmail.com,386-609-8815,2020-09-29,30,Female,Foleyport
70,Catherine Mcgee,victoriahorton@gmail.com,839-877-2668,2024-09-22,38,Male,Port Michaeltown
71,Christopher Harrell,qvaldez@gmail.com,611-259-0239,2024-03-27,56,Other,Valdezburgh
72,Melissa Lynch,rossjoshua@gmail.com,693-768-2816,2021-08-31,19,Other,Natalieport
73,Kimberly Sullivan,anthony72@gmail.com,486-561-1270,2020-04-12,49,Male,North Kenneth
74,Erika Moon,sdouglas@gmail.com,912-952-2268,2024-06-30,59,Other,Acostastad
75,Steven Hawkins,milleramber@gmail.com,600-563-9575,2021-07-30,26,Female,West Lawrencebury
76,James Love,pbryant@gmail.com,514-255-5804,2021-08-12,30,Male,Jameshaven
77,Diane Ray,bstephens@gmail.com,522-527-5852,2020-12-31,28,Female,Jeremyton
78,Michael Morales,patelsean@gmail.com,573-567-6832,2024-07-07,44,Other,East Joel
79,Theodore Martin,chelsea41@gmail.com,791-982-6146,2021-11-23,19,Female,West Alexander
80,John Mccormick,alex73@gmail.com,663-626-3086,2022-02-02,59,Other,North Judy
81,Kristi Miller,mendozajeffrey@gmail.com,247-335-7069,2023-09-28,43,Other,Lake Kimberly
82,Carla Flores,herringtimothy@gmail.com,276-277-5992,2020-01-03,30,Male,West Jeremy
83,Glen James,sergioavery@gmail.com,661-780-9341,2020-10-09,27,Male,Caitlynburgh
84,Kelli Melton,richard61@gmail.com,395-942-3726,2022-08-26,49,Male,North Travisberg
86,Nicole Bright,mendozamark@gmail.com,639-228-7813,2022-06-01,36,Other,South Matthewstad
87,Andrew Cook,lrowland@gmail.com,491-531-4840,2024-08-23,46,Other,North Angelamouth
88,Brandon Martinez,antonioporter@gmail.com,327-620-3883,2022-07-13,22,Female,Gonzalezville
89,Anna White,haleeric@gmail.com,873-264-3259,2021-10-18,60,Female,East Brianna
90,Marvin Harris,daisy63@gmail.com,353-657-4380,2020-09-15,30,Other,Port Carolside
91,Lisa Cruz DDS,ryanmichael@gmail.com,497-773-3600,2021-11-15,43,Female,North John
92,Nicole Matthews,johnsonmikayla@gmail.com,940-628-6399,2023-08-04,60,Female,Estradaberg
93,Troy Morris,qrosales@gmail.com,999-736-0509,2021-09-17,59,Female,Ochoafurt
94,Paul Carr,gregorymartinez@gmail.com,913-924-6368,2022-10-19,43,Other,Shirleymouth
95,Phillip Wright II,johnanderson@gmail.com,333-936-9119,2022-12-04,39,Female,Lake Markshire
96,Ray Garcia,caroline26@gmail.com,985-656-5513,2024-03-09,18,Other,New Anthonyside
97,Melissa Anderson,cynthia84@gmail.com,923-585-0592,2020-12-01,28,Male,Gouldberg
98,Michael Rios,cmoore@gmail.com,915-350-0580,2023-05-01,40,Other,Andersonmouth
99,Kevin Whitehead,david57@gmail.com,743-589-4250,2023-07-12,21,Other,Lake Joannaside
100,Melissa Rowland,odurham@gmail.com,891-291-5936,2023-12-27,22,Male,South Jordanburgh
101,Dr. Brenda Moore,michael87@gmail.com,877-875-3008,2022-06-15,30,Male,Woodsland
102,Kristie Shannon,balldouglas@gmail.com,239-642-9227,2020-02-21,64,Other,Lake Diana
103,Justin Moyer,marymoore@gmail.com,411-923-8228,2023-04-18,31,Female,Brendanbury
104,Karen Powers,qanderson@gmail.com,784-515-6173,2023-11-20,32,Male,Johnsonview
105,Benjamin Hobbs,martinjose@gmail.com,784-497-7251,2023-01-10,33,Male,Gonzalezton
106,Debra Griffin,mmoore@gmail.com,801-953-9604,2021-03-05,27,Other,Howellside
107,Douglas Bennett DDS,vbrady@gmail.com,929-311-4529,2022-01-25,55,Other,Port Josephmouth
108,Richard Brown,jbrewer@gmail.com,535-497-7611,2023-04-07,55,Other,Lake Josetown
109,Robert Moore,lesterstephanie@gmail.com,740-354-9878,2020-11-03,36,Female,North Pamela
110,Joel Glass,steven97@gmail.com,815-494-8322,2020-01-27,18,Other,Priceberg
111,Erica Rose,kellydaniel@gmail.com,595-462-0999,2024-06-18,61,Other,Kevinport
112,Molly Marshall,diamondmorales@gmail.com,362-895-0091,2023-04-14,54,Male,West Luisberg
113,Wendy Stephenson,hgraham@gmail.com,922-935-4167,2021-02-28,22,Male,Richardborough
114,Monica Schmidt,smithtrevor@gmail.com,587-798-8404,2021-04-16,32,Female,Port Dianemouth
115,Louis Coleman,hwagner@gmail.com,849-279-3115,2020-12-23,44,Female,West Faith
116,Rebecca Edwards,vasquezheather@gmail.com,971-246-3181,2020-01-13,28,Male,New Sydney
118,Katherine Reed,francisco80@gmail.com,273-209-9725,2022-12-09,46,Female,North Phillip
119,Amanda Wang,markhernandez@gmail.com,646-877-8526,2020-02-22,47,Male,Lisachester
120,John Richardson PhD,james62@gmail.com,608-970-1235,2021-10-17,30,Other,Joshuaton
121,Linda Mitchell,nathan67@gmail.com,489-534-8987,2022-08-29,46,Male,Lake Tonyachester
122,Cindy Evans,willislacey@gmail.com,374-968-7291,2022-01-29,46,Female,Lake Diana
123,Lisa Williams,rwilliamson@gmail.com,366-874-8769,2021-06-23,53,Male,Port Erica
124,Daniel Greene,cevans@gmail.com,366-575-1694,2023-04-17,65,Other,Stoneshire
125,Stacey Walker,markhumphrey@gmail.com,452-393-4772,2020-08-28,55,Female,Glovermouth
126,Jessica Morris,ysmith@gmail.com,760-598-3971,2021-06-26,44,Other,Bauerland
127,Erica Sanford,sstevens@gmail.com,923-276-7906,2022-05-25,56,Male,Hughesland
128,Timothy Martinez,ystevens@gmail.com,996-791-2605,2023-08-06,22,Male,Jacquelineshire
129,Steven Sherman,mjohnson@gmail.com,727-639-4329,2020-11-27,43,Other,North Christopherberg
130,Thomas Benton,brodriguez@gmail.com,587-466-9467,2022-04-03,63,Other,Anthonyfurt
131,Vanessa Turner,melissabell@gmail.com,321-306-9155,2023-08-05,42,Other,Wintersborough
132,Amy Erickson,xreyes@gmail.com,385-733-2800,2022-09-18,18,Male,Sandovalhaven
133,Edward Green,erica94@gmail.com,426-734-1452,2020-02-24,43,Other,Dillonfort
134,Jay Brown,jason16@gmail.com,411-522-6119,2022-06-05,46,Other,Howardborough
136,Gabrielle Martin,michelle85@gmail.com,599-306-7761,2023-09-17,29,Other,Adamborough
137,Dennis Brown,jschwartz@gmail.com,218-456-9091,2021-03-23,55,Other,Jenkinsview
138,Randy Williams,catherineschneider@gmail.com,719-629-0633,2022-08-24,45,Male,Changstad
139,Kelly Sandoval,joshua06@gmail.com,957-772-8582,2021-07-06,25,Male,Hubbardhaven
140,Shannon Johnson,stevennelson@gmail.com,566-428-0911,2021-07-16,54,Male,Kinghaven
141,Michael Cross,nsmith@gmail.com,561-390-3907,2022-02-21,44,Male,Grayport
142,Patrick Vaughn,sarahmckee@gmail.com,280-760-5595,2020-05-07,49,Female,North Territown
143,Michael Hayes,michael62@gmail.com,983-327-0507,2021-11-29,28,Male,East Cheryl
145,Robert Mccoy,brandiwoodard@gmail.com,290-582-2687,2022-01-13,19,Other,Kendraborough
146,Shannon Taylor,zkane@gmail.com,236-772-1696,2024-09-10,33,Female,West Rebeccaport
147,Keith Cook,rosejenny@gmail.com,389-729-1842,2021-09-03,38,Other,New Erin
148,Isaiah Lambert,catherinemills@gmail.com,975-555-2142,2022-07-02,46,Other,South Amy
150,Rodney Martinez,thomas03@gmail.com,605-619-0056,2023-08-15,21,Other,New Kimberly
151,Tracy Flowers,travis59@gmail.com,388-418-5708,2023-01-20,38,Male,Leetown
152,Tammie Serrano,cameron61@gmail.com,226-926-3067,2022-05-11,41,Female,Williamsmouth
153,Joshua Morton,sally25@gmail.com,874-508-0961,2023-09-04,27,Female,North Danielle
154,Katherine Santos,walkermichael@gmail.com,265-690-6757,2022-05-04,26,Other,South Brooke
155,Edward Flores,martinmichelle@gmail.com,931-606-4399,2020-05-27,24,Other,South Keithchester
156,Kathryn Williams,psweeney@gmail.com,688-800-3459,2022-01-17,25,Female,West Kathy
157,Colton Cox,james64@gmail.com,527-762-5864,2022-03-03,56,Female,North Clinton
158,Jeffery Mclaughlin,emily22@gmail.com,796-803-2037,2020-01-08,57,Female,Lyonsborough
159,Michael Wall,brianvillarreal@gmail.com,952-457-4261,2022-10-28,44,Male,Raymondfort
160,Lawrence Perez,leematthew@gmail.com,258-572-8587,2022-05-16,34,Female,Eugenestad
161,Nicholas Mendez,christian20@gmail.com,858-845-2704,2021-02-07,34,Female,New Ashley
162,Oscar Perez,michelle50@gmail.com,872-410-4233,2020-01-18,56,Male,Shaffershire
163,Kimberly Taylor,kenneth89@gmail.com,978-482-5943,2024-05-07,26,Other,Jenniferville
164,Lauren Miller,levinesteven@gmail.com,852-251-5890,2022-05-26,56,Male,Prattside
166,Derek Jenkins,rtorres@gmail.com,689-691-7939,2022-01-26,49,Male,South Daniel
167,Rachel Taylor,hmartinez@gmail.com,810-747-9540,2023-09-01,39,Male,Grahamport
168,Michael Morgan,timothylam@gmail.com,226-743-9977,2022-05-06,23,Other,Port Juan
170,Ryan Ingram,fwilliams@gmail.com,471-330-2583,2021-11-29,46,Female,Connorland
171,Dustin Bartlett,umartin@gmail.com,340-562-1596,2021-10-13,55,Other,Leestad
172,Heather Taylor,davissteven@gmail.com,756-391-7948,2020-04-22,61,Female,New Angelahaven
173,Gregory Burns,angela18@gmail.com,709-862-9618,2021-08-19,45,Other,New Noahchester
174,Marcia Cox,wjackson@gmail.com,514-773-3678,2020-08-16,65,Female,Port Robertmouth
175,Ana Moreno,revans@gmail.com,533-915-0357,2021-08-28,31,Female,Port Kimberly
176,David Reyes,ryanford@gmail.com,393-380-7535,2020-09-25,21,Female,West Marcmouth
177,Christopher Santiago,meaganwells@gmail.com,369-645-6311,2022-02-20,34,Female,Mooreborough
178,Lisa Morales,michaelfuller@gmail.com,587-361-3209,2022-01-14,54,Female,Browntown
179,Shelly Hill,vargaschristian@gmail.com,598-531-2513,2022-05-29,54,Male,Port Thomas
180,Kevin Adams,cisnerosjames@gmail.com,423-415-4183,2021-01-17,36,Male,East Kristopher
181,Brian Simon,xrodriguez@gmail.com,697-438-5809,2023-03-08,31,Other,Ericburgh
182,Jody Walker,hudsoncolton@gmail.com,334-967-0288,2020-09-03,45,Male,East Samuelton
183,Dustin Gray,joneslynn@gmail.com,303-562-8684,2023-08-02,45,Male,Lake Julie
184,Jose Harris,hannah30@gmail.com,446-411-5172,2024-01-26,61,Female,West Marcus
185,Erin Anderson,bridgestravis@gmail.com,287-358-4600,2020-10-27,32,Female,Schroederport
186,Chloe Castro,kristy23@gmail.com,266-290-6825,2022-07-24,48,Other,Brooksburgh
187,Ricardo Roth,shannoncoleman@gmail.com,303-276-4465,2023-03-05,36,Male,East Andrew
188,John Hampton,daviesnatasha@gmail.com,955-279-9969,2022-01-13,22,Female,Yorkshire
189,James Mosley,mlindsey@gmail.com,978-375-3216,2023-08-05,37,Female,Nathanview
190,Diane Hardin,colinestes@gmail.com,848-228-3499,2020-03-06,23,Other,North Thomasshire
191,James Thompson,hayskevin@gmail.com,682-745-6405,2023-03-30,32,Male,Amandamouth
192,Michael Johnson,john60@gmail.com,489-806-4019,2021-04-05,24,Male,Michellebury
193,Stacey Freeman,foxdaniel@gmail.com,223-397-6594,2020-02-06,62,Other,Timothyborough
194,Todd Stephenson,sandra16@gmail.com,430-466-7799,2020-07-11,61,Male,West Oliviahaven
195,Brittany Snyder,uboyer@gmail.com,212-920-8130,2021-11-30,42,Male,Aprilside
196,Steven Stevens,hannahgarcia@gmail.com,228-312-7613,2022-10-26,20,Other,Samanthaburgh
197,Shari Walker,nperez@gmail.com,625-213-5986,2020-02-17,40,Other,New Nicole
198,Jacqueline Smith,christopher83@gmail.com,556-824-9552,2024-06-10,41,Other,South Chasestad
199,Richard Clark,lperry@gmail.com,664-919-9664,2021-10-29,21,Other,East Meghan
200,Harold Rich,dale97@gmail.com,822-601-3950,2022-02-05,44,Female,Smallmouth
201,Benjamin Green,stephensmichael@gmail.com,519-655-6974,2020-10-06,65,Female,East Cheyenne
202,Dylan White,djensen@gmail.com,378-693-5596,2020-08-07,27,Female,New Jamesstad
203,Thomas Thomas,darryl64@gmail.com,945-967-2638,2022-08-28,50,Female,South Damon
204,Dana Bush,gillmichael@gmail.com,259-237-1016,2024-09-12,25,Male,Randolphmouth
205,Jason Reynolds,byrdmichael@gmail.com,516-610-4421,2021-02-10,41,Female,Scottberg
206,Samantha Bean,bmartinez@gmail.com,774-993-0558,2020-07-26,29,Male,New Josephview
207,Sarah Ballard,christinebecker@gmail.com,578-575-5663,2022-08-21,60,Other,Stanleyview
208,Michael King,smithbrandy@gmail.com,876-232-5107,2022-05-23,50,Male,New Scottton
209,Christine Howard,ruthriley@gmail.com,539-387-8449,2023-12-01,39,Male,Lauriehaven
210,Christopher Jones Jr.,thompsonrandy@gmail.com,707-253-5000,2023-10-17,26,Other,Grahamview
211,Christopher Barnes,igonzalez@gmail.com,468-768-6494,2021-03-21,22,Other,New Kimberly
212,Richard Rocha,leslierobinson@gmail.com,824-276-3611,2020-04-03,62,Other,Kellyhaven
213,Kelly Perkins,walshsteven@gmail.com,777-775-4348,2021-11-11,22,Other,West Joshuaborough
214,Dawn Wilson,monica77@gmail.com,539-595-0271,2020-06-01,36,Other,Port Gregoryview
215,Jordan Harris,obrienbrianna@gmail.com,250-540-7645,2021-01-28,33,Female,Jeffreyport
216,Emily Bowen,yhall@gmail.com,610-534-8165,2021-02-27,58,Other,West Rachelton
217,Elizabeth Taylor,hunterstrickland@gmail.com,316-976-1444,2020-02-08,39,Male,New Christopher
218,Sean Garrett,inelson@gmail.com,664-697-0385,2021-08-04,55,Female,Christopherton
219,Diane Fox,ipope@gmail.com,711-254-2864,2021-03-02,24,Other,Hardyview
220,Chad Ross,melissa89@gmail.com,803-304-7715,2024-05-29,56,Male,Hamptonfurt
221,Brittney Lewis,hansonjennifer@gmail.com,218-830-2299,2022-11-21,44,Female,Christopherport
222,Michelle Fritz,brownmichele@gmail.com,863-373-0713,2024-06-14,31,Male,East Justin
223,Frank Bailey,jacob31@gmail.com,507-815-8682,2021-12-03,46,Female,Jonathanport
224,Adam Adams,frostjohn@gmail.com,759-365-9869,2024-05-01,51,Female,South Richardburgh
225,Alexandra Morgan,lindaherman@gmail.com,442-267-8099,2020-07-31,59,Female,West Richard
226,Cindy Fletcher,ingramashley@gmail.com,453-233-2230,2023-04-04,27,Female,South Kenneth
227,Michelle Martin,audrey25@gmail.com,234-746-6910,2020-01-11,41,Other,Murrayview
228,John Reeves,ramirezsylvia@gmail.com,635-537-9666,2023-04-19,33,Other,Elizabethstad
229,Dawn Butler,torresamanda@gmail.com,906-998-3839,2023-02-16,64,Female,Port Cameronborough
230,Amy Snow,jacquelinekeith@gmail.com,881-485-8531,2021-07-05,65,Male,South Christopher
231,Roberto Moore,klowe@gmail.com,409-773-6621,2022-06-23,58,Female,Port Margaret
232,Amber Fischer,alexgray@gmail.com,754-697-4424,2021-07-16,28,Male,Jesseville
233,Eric Garza,qmorgan@gmail.com,501-480-4132,2020-08-06,44,Other,Schultzmouth
234,Tina Brown,qwatts@gmail.com,989-432-0055,2021-04-22,36,Female,Davidview
235,Teresa Price,elizabeth04@gmail.com,987-900-0244,2020-09-15,38,Female,Fergusonview
236,Sylvia Dudley,ibowman@gmail.com,603-989-2262,2020-04-26,19,Female,Warnerview
238,John Brown,rherrera@gmail.com,847-362-2661,2020-08-31,37,Other,Frankmouth
239,Katherine Rice,urichardson@gmail.com,885-243-0398,2024-09-03,38,Male,Lindafort
240,Anthony Walker,sross@gmail.com,552-364-9830,2021-01-04,62,Other,Carterburgh
241,Keith Bailey,laura25@gmail.com,789-966-6549,2022-05-08,26,Male,North Todd
242,Claudia Vargas,anthonygreen@gmail.com,458-620-7296,2024-03-07,36,Other,Port Sandra
243,Jesse Frazier,rbarnes@gmail.com,523-501-1665,2023-07-03,21,Male,North Cassandraborough
244,Mr. Todd Gibbs,fjohnson@gmail.com,356-478-6289,2021-12-23,49,Male,Johnsonville
245,Vincent Fuller,jherrera@gmail.com,693-435-5931,2022-02-03,33,Other,Port Jasonberg
246,Christopher Jennings,debraclark@gmail.com,687-786-3999,2021-07-08,45,Female,Lake Brianna
247,Vanessa Heath,clarkcarolyn@gmail.com,346-939-1052,2022-01-29,49,Male,East Michael
249,Anthony Burke,erin82@gmail.com,655-884-2064,2024-04-12,65,Male,Robertfort
250,Edward Daniel,huanglogan@gmail.com,984-771-4593,2021-07-27,27,Female,East Richard
251,Karen Martinez,ysims@gmail.com,689-553-8234,2021-02-21,21,Other,Lopezside
252,Kevin Rodgers,chendricks@gmail.com,873-293-3142,2023-09-07,22,Female,East Erin
253,Christian Alexander,ethanhoffman@gmail.com,616-560-8698,2023-08-19,42,Male,Greenfurt
255,Hannah Brown,kstone@gmail.com,579-327-2507,2020-10-08,57,Male,North Wyattfort
256,Hunter Adams,thomasweeks@gmail.com,291-467-1124,2022-07-17,55,Male,Port Davidport
257,Elizabeth Walls,shelia94@gmail.com,627-824-2400,2022-03-19,40,Female,South Christine
258,Marie Livingston,onguyen@gmail.com,962-875-1069,2024-02-07,31,Other,Port Jack
259,Heather Sparks,cynthiamcdaniel@gmail.com,366-430-5990,2024-09-09,22,Other,Port Aprilland
260,Jennifer Castaneda,justin59@gmail.com,749-912-6976,2023-01-15,50,Other,Oneilltown
261,Walter Osborne,rebecca93@gmail.com,326-323-6062,2024-08-03,32,Male,New Briannafort
262,Dylan Brown,kjohnson@gmail.com,501-772-0175,2023-02-04,36,Female,Jefferyville
263,Louis Martin,cookalex@gmail.com,829-429-1220,2020-12-02,62,Female,Raybury
264,Shelby Summers,schmidtveronica@gmail.com,779-764-4274,2024-01-13,42,Female,North Sarahside
265,Micheal Jimenez,elizabeth40@gmail.com,917-908-7727,2024-08-07,29,Other,New Cameronmouth
266,Sara Lee,travishancock@gmail.com,971-937-7090,2021-11-26,51,Male,Armstrongchester
267,Heather Haynes,madisonjohnson@gmail.com,932-633-8835,2020-02-29,23,Male,Gloriaburgh
268,Mrs. Jaclyn Levine,usteele@gmail.com,626-646-9770,2022-09-19,41,Female,Williamsville
269,Rachel Curtis,lindafowler@gmail.com,346-236-9810,2024-01-27,63,Other,Lake Derek
270,Michael Herrera,amanda37@gmail.com,409-333-0245,2023-05-19,51,Other,Lake Nicholasmouth
271,Casey Thompson,bellmelanie@gmail.com,936-278-3581,2020-12-13,37,Female,Wrightfurt
272,Taylor Farrell,harriskimberly@gmail.com,820-353-4773,2022-07-24,47,Other,Hughesfort
273,Lori Anderson,katrinarobinson@gmail.com,739-218-1015,2022-05-21,63,Female,Jacquelineton
274,John Bernard,yjennings@gmail.com,568-725-4467,2020-11-26,41,Male,Annaport
275,Sarah Thomas,brian31@gmail.com,479-479-2830,2023-09-27,26,Male,Jeffreyhaven
276,Angela Hodge,msmith@gmail.com,835-783-4684,2021-07-23,34,Male,Joneston
277,Kristin Powell,yaguilar@gmail.com,451-260-3682,2021-06-20,56,Female,Foxport
278,Tyrone Wells,jasonashley@gmail.com,246-504-3606,2022-02-01,38,Female,East Richard
279,Mr. Luke Jackson,max40@gmail.com,691-423-0780,2024-01-06,48,Male,Heatherfurt
280,Zachary Lopez,mackjason@gmail.com,221-995-7860,2020-08-21,48,Female,Mikemouth
282,David Vaughan,royferrell@gmail.com,372-573-8319,2021-04-17,31,Male,Lake Gary
283,Roy Thomas,kaylamiller@gmail.com,509-344-8246,2021-08-27,47,Other,Johnsonview
284,Bonnie Moran,igrant@gmail.com,706-830-3989,2020-03-10,24,Male,Lake Jeffreyborough
285,Sandra Barber,melaniehopkins@gmail.com,290-248-0459,2022-02-20,29,Other,Taylorstad
286,Alan Richardson,ronald69@gmail.com,516-890-5836,2021-08-31,35,Male,Kimville
287,Regina Ferguson,christopherjohnson@gmail.com,571-313-7765,2020-08-11,63,Other,Davishaven
288,Toni Dixon,kevinrodriguez@gmail.com,565-326-1773,2023-08-15,60,Male,Port Joseph
289,Regina Fisher,bellison@gmail.com,989-301-9327,2021-11-07,50,Other,East Charleston
290,Jennifer Lewis,angelajordan@gmail.com,711-570-0823,2024-05-08,23,Female,Kathrynmouth
291,Thomas Graves,elizabeth97@gmail.com,896-508-4586,2024-04-27,56,Other,East Eric
292,Amanda Hodge,rhonda21@gmail.com,689-663-0810,2023-02-20,21,Female,Larsonmouth
293,Christy Allen,maryperez@gmail.com,897-854-4776,2023-12-15,58,Male,Mooretown
294,John Heath,gilbertchristopher@gmail.com,778-907-4208,2024-08-22,24,Male,South Johntown
295,Stephanie Jenkins,afreeman@gmail.com,661-324-1034,2021-02-17,30,Other,North Patrickton
296,Melanie Blake,darrellgalvan@gmail.com,766-251-1210,2021-01-12,26,Male,East Marc
297,David Stafford,michaelcampbell@gmail.com,318-889-7199,2023-03-20,54,Male,Howardbury
298,Charles Hayes,uwoodard@gmail.com,444-716-2075,2024-06-13,21,Female,Nicoletown
299,Nicholas Greene,garcianicholas@gmail.com,206-723-6287,2021-05-09,30,Female,North Davidburgh
300,Richard King,kevin77@gmail.com,828-219-1411,2022-04-16,57,Female,East Michaelmouth
301,Melissa Durham,trujillokyle@gmail.com,297-397-2066,2020-11-25,52,Female,Port Timothy
302,Crystal Allen,xwilson@gmail.com,593-632-6507,2023-05-09,37,Other,Brandontown
304,Craig Rogers,rrivas@gmail.com,841-797-7984,2020-06-03,26,Male,New Monica
305,Angela Rodriguez,wtran@gmail.com,325-630-3462,2022-04-14,61,Male,Jonesstad
306,Kristin Little,wilkersonelizabeth@gmail.com,757-406-5652,2023-04-29,60,Male,Markborough
308,David Donaldson,nicole86@gmail.com,513-990-5730,2022-06-16,34,Male,Lake Mark
309,Mr. James Robinson,mccoymarissa@gmail.com,635-720-5963,2020-08-22,19,Other,Port Michaelton
310,Melissa Moreno,dduncan@gmail.com,895-912-5275,2022-11-29,65,Female,Carterport
311,Danielle Sosa,payneangela@gmail.com,514-524-3550,2022-04-30,50,Male,New Amanda
312,Ruben Morales,mckinneyrobert@gmail.com,241-418-7462,2021-10-03,56,Male,New Rachel
313,Christopher Miller,davidjackson@gmail.com,927-899-2580,2021-05-22,33,Other,Davilaport
314,Samuel Hartman,seanyork@gmail.com,424-615-7905,2024-02-26,56,Other,New Andrew
315,Bradley Sanchez,morganbruce@gmail.com,699-967-0698,2024-03-18,56,Male,Mcdanielmouth
316,Jorge Powers,mreyes@gmail.com,358-678-1507,2023-11-04,32,Female,Gonzalezport
317,Justin Jones,kaustin@gmail.com,308-415-1045,2022-11-01,32,Other,North Johnmouth
318,Douglas Daniel,wendy11@gmail.com,524-853-6315,2023-09-11,47,Male,Cynthiafort
319,Holly Garrett,trevor91@gmail.com,321-569-9410,2020-10-06,41,Male,Chasechester
320,Sheri Hobbs,lawrence73@gmail.com,669-520-9506,2021-03-15,49,Female,Russelltown
322,Julie Bowen,griffineric@gmail.com,293-877-9816,2022-03-26,47,Other,Gillespiechester
323,Patricia Delgado,valerie06@gmail.com,284-353-4920,2023-01-20,42,Male,Campbelltown
324,Melissa Soto,ybrown@gmail.com,529-319-5355,2022-04-06,45,Male,Robertburgh
325,Vanessa Levy,dudleygreg@gmail.com,638-269-3326,2020-07-01,40,Female,New Olivia
326,Cristian Ortiz Jr.,bonniemaxwell@gmail.com,546-425-1412,2020-11-28,41,Other,East Tammie
327,Aaron Warren,brandon37@gmail.com,448-476-6979,2023-12-12,65,Female,Morrisview
328,Jenna Singh,davistodd@gmail.com,979-572-8728,2023-02-20,38,Other,West Andrew
329,Eric Santos,ujackson@gmail.com,802-351-4733,2023-02-06,55,Other,East Ronald
330,Paul Howard,william91@gmail.com,974-694-3186,2023-12-25,62,Male,Bellfort
331,Nicole Rowe,robert32@gmail.com,359-206-0607,2024-03-16,25,Other,East Tarachester
332,Maria Hill,zdiaz@gmail.com,360-488-8623,2022-01-20,34,Other,South Geoffreyfort
333,Jared Stone,bwilson@gmail.com,603-433-9191,2024-02-09,18,Other,Melissaville
334,Michael Jackson,shieldswilliam@gmail.com,604-461-9919,2022-10-26,41,Male,Gatesville
335,Sara Anderson,reginald29@gmail.com,212-312-5775,2024-04-08,56,Male,Barnesland
336,Micheal Duffy,daniellehoward@gmail.com,265-588-0438,2024-09-10,18,Female,West Jenniferland
337,Carol Waller,uerickson@gmail.com,597-829-0823,2021-02-04,37,Male,Stephensonshire
338,Anthony Jenkins,robert32@gmail.com,649-618-0941,2023-02-04,29,Other,Lake Danielle
339,Shane Rios,wendynelson@gmail.com,320-713-4351,2020-12-17,35,Male,Millsstad
340,Christopher Cruz,bmendoza@gmail.com,224-952-8178,2024-08-21,22,Female,Bentonfurt
341,Dennis Jones,joseph77@gmail.com,780-660-8271,2020-07-10,29,Female,Joneston
342,Paul Meyer,averysamuel@gmail.com,790-787-2173,2022-09-21,27,Male,Diazville
343,Kathy Davis,tinacohen@gmail.com,256-634-4515,2024-06-10,28,Male,Cruzmouth
344,Margaret Patel,nealbrandon@gmail.com,538-380-4510,2023-03-04,60,Female,Ronaldburgh
345,Sara Robinson,saramayer@gmail.com,956-426-2480,2020-05-22,37,Female,Mullinsberg
346,Mary Martin,nathan64@gmail.com,320-209-3635,2023-01-01,59,Other,New Deanna
347,David Duran,mharris@gmail.com,604-541-5920,2021-09-18,58,Male,Melendezville
348,Calvin Baker,hayseric@gmail.com,695-562-6646,2020-10-11,57,Female,Port Alexandriaton
349,Zachary Foley,hflores@gmail.com,642-876-3951,2022-03-25,65,Male,Port Kaitlyn
350,Crystal Pineda,lindsay14@gmail.com,813-289-9422,2020-03-29,26,Female,Amberberg
351,Anna Reed,christophersnyder@gmail.com,392-868-8389,2023-11-13,36,Female,Ramirezhaven
352,Leonard Sanchez,qgardner@gmail.com,855-746-0593,2023-09-14,21,Other,West Travisburgh
353,Roger Hopkins,manningwilliam@gmail.com,484-698-8849,2022-08-13,38,Male,Johnside
354,Brian Ryan,kmoran@gmail.com,909-552-9921,2023-12-17,24,Male,East Robertmouth
355,Shawn Hall,gallagherwilliam@gmail.com,903-730-3088,2021-08-06,20,Other,Cannonborough
356,Donald Velazquez,heatherbarnes@gmail.com,805-811-3865,2023-03-16,28,Male,Port Jared
357,Bobby Johnson,qkrause@gmail.com,935-538-8286,2022-01-07,62,Other,New Guyside
358,David Powers,ureynolds@gmail.com,972-461-7034,2021-02-20,49,Female,Kellymouth
359,Maria Dunn,uanderson@gmail.com,832-873-7270,2021-02-02,62,Male,Martineztown
360,Christian Hall,janet09@gmail.com,402-296-5781,2020-07-03,18,Female,Elizabethhaven
361,Nathan Sullivan,uclark@gmail.com,594-373-8394,2021-02-10,33,Female,West Natasha
362,Douglas House,natalie76@gmail.com,896-692-0096,2023-04-13,42,Female,Lake Christinaburgh
363,Ashley Taylor,heather81@gmail.com,430-386-9583,2022-08-10,58,Male,West Jessica
364,Stephanie Fuller,fitzpatrickkelly@gmail.com,284-786-9176,2023-10-30,20,Female,Adamsburgh
365,Malik Torres,mariajohnson@gmail.com,380-980-9131,2023-10-20,65,Male,Anthonyberg
367,Victoria Burton,kimberly79@gmail.com,312-884-3819,2023-12-25,38,Male,East Albertview
368,Michelle Sanchez,holly69@gmail.com,459-922-8293,2024-06-07,39,Female,South Michaelview
369,Leslie Jones,nriddle@gmail.com,749-533-1677,2023-05-01,21,Male,South Jamesmouth
370,Stephanie Kim,davidsherman@gmail.com,520-795-5242,2024-02-12,26,Other,Williamside
371,Gabrielle Myers,annamacias@gmail.com,965-437-3274,2021-06-06,34,Other,New Carriechester
372,Michael Wood,powerserika@gmail.com,202-747-9213,2020-06-11,46,Female,Cannonmouth
373,Erica Robinson,castillolynn@gmail.com,461-837-2745,2021-02-09,55,Other,South Patricia
374,Michael Beck,shortmary@gmail.com,992-387-2084,2021-03-27,44,Other,Port Anthonyland
375,Craig Mccoy,kperez@gmail.com,527-452-8987,2022-05-12,46,Other,Lake Blakeshire
376,Grace Wilson,davidwerner@gmail.com,223-348-1065,2021-07-24,40,Male,West Kennethfort
377,John Brown,dannyjames@gmail.com,555-332-0810,2023-06-16,54,Female,Jamesview
378,Brittney Holmes,debra27@gmail.com,395-979-3238,2020-12-31,49,Other,Millerview
379,Michael Scott,parkerandrew@gmail.com,776-350-4793,2020-03-24,34,Female,New Natalieberg
380,Mathew Black,davidponce@gmail.com,627-902-9576,2024-09-17,53,Male,Nathanielland
381,Melinda Bridges,icosta@gmail.com,828-433-8118,2024-01-14,62,Female,East Spencer
382,Brett Knight,rodriguezsamantha@gmail.com,853-597-7477,2024-07-30,28,Male,Jamesfurt
383,Lisa Dean,nicole67@gmail.com,599-430-6644,2023-03-01,47,Female,West Dianefurt
384,Donna Davis,burtoncrystal@gmail.com,325-403-2283,2021-06-23,32,Other,Colonview
385,Sean Day,xjacobs@gmail.com,521-554-0580,2021-01-24,18,Female,Grayfort
386,Mandy Grant,jamesgarcia@gmail.com,247-846-8733,2023-10-02,19,Male,Lisaberg
387,Rebecca Burke,juanfrazier@gmail.com,468-546-3254,2021-02-22,23,Other,Armstrongville
388,David Boyd,chenalyssa@gmail.com,317-648-6598,2023-01-24,18,Other,Eriktown
390,Bridget Huffman,bjohnson@gmail.com,521-666-7101,2020-03-22,51,Other,Patrickberg
391,Maureen King,amymcdaniel@gmail.com,468-865-5818,2021-11-14,18,Female,Jessicamouth
392,James Cabrera,pbennett@gmail.com,594-914-4328,2022-05-03,42,Female,East Jennifermouth
394,Karen Riley,kristin11@gmail.com,938-308-9766,2020-04-29,55,Other,Katherinefurt
395,Cynthia Brown,cbarnett@gmail.com,298-793-1980,2021-06-22,35,Other,Stephanieburgh
396,Jose Harris,pphillips@gmail.com,517-309-1403,2021-05-14,28,Other,North Richard
397,Johnny Silva,zbryant@gmail.com,620-892-6304,2024-07-10,39,Female,Drakemouth
398,Erica Mcgrath,johnsonjeremiah@gmail.com,708-826-6683,2023-01-17,28,Male,South Michelle
399,Angela Mathews,farrelljessica@gmail.com,693-777-4439,2023-11-22,50,Female,Victoriafurt
400,Stephen Porter,jorge32@gmail.com,615-605-3070,2021-02-23,60,Other,New Michaelberg
401,Kevin Williams,micheleramos@gmail.com,863-587-0972,2020-10-18,37,Male,Jimenezfurt
402,Cynthia Rodriguez,hfrancis@gmail.com,508-305-1593,2024-09-10,57,Male,Port Kristie
403,Angela Steele,zdiaz@gmail.com,949-963-4465,2020-12-18,55,Male,Lake Michele
404,David Murray,zharvey@gmail.com,665-946-3205,2023-03-01,65,Male,East Gregory
405,Kristin Alexander,juan70@gmail.com,469-712-3129,2021-02-11,51,Male,Laurenhaven
406,Tracy Kane,perezandrew@gmail.com,294-630-0660,2022-07-22,41,Female,Brownstad
407,Ronald Nichols,tayloredwards@gmail.com,242-322-4683,2022-01-11,33,Male,Lake Jonathan
408,Benjamin Miller DDS,tara74@gmail.com,843-480-4412,2022-07-31,28,Other,South Jacquelinefurt
409,Jessica Smith,gmartinez@gmail.com,800-868-7502,2021-05-23,33,Female,Gregoryland
410,Tami Clark,candicebaker@gmail.com,757-292-5534,2024-03-25,43,Other,East Sandraburgh
411,Aaron Shepherd,andrea83@gmail.com,950-930-9963,2023-03-28,27,Male,North Edwin
412,Jose Hansen,zacharymiller@gmail.com,555-390-9020,2023-09-28,64,Female,East Rodney
413,Nicole Hall,melissa97@gmail.com,879-533-9783,2020-06-28,49,Other,Danielview
414,John Alvarez DDS,michellemcdonald@gmail.com,994-568-9024,2023-02-20,49,Male,Pachecoton
415,Justin Meyers,christopherhenderson@gmail.com,334-732-8164,2020-06-18,42,Other,Port Edwinton
416,Eric Jones,cookkayla@gmail.com,374-743-2804,2022-11-29,30,Male,Hudsonmouth
417,Adam Parks,derricksaunders@gmail.com,409-734-1977,2022-05-17,47,Female,West Reginaldfurt
418,Kylie Williams,michael03@gmail.com,-10-178-,2021-11-28,65,Male,West Jeffrey
419,Antonio Stewart,peter78@gmail.com,366-582-5134,2023-01-04,21,Male,Simmonsside
420,Mark Montgomery,carpenterdonald@gmail.com,759-586-4021,2021-06-28,31,Other,Debrastad
421,Kevin Coleman,yjohnson@gmail.com,851-436-9630,2023-07-18,47,Other,West Patrick
422,Latasha Hall,lambertbrian@gmail.com,283-665-3705,2022-12-16,30,Other,Stephanieberg
423,Julian Jordan,goodjoseph@gmail.com,532-270-9799,2023-12-16,24,Female,New Patriciaborough
424,Jocelyn Taylor,amanda59@gmail.com,284-650-8579,2024-01-05,28,Other,Toddland
425,Michelle Hughes,heathrobert@gmail.com,930-537-0025,2024-01-17,30,Female,Maysshire
426,Colton Zimmerman,williamsanthony@gmail.com,402-711-6659,2022-01-04,33,Female,North Sheenaville
427,Crystal Bailey,pattersondeborah@gmail.com,761-445-6270,2022-04-06,37,Male,North Jade
428,Isaac Pace,wwatson@gmail.com,319-938-4314,2022-04-18,38,Female,North Manuelborough
429,Miss Rebecca Brooks MD,boydjesse@gmail.com,300-575-1961,2020-03-28,38,Other,Lake Amber
430,Joseph Cooper,joanboone@gmail.com,402-990-4952,2022-07-05,59,Female,Lake Jennaview
432,Nicholas Mendez,moniquewashington@gmail.com,637-335-4724,2023-12-06,22,Other,Weberborough
433,Jerry Pope,kellison@gmail.com,473-962-0823,2023-06-30,51,Other,Isaacfort
434,Angela Smith,patriciadrake@gmail.com,514-687-5398,2020-07-17,40,Female,Shawside
435,Michael Zamora,mgill@gmail.com,706-812-6191,2021-06-04,32,Other,Danielland
436,David Moran,marcuspatel@gmail.com,216-678-3987,2022-06-05,53,Male,South Jordan
437,Jessica Smith,samuel53@gmail.com,513-497-9593,2024-04-08,46,Male,Jacobberg
438,Maria Harper,perryjessica@gmail.com,408-544-9980,2020-01-16,63,Female,Dodsonmouth
439,Brian Gonzalez,rosecollin@gmail.com,905-663-3851,2023-05-18,63,Other,West Wesley
440,Henry Kline,staceyho@gmail.com,234-913-1083,2020-03-10,18,Other,Mcmillanborough
441,David Villa,smoore@gmail.com,360-754-5064,2022-04-03,39,Female,New Ryanville
442,John Espinoza,loweryeric@gmail.com,804-868-5253,2021-07-14,65,Male,North Jessica
443,Melissa Ramirez,eburns@gmail.com,944-649-5864,2020-12-17,42,Female,North Brendabury
444,William Wilson,wchambers@gmail.com,304-345-0526,2020-02-23,19,Female,Stevenstad
445,Kimberly Steele,mbeard@gmail.com,686-420-6946,2022-10-19,39,Other,Lake Charles
446,Allison Brady,maxwell48@gmail.com,805-848-8191,2022-04-13,42,Female,New Johntown
447,Janet Smith,coltonfrederick@gmail.com,302-406-8000,2020-12-11,39,Female,Grayville
448,Austin Johnson,forddonald@gmail.com,427-725-4381,2022-02-22,45,Male,East Johnshire
449,Wendy Pittman,ojordan@gmail.com,989-627-1457,2020-12-04,38,Other,East Joan
450,Courtney Lopez,kingmelissa@gmail.com,263-912-1319,2023-12-25,22,Male,New Michellefurt
451,Jonathan Patterson,valentinetimothy@gmail.com,730-869-6666,2021-11-16,25,Female,Jeffreybury
452,Jessica Fletcher,fschultz@gmail.com,427-337-8120,2021-07-11,37,Female,Danielletown
453,Lindsey Arnold,iallen@gmail.com,944-524-4560,2024-07-27,43,Female,Lake Elizabeth
454,Jessica Gross,cynthia15@gmail.com,562-713-5215,2024-08-22,58,Female,New Jason
455,Adrian Holland,nathan44@gmail.com,923-582-2354,2024-04-05,63,Other,North Aprilstad
456,Andres Gibson,eweber@gmail.com,757-386-6811,2021-08-11,48,Male,East Karenmouth
457,Sara Smith,bmeyers@gmail.com,657-965-3580,2022-10-22,65,Female,Robertville
458,Valerie Branch,lwoodard@gmail.com,460-619-0988,2024-05-24,31,Male,New Melissamouth
459,Theresa Roach,eshort@gmail.com,251-238-8877,2022-12-04,50,Male,North Philip
461,Jennifer Ross,nrichards@gmail.com,498-410-5156,2022-06-25,32,Other,Mendezfurt
462,Christopher Hampton,scott53@gmail.com,943-562-9352,2023-01-15,25,Male,Lake Stephanieside
463,Michael Martin,lbowen@gmail.com,884-712-3303,2024-09-29,60,Female,North Sherryberg
464,John Clark,smithjim@gmail.com,220-624-9983,2023-03-12,36,Other,Lisaview
465,Tara Rodriguez,waltersheather@gmail.com,938-766-8596,2022-09-05,40,Male,New Candicetown
466,Julia George,evelyn17@gmail.com,887-502-7051,2023-05-10,54,Female,South Brendan
467,Melissa Esparza,justin63@gmail.com,224-890-3700,2021-03-07,27,Male,East Michelle
468,Karen Thomas,krista10@gmail.com,749-607-1015,2024-08-04,29,Male,Gonzalezside
469,Russell Evans,cookanthony@gmail.com,678-211-8076,2022-10-13,56,Other,East Cynthia
470,Alexis Ward,cdiaz@gmail.com,476-294-4761,2020-07-24,20,Male,Elijahfurt
471,Lisa Wu,taravelez@gmail.com,657-585-4764,2024-08-18,60,Other,Port Lancemouth
472,Joseph Jones,parsonsraymond@gmail.com,630-808-8778,2022-12-31,36,Female,Moranview
473,Janice Suarez,ginafreeman@gmail.com,928-319-9784,2021-10-21,52,Female,Caseyhaven
474,Joanne Daniels,jamestapia@gmail.com,916-581-5160,2024-08-07,45,Other,Jamesland
475,Andrew Roberts,cindyjames@gmail.com,686-950-9587,2022-08-04,65,Male,Fergusonview
476,Cynthia Ibarra,iking@gmail.com,964-917-1790,2020-03-09,53,Female,East Brandy
477,Brianna Gray,georgelawrence@gmail.com,425-980-0231,2023-09-23,51,Female,Seanfurt
478,Melanie Chapman,cunninghamandrew@gmail.com,384-368-6786,2020-03-26,63,Female,West Lauren
479,Allison Ayala,anthony33@gmail.com,942-674-0968,2024-03-19,44,Other,East Michaelbury
480,Haley Ewing,perezashley@gmail.com,302-617-9812,2024-04-08,38,Male,Natalietown
481,Shelley Robertson,brittany22@gmail.com,966-630-2908,2022-05-15,58,Male,West Donaldtown
482,Susan Rodriguez,goodwintyler@gmail.com,714-910-5301,2021-03-22,55,Other,Millerview
483,Angela Miller,jamesmeyers@gmail.com,738-332-8276,2024-09-16,36,Other,Matthewston
484,Samantha Wells,tyoung@gmail.com,487-965-8988,2024-07-19,38,Female,Lake Kelseychester
485,Benjamin Brown,harriselizabeth@gmail.com,219-557-4371,2021-11-04,40,Male,Flynnport
486,Sarah Johnson,perezalex@gmail.com,595-353-1529,2020-02-10,20,Male,East Kaitlynshire
487,Chelsea Phillips,hblackwell@gmail.com,907-204-0310,2022-10-06,32,Male,Sharimouth
488,Linda Hutchinson,tylermelissa@gmail.com,645-401-7648,2020-06-23,22,Female,Lake Philip
489,Kenneth Johnson,nicole13@gmail.com,785-593-9842,2022-05-08,18,Female,New Matthew
490,Megan Nash,dominicgardner@gmail.com,817-330-5660,2020-10-30,55,Female,Stokesfort
491,Victoria Wood,michaelharrison@gmail.com,584-548-9698,2022-06-12,25,Other,Kaylaton
492,John Williams,lopezdrew@gmail.com,940-451-2557,2021-11-22,64,Female,New Catherine
493,Michelle Kennedy,mooremary@gmail.com,213-843-4951,2020-04-11,37,Male,Lake Adamfort
494,Amber Thompson,john70@gmail.com,334-600-0736,2023-10-18,54,Male,Samuelville
495,Miguel Mcdaniel,yweaver@gmail.com,962-669-4683,2022-04-25,64,Female,Lake Charles
496,Samantha Tucker,lboyd@gmail.com,781-292-7414,2021-01-29,19,Other,Tamarafort
497,Paige Arias,brownjohnny@gmail.com,454-207-1063,2023-09-17,62,Female,Anthonyland
498,John Rangel,youngallen@gmail.com,831-919-3905,2024-09-01,38,Other,Smithstad
499,Kimberly Ellis,pgonzalez@gmail.com,284-356-5398,2020-11-24,62,Other,Jenkinsbury
500,Blake Chase,linda40@gmail.com,846-598-4940,2021-03-02,25,Female,South Shannonfurt
501,Brandon Holder,fitzgeralderica@gmail.com,521-372-0621,2023-09-28,55,Female,Lake Laura
502,Jose Miller,michaelmaldonado@gmail.com,425-565-5823,2023-08-16,19,Male,North Sheri
503,Sabrina Torres,jacobsaimee@gmail.com,838-956-2904,2022-08-27,50,Female,Port Jeff
504,William Cox,alvaradomichelle@gmail.com,217-632-6494,2024-01-20,57,Female,Traceyport
505,Veronica Berg,tina23@gmail.com,849-478-5457,2021-10-04,47,Other,New Shawn
506,Matthew Reese,millsdavid@gmail.com,771-756-4049,2023-07-01,28,Female,North Timothy
507,Caitlin Jones,meltonchristopher@gmail.com,328-468-4460,2022-04-19,62,Female,Teresahaven
508,Amy Chavez,michael38@gmail.com,396-925-9072,2020-02-26,18,Male,West Kara
509,Colin Reynolds,bergallison@gmail.com,273-234-6396,2024-07-10,29,Male,Johnton
510,Mary Horton,kathryn75@gmail.com,299-255-6087,2023-03-30,53,Female,Foleyfort
511,Francisco Rodriguez,andersonkevin@gmail.com,321-854-4117,2023-10-28,25,Male,Porterhaven
512,Denise Smith,michaelgallagher@gmail.com,281-962-0508,2024-03-04,44,Female,East Robertmouth
513,Evan Richardson,brocksheri@gmail.com,346-461-6022,2024-08-23,61,Male,North Jacquelineside
514,Philip Chavez,njohnson@gmail.com,248-833-6554,2024-02-29,25,Male,Stuarthaven
515,George Thompson,pennybecker@gmail.com,206-843-2850,2023-12-05,28,Male,East Mirandaberg
516,Natasha Mays,toniandrews@gmail.com,255-272-9225,2023-07-31,64,Female,North Davidport
517,John Benson,rachel76@gmail.com,597-533-9523,2022-04-08,41,Other,East Michael
518,Christopher Fletcher,williamstasha@gmail.com,657-371-9397,2024-03-05,31,Female,West Amanda
519,Alicia Davis,zconner@gmail.com,956-861-8989,2020-03-11,51,Male,Phamborough
520,Derrick Hall,utate@gmail.com,626-501-3238,2022-07-12,24,Male,Fowlermouth
521,Billy Jefferson,samantha41@gmail.com,942-650-8158,2020-12-14,53,Male,Youngville
522,Molly Miller,tina07@gmail.com,496-723-5966,2023-07-03,21,Male,Robertsview
523,Anna Weeks,aroach@gmail.com,390-440-4058,2022-02-28,58,Other,East Hunter
524,Calvin Munoz,perryzachary@gmail.com,622-226-9490,2021-04-02,52,Male,Kristinashire
525,Alexis Mendez,morrisjesse@gmail.com,755-254-4191,2022-11-30,44,Other,Morrisbury
527,Carol Wheeler,wvang@gmail.com,284-511-3020,2021-03-18,51,Female,New Margaretshire
528,Whitney Nicholson,moraleslogan@gmail.com,398-522-7805,2020-11-23,48,Other,Turnerview
529,Mary Robbins,tdunn@gmail.com,437-368-3305,2024-02-19,45,Other,Jamiefort
530,Arthur King,bowersjessica@gmail.com,481-563-3091,2024-06-18,39,Female,East Nicole
531,Randall Colon,cramirez@gmail.com,669-511-3920,2020-05-13,18,Other,Lucasfort
532,Nicholas Tanner,mirandasmith@gmail.com,521-878-7479,2020-03-24,58,Male,West Theresa
533,Samantha Saunders,martin32@gmail.com,386-509-0815,2022-05-12,22,Other,Jamieport
534,Joshua Wood,ianvelez@gmail.com,867-388-5689,2023-03-14,42,Male,Martinezburgh
535,Amanda Miles,msilva@gmail.com,441-826-7507,2020-12-15,50,Female,Lake Jaymouth
536,Keith Bowman,veronica81@gmail.com,695-564-0771,2020-11-09,41,Female,West Angelaberg
537,Kyle Roberson,george22@gmail.com,986-439-1316,2023-01-29,53,Other,Susanmouth
538,Amy Duran,leechristine@gmail.com,282-202-7213,2023-03-10,36,Other,Morrisberg
540,Tricia Johnson,finleydavid@gmail.com,365-707-1430,2024-07-08,18,Male,Angelastad
541,Savannah Cook,scortez@gmail.com,668-366-0394,2023-10-12,50,Female,Bellside
542,Patricia Mason,emurphy@gmail.com,653-722-9081,2021-02-17,22,Male,South Hannahport
543,John Serrano,kathryn90@gmail.com,930-262-9698,2022-05-21,36,Female,New Angelaville
544,Amanda Smith,anthony78@gmail.com,605-570-2225,2022-12-10,22,Male,New Rebeccaburgh
545,James Costa,ogibbs@gmail.com,832-726-7561,2020-10-19,59,Other,Rebeccabury
546,Steven Hudson,tiffanybradford@gmail.com,508-369-3806,2024-05-21,43,Other,Lake Christopher
547,Kelsey Mayer,cschultz@gmail.com,899-920-9734,2020-08-20,54,Other,Jenkinsbury
548,Shane Lee,ashley74@gmail.com,824-958-8101,2022-10-17,38,Other,Port Eddiemouth
549,Victor Gomez,michael41@gmail.com,200-542-1432,2023-12-31,58,Male,Gallowayborough
550,Michael Best,kiddkatherine@gmail.com,491-660-2614,2020-08-17,50,Male,Smithville
551,Christopher Martin,holly36@gmail.com,743-998-2474,2020-03-12,46,Other,West Kimberlymouth
552,Stephen Simmons,michael00@gmail.com,361-974-4392,2021-11-28,32,Male,Adamstown
553,Jessica Walker,rroberts@gmail.com,400-255-9412,2021-07-09,33,Female,Kaylaville
554,Teresa Owens,christy65@gmail.com,365-381-7341,2020-05-23,36,Female,Lake Travisside
555,Dr. Regina Pierce DVM,hrivera@gmail.com,228-799-4088,2024-07-03,25,Male,Whitakerstad
556,Jeremy Blanchard,monroejoseph@gmail.com,470-623-3611,2020-08-30,53,Other,Hicksberg
557,Samantha Mejia,heatherwilliams@gmail.com,930-804-5903,2024-05-09,46,Male,New Brandonstad
558,Kristen Nguyen,edward59@gmail.com,761-776-7900,2020-11-29,34,Female,East Morgan
559,Aaron Hernandez,timothyschmidt@gmail.com,892-817-5858,2022-10-18,27,Male,Rangelview
560,Jennifer Foster,hayneserica@gmail.com,963-207-6973,2020-07-13,57,Male,North Scotttown
561,Isaac Harris,xreyes@gmail.com,548-399-9155,2022-03-06,65,Male,Dawntown
562,John Nguyen,alexandriabennett@gmail.com,818-305-3979,2024-04-16,43,Male,Kerrmouth
563,Marie Golden,jamesleonard@gmail.com,869-559-7673,2020-03-30,27,Other,Port Rachel
564,Matthew Smith,carneyjill@gmail.com,213-768-5508,2024-09-22,57,Other,Dayberg
565,Alicia Young,julie08@gmail.com,293-460-0232,2021-03-22,56,Male,West Jenniferchester
566,Bill Smith,hodgesallen@gmail.com,454-994-0708,2022-08-27,35,Female,New Matthew
567,David Clark,robinsonjames@gmail.com,586-602-2088,2023-01-31,31,Female,Robertoberg
568,Ryan Conley,josemoore@gmail.com,314-409-8108,2021-04-02,40,Female,Langfort
569,Antonio Woods,kathryn31@gmail.com,696-600-6653,2024-02-07,43,Male,East Martinburgh
570,Daniel James,nmoore@gmail.com,350-552-0066,2020-07-12,24,Male,Lindachester
571,Sarah Evans,sandra56@gmail.com,840-263-4301,2021-02-21,21,Female,Reidborough
572,Danielle Herman,marcus48@gmail.com,885-962-8942,2020-06-08,40,Other,New Alex
573,Eric Smith,rmaxwell@gmail.com,476-431-8695,2020-08-25,36,Female,North Jeffreystad
574,Ashley Copeland,daviscody@gmail.com,751-337-2764,2023-07-28,40,Female,Chambersberg
575,Michael Robinson,sheajamie@gmail.com,269-823-6354,2022-08-15,36,Male,Shawnview
576,Jerome Valentine,nicolethompson@gmail.com,659-839-7565,2023-07-05,63,Male,New Patriciabury
577,Jeffery Peters,rebeccapacheco@gmail.com,810-914-6748,2021-08-04,52,Male,South Kevin
578,Michael Travis,williamsgary@gmail.com,719-203-0518,2023-02-27,28,Other,Lake Robert
579,Stephanie Hall,pearsonerik@gmail.com,756-512-5037,2021-06-11,55,Male,North Isabelton
580,Krystal Young,jacobwilson@gmail.com,926-367-5771,2021-08-07,21,Male,Walshton
581,Katherine Reyes,ashley64@gmail.com,945-253-9337,2021-07-16,52,Other,Briantown
583,Anthony Smith,conleymichelle@gmail.com,576-612-1972,2020-05-15,47,Other,South Maria
584,Daniel Cunningham,andre37@gmail.com,590-615-9385,2020-06-19,42,Male,South Joseph
585,Jordan Diaz,hgonzalez@gmail.com,344-459-8204,2023-01-06,63,Male,Taylorland
586,Mr. Michael Ferguson,qlogan@gmail.com,200-866-9838,2022-07-17,52,Female,Port Johnberg
587,Brittany Harris,edward54@gmail.com,329-721-5752,2023-08-14,54,Female,Dixonfurt
588,Joshua Myers,mwilkins@gmail.com,779-294-2471,2022-08-22,26,Male,Port Taylor
589,Dennis Nelson,victor28@gmail.com,955-331-4246,2022-05-15,33,Male,Nathanstad
590,Sarah Jones,joshua03@gmail.com,350-665-9447,2021-02-01,26,Male,Port Ashleyburgh
591,Emily Graham,sierrashaffer@gmail.com,216-579-5896,2021-12-02,39,Female,Crawfordshire
592,Cynthia Small,richardwilliams@gmail.com,905-432-0086,2021-12-17,32,Male,West Nicole
593,Robin Mcconnell,clarkrichard@gmail.com,842-621-2515,2021-09-25,35,Male,New Jesusmouth
594,Richard Diaz,jandrade@gmail.com,246-968-5870,2022-11-06,29,Female,South Rebeccastad
595,Jacqueline Haley,mjohnson@gmail.com,832-849-8486,2022-01-06,46,Male,New Jenniferland
596,Mario Alvarado,lisakhan@gmail.com,825-898-0180,2020-12-01,64,Female,Silvastad
597,Miranda White,htaylor@gmail.com,327-844-8813,2024-09-29,58,Other,Mariahshire
598,Jaclyn Garner,carterjustin@gmail.com,905-874-8368,2023-05-22,38,Female,West Joseph
599,Cathy Shields,anthonysmall@gmail.com,861-480-0393,2020-11-01,56,Other,North Mary
600,Patricia Brown,richkayla@gmail.com,398-524-9559,2022-01-11,26,Female,Cartershire
601,Brooke Sellers,christopher55@gmail.com,699-260-2325,2021-07-13,21,Male,North Megan
602,Jessica Ford,edwardthompson@gmail.com,518-208-7938,2021-05-25,33,Male,North Jessicabury
603,Veronica Gardner,tonyahobbs@gmail.com,254-507-6321,2022-07-07,59,Other,Kylemouth
604,Dana Santiago,carla43@gmail.com,265-690-7213,2022-03-19,34,Female,Tiffanyburgh
605,Sheila Baker,megan92@gmail.com,284-654-5260,2022-05-02,31,Female,South Arthur
606,Victor Peters,lovejoseph@gmail.com,575-708-3006,2021-01-13,43,Female,Weaverland
607,Samuel Smith,ingrambrett@gmail.com,743-499-3628,2021-12-16,33,Male,Loriport
608,Timothy Stevens,idean@gmail.com,762-401-8575,2023-04-13,27,Male,Bonillaton
609,Mark Rivera,kbowen@gmail.com,898-454-3699,2021-09-06,45,Female,Parksberg
610,Richard Melton,benjaminharris@gmail.com,274-515-3680,2023-05-29,61,Female,Robertmouth
611,Darrell Miller,clineamy@gmail.com,802-369-7070,2023-11-29,53,Other,South Crystalshire
612,Shane Wall,nicolealvarado@gmail.com,628-565-5124,2023-06-16,38,Male,Joneshaven
613,Christine Hawkins,william14@gmail.com,263-943-6118,2022-12-03,24,Female,Lake Ritaside
614,Michael Hoffman,daniel86@gmail.com,235-261-8134,2022-06-11,35,Male,Hernandezside
615,Alexis Pitts,breanna06@gmail.com,390-860-3545,2022-06-25,24,Female,South Thomasfort
616,Taylor Gonzalez,hhess@gmail.com,694-602-9219,2021-06-23,59,Other,Port Sara
617,Donna Myers,martinjames@gmail.com,611-494-7124,2024-03-27,49,Female,West Kylehaven
618,Kimberly White,brownamanda@gmail.com,628-648-2978,2021-03-06,47,Other,West Eddietown
619,Andrew Chan,ginaclark@gmail.com,401-710-6612,2020-08-07,23,Male,Robinsonmouth
620,James Alvarez,megan34@gmail.com,933-461-2965,2020-05-15,35,Male,South Christinafort
621,Renee Hernandez,katherine85@gmail.com,242-934-2040,2020-10-20,61,Other,Lake Johnberg
622,Paul Fowler,kimberly37@gmail.com,704-971-6818,2020-10-05,31,Male,Laurieborough
623,Matthew Morton,anthonywhite@gmail.com,543-473-7725,2022-05-23,26,Female,Michelleview
624,Erin Campos,roger04@gmail.com,239-503-9357,2024-07-25,36,Female,Julialand
625,Zachary Pham,lori40@gmail.com,854-330-6951,2024-06-09,44,Other,East Ralph
626,Terry Serrano,tami49@gmail.com,211-386-3439,2022-10-20,30,Male,Alicialand
627,Carol Fisher,hwalter@gmail.com,310-809-8603,2020-05-14,55,Female,West Richardfort
628,Mary Malone,tricia63@gmail.com,689-453-4128,2022-06-05,31,Female,South Robinberg
629,Johnny Dean,fbaker@gmail.com,713-270-4148,2021-06-18,53,Female,Tiffanyview
630,Tyler Vance,henryrodriguez@gmail.com,889-725-4566,2023-12-09,36,Male,Taylorland
632,Faith Boyd,pstewart@gmail.com,511-444-3538,2021-12-13,44,Male,Taylortown
633,Stacy Sanders,ioconnor@gmail.com,731-739-1976,2024-07-20,59,Female,South Christinaton
634,Cynthia Thomas,estradacarol@gmail.com,899-275-4977,2024-08-31,36,Female,Dorseystad
635,Daniel Key,davidmiller@gmail.com,622-397-6471,2024-08-08,49,Other,Johnbury
636,Sabrina Mitchell,taylorjason@gmail.com,546-734-7701,2021-11-23,20,Other,Kevinland
637,Mary Orr,daniel90@gmail.com,594-802-8600,2022-09-25,26,Other,Cristinaberg
638,Johnathan Lee,arthur13@gmail.com,903-682-2230,2020-09-03,44,Female,Michaelview
639,Christina Johnson,tmyers@gmail.com,813-331-0868,2023-09-22,23,Female,Jenniferbury
641,John Russell,eddie56@gmail.com,912-217-2298,2022-09-18,35,Female,Pageland
642,Jonathan Ross,silvaclaudia@gmail.com,313-842-0225,2023-10-07,64,Other,Joshuastad
643,Adam Ward,joshua52@gmail.com,903-384-0607,2022-09-21,65,Male,Christinemouth
644,Carl Bowman,morganlaura@gmail.com,949-976-8521,2020-08-29,34,Male,Adkinsshire
645,Brian Salinas,kellysandra@gmail.com,681-679-7589,2020-05-21,26,Other,South Markfurt
646,Cameron Brown,lewisjim@gmail.com,710-753-1244,2022-08-29,52,Male,Hatfieldchester
647,Aaron Gonzalez,brandon22@gmail.com,467-370-5352,2020-01-25,62,Male,Kellyburgh
648,Matthew Cook,williamrich@gmail.com,346-985-7264,2022-02-09,58,Female,Calvinton
649,Jennifer Lopez,julie92@gmail.com,436-212-4284,2020-03-15,27,Male,Rossborough
650,Johnny Martin,stephen56@gmail.com,339-538-7728,2022-08-23,61,Male,Lake Amandaborough
651,Joel Rodriguez,nscott@gmail.com,700-601-1349,2023-08-28,18,Male,Phillipsville
652,Donna Hoover,gonzalezluis@gmail.com,490-308-3938,2023-06-08,27,Other,Debbiemouth
653,Nathan Taylor,pottercaitlin@gmail.com,721-582-7696,2024-06-26,51,Male,New Amandashire
654,Stephanie Clark,bobby67@gmail.com,962-580-5688,2024-03-25,28,Male,Lake Margaret
655,Alejandro Myers,colleenguzman@gmail.com,847-314-4655,2021-03-17,35,Other,Cruzhaven
656,Kristi Morgan,osmith@gmail.com,890-691-9376,2020-06-15,21,Male,Samueltown
657,Kayla Anderson,tchavez@gmail.com,916-438-3432,2021-12-20,32,Female,New Christopherbury
658,Robert Raymond,iwilliams@gmail.com,984-823-7158,2022-10-20,62,Male,Lake Travis
659,Adam Schwartz,jenniferluna@gmail.com,775-769-8497,2023-06-04,18,Male,Millershire
660,Destiny Crawford,walkermichele@gmail.com,686-944-1851,2023-12-08,34,Female,Jonathanville
661,Erika Shepherd,alicereed@gmail.com,753-596-7153,2022-12-03,64,Male,Burnsborough
662,Theodore Hensley,ymcdonald@gmail.com,573-621-1957,2021-07-12,61,Male,West Scottshire
663,Brendan Hendrix,christopher04@gmail.com,657-754-8385,2024-09-01,27,Other,Hartport
664,Joshua Chambers,ihahn@gmail.com,203-904-0890,2024-01-01,33,Female,North Ernest
665,Abigail Ryan,vthomas@gmail.com,838-849-9336,2024-03-06,63,Other,Leeview
666,Dustin Rojas,john89@gmail.com,580-956-7533,2024-08-24,52,Female,Brandyside
667,Tammy Riddle,yudavid@gmail.com,655-755-4248,2020-11-05,63,Male,Rojasmouth
668,Jimmy Reilly,spierce@gmail.com,592-640-2824,2020-08-26,42,Female,Theresahaven
669,Heather Drake,carrieking@gmail.com,747-937-5016,2022-11-04,29,Male,Williamstown
671,Jose Rose,anthony88@gmail.com,880-235-7599,2020-07-06,19,Female,Michelefort
672,Heather Bray,meganbrooks@gmail.com,803-629-1048,2021-03-11,25,Other,Debramouth
673,Susan Olson,gonzalezjesse@gmail.com,944-992-0264,2020-07-26,24,Female,Lake Linda
674,Haley Johnson,scottstacy@gmail.com,738-995-8645,2024-02-04,59,Female,Lake Colinbury
675,Raymond Harrington,delgadojulie@gmail.com,273-940-3235,2021-12-28,45,Other,Tammyville
676,Tracy Adams,wjohnson@gmail.com,329-513-3661,2021-03-11,28,Female,East Christinechester
678,Toni Sanders,fshaffer@gmail.com,564-454-7628,2024-09-24,35,Other,Stuarthaven
680,Richard Sanchez,mark99@gmail.com,631-525-2168,2023-07-28,62,Other,Clarkbury
681,Shaun Mcguire,glee@gmail.com,962-690-6174,2023-03-20,32,Female,Terrellstad
682,Thomas Baird,ffischer@gmail.com,836-529-7597,2021-10-08,41,Female,Port Laura
683,Stephanie Mcclain,qallen@gmail.com,945-564-7306,2022-05-12,18,Female,South Bradley
684,Danielle Miller,cheryl55@gmail.com,756-307-2602,2020-11-08,57,Female,Jordanhaven
685,Brandon Barker,aprilsmith@gmail.com,971-595-8453,2020-12-14,56,Male,Victoriahaven
686,Gregory Beck,joseph88@gmail.com,608-210-1303,2021-09-03,63,Female,West Troy
687,Edward Gonzales,qwells@gmail.com,898-273-4737,2024-04-06,48,Other,Port Leslieland
688,Eric Brown,jonathanphillips@gmail.com,698-470-9638,2021-01-19,53,Male,Chamberschester
689,David Norton,whitneyhoffman@gmail.com,840-606-1234,2021-10-27,39,Male,Joseshire
690,Nathan Larsen,david36@gmail.com,489-421-6976,2022-05-26,33,Male,Hahnview
691,Ronald Russo,annhuff@gmail.com,689-425-0092,2021-01-23,20,Other,South Jeremytown
692,Paula Wood,patrickmiranda@gmail.com,578-775-2939,2021-01-27,62,Male,Rodriguezberg
693,Laurie Fox,carriemartin@gmail.com,420-414-4782,2023-08-13,51,Female,East Frankfort
694,Francisco Spencer,troy43@gmail.com,241-861-1194,2022-02-01,23,Male,Anthonyville
696,Raymond Roberts,katherine78@gmail.com,992-220-6002,2024-09-12,18,Female,Brandyhaven
697,Katie Wright,dean00@gmail.com,856-499-3531,2021-07-07,61,Male,Port John
698,Nicole Guzman,elizabeth25@gmail.com,576-682-0749,2023-08-18,49,Other,Drewside
699,Kimberly Hamilton,nvasquez@gmail.com,769-289-5681,2020-03-27,22,Female,East Tyler
700,John Santos,ecochran@gmail.com,544-742-0618,2024-01-04,45,Other,Prestonport
701,Patrick Thomas,michaelnelson@gmail.com,974-642-1350,2021-03-21,20,Female,Port Paige
702,Jason Welch,hernandezlori@gmail.com,725-418-6285,2022-02-27,28,Male,Walshhaven
703,Ian Benson,murphybrandon@gmail.com,369-898-5633,2022-02-27,65,Male,Lake Lesliemouth
704,Bryan Johnson,danielyoung@gmail.com,433-630-4933,2024-07-05,48,Male,Lake Julieland
705,Sean Simon,daniel78@gmail.com,677-403-2315,2023-03-02,38,Other,Deannaton
706,Nathan Carter,patrick48@gmail.com,949-580-0843,2023-07-27,20,Female,Johnnyfort
707,Kathryn Wilson,crawfordderek@gmail.com,849-529-2380,2020-07-17,41,Female,West Robertborough
708,Jerry Zimmerman,lauren92@gmail.com,561-690-6703,2021-03-28,57,Female,East Jonathantown
709,Nathan Palmer,serranomatthew@gmail.com,298-860-6925,2024-02-28,28,Male,Briannahaven
710,Michael Moore,dhowell@gmail.com,233-320-1484,2023-12-10,44,Female,East Andrea
711,Christopher Cardenas,nwhite@gmail.com,290-950-4942,2023-09-07,62,Male,Timothyhaven
712,Veronica Fernandez,emilybrown@gmail.com,223-807-0439,2022-05-08,38,Male,Port Samantha
713,Scott Moore,crios@gmail.com,929-932-7070,2022-03-11,29,Male,Davidberg
714,Joshua Wyatt,leonmegan@gmail.com,484-859-3303,2024-05-20,44,Female,Peterstown
715,Mary Alvarado,changjonathan@gmail.com,749-477-1449,2021-05-19,24,Other,East Anthonymouth
716,Jeremy Barrett,davismichael@gmail.com,221-419-4352,2020-10-30,40,Other,Ashleyview
717,Shane Howard,coltonwoods@gmail.com,977-651-1217,2022-09-15,49,Female,Lake Jessicaville
718,Cody Rivera,erica00@gmail.com,605-255-8011,2022-08-09,46,Female,Port Lindamouth
720,Patricia Jacobs,kylie79@gmail.com,559-321-0192,2022-04-18,61,Other,South Charlesville
721,Shannon Taylor,priscillapena@gmail.com,815-244-4123,2021-04-25,41,Male,Bernardton
722,Megan Miller,gchoi@gmail.com,578-875-4779,2020-03-01,60,Female,West Sheri
723,Jack Schneider,nicolasfloyd@gmail.com,229-939-3427,2023-12-04,50,Male,Lake Vickiland
724,Jennifer White,dennisharrell@gmail.com,351-837-7227,2020-12-25,40,Female,New Marymouth
725,Andrew Dyer,palmerjoanne@gmail.com,564-980-3352,2020-09-27,32,Female,Waltersport
726,Brooke Jackson,carla65@gmail.com,714-939-5222,2021-12-22,37,Female,Joanneside
727,Stacey Torres,moraamber@gmail.com,795-821-5932,2020-12-21,46,Other,Port Paulfurt
728,Regina Berger,arnoldsandra@gmail.com,465-824-7104,2021-08-30,45,Female,Jonesshire
729,Sarah Woods,ihernandez@gmail.com,262-824-0028,2021-06-03,51,Other,Brendanland
730,Krista Gonzalez,melissa13@gmail.com,397-972-5253,2021-11-21,35,Male,West Melanie
731,Joshua Grant,chad03@gmail.com,425-476-8610,2021-07-12,39,Female,Rogershire
732,Heidi Mclaughlin,nicoleandrews@gmail.com,404-907-9766,2021-01-04,26,Other,Noahville
733,Eddie Turner,davidjones@gmail.com,422-294-5073,2023-04-15,57,Male,Port Sydney
734,Chad Little,boonevalerie@gmail.com,811-505-5421,2021-08-05,52,Male,Lake Jermaineberg
735,Ronald Rodriguez,raymond74@gmail.com,227-315-2890,2023-02-10,21,Other,Lake Bradley
736,Belinda Summers,butlerkevin@gmail.com,458-986-9536,2022-10-31,18,Male,Port Melissa
737,Melissa Thomas,belindarodriguez@gmail.com,208-753-2601,2022-12-02,45,Female,Toddhaven
738,Monica Smith,robin32@gmail.com,822-990-2190,2021-02-09,25,Other,Davisville
739,Jennifer Fuller,travis09@gmail.com,584-926-9794,2021-11-24,59,Female,New Jasonbury
740,Melissa Lucas,nlawrence@gmail.com,539-483-5529,2021-12-30,19,Male,South Joseshire
741,Mark Gallegos,michaelfry@gmail.com,334-332-1204,2021-08-26,19,Male,Barnesmouth
742,Rachel Graves,danielvelez@gmail.com,-11-189-,2023-01-08,21,Male,Lucasburgh
743,Raymond Martinez,madison65@gmail.com,358-411-3908,2023-08-29,49,Female,South Eric
744,Samuel Morales,xschneider@gmail.com,922-997-2650,2022-06-29,52,Female,Houstonberg
745,Matthew Evans,msanders@gmail.com,507-208-6984,2020-05-14,40,Female,West Robert
746,Angela Ortiz,garcianicole@gmail.com,799-861-1709,2022-06-15,36,Male,Johnsonview
747,Lucas Reid,michelle68@gmail.com,596-291-4451,2023-05-24,27,Female,Levishire
748,Clayton Campbell,irodriguez@gmail.com,916-786-3994,2022-08-22,38,Male,New Hannahberg
749,Brian French,donald59@gmail.com,493-338-4762,2020-11-13,25,Other,East Mary
750,Alexander Kennedy,jordanwilliam@gmail.com,936-301-4891,2020-07-15,65,Male,Ruizshire
751,Karen Blevins,palmerpatricia@gmail.com,994-708-3807,2020-02-25,34,Other,Grahamborough
753,Brian Silva,omiller@gmail.com,578-949-1968,2022-07-23,60,Male,West Brittneyberg
754,Jennifer Ruiz,jreed@gmail.com,607-813-9315,2023-08-01,18,Other,Georgefort
755,Debbie Riggs,frazierjohn@gmail.com,679-908-9823,2024-06-20,58,Female,Davidside
756,Robert Macdonald,johnsonryan@gmail.com,865-666-6710,2024-06-22,44,Other,East Sarah
757,Jessica Vaughn,xgarcia@gmail.com,385-453-0260,2024-07-25,46,Female,Vanessaview
758,Kimberly Huff,benjaminhaney@gmail.com,274-851-6895,2023-04-10,57,Female,Katiemouth
759,Garrett Luna,tracyfrank@gmail.com,296-893-4701,2021-02-17,29,Female,Anthonyburgh
760,Debbie Mcbride,tina54@gmail.com,614-503-6337,2021-08-04,25,Other,Leeshire
761,David Vasquez DDS,rjensen@gmail.com,468-803-4654,2022-03-16,51,Other,Salinasborough
762,Anne Gregory,cherylreyes@gmail.com,450-890-1623,2021-11-26,19,Other,Davidberg
763,Robert Ward,colemanwilliam@gmail.com,269-607-4785,2023-01-26,63,Female,Lewisport
764,Kimberly Williams,renee58@gmail.com,915-676-5937,2020-03-08,25,Male,New Diamondview
765,Ashley Brown,mary98@gmail.com,549-745-7378,2024-09-18,22,Male,Allisonmouth
766,Wendy Brown DVM,gregory55@gmail.com,246-384-7636,2020-09-29,57,Male,Port Lindsey
767,Christine Anderson,monica70@gmail.com,831-235-3281,2022-06-10,18,Female,South Brittanyton
768,Antonio Benitez,rodney83@gmail.com,237-231-7490,2021-01-16,58,Other,Lake Kerrymouth
770,Carlos Johnson,samanthasmith@gmail.com,749-271-3184,2022-10-02,38,Other,Kyleshire
771,Steven Hicks,aglass@gmail.com,562-759-4511,2022-01-04,61,Female,Candacefurt
772,Norma Nguyen,sarahrhodes@gmail.com,958-347-7789,2022-10-14,44,Other,South Rebeccafort
773,Kimberly Peterson,tina67@gmail.com,798-730-1204,2021-10-07,42,Male,West Tamara
774,Jennifer Mercer,johnsonriley@gmail.com,609-223-5004,2023-02-18,38,Other,Port Robert
775,Tyler Schultz DDS,dshaffer@gmail.com,555-280-8304,2023-07-25,32,Male,Stacyport
776,John Young,barnesnancy@gmail.com,707-706-1758,2023-01-17,58,Other,Danielchester
777,Lauren Benjamin,ashleymelinda@gmail.com,881-359-3347,2024-06-05,30,Male,West Sarah
778,Terry Carter,kvaughan@gmail.com,295-913-1369,2021-01-10,24,Male,Port Alexander
779,Carla Todd,victor67@gmail.com,874-983-8725,2024-01-14,59,Male,Port Joseph
780,Lee Smith,parkerjulie@gmail.com,632-319-3215,2024-07-21,21,Female,Hectorville
781,Michael Sutton,ruben75@gmail.com,866-896-5671,2020-12-07,51,Female,Simmonschester
782,April Powell,michellewright@gmail.com,950-224-6338,2020-04-08,39,Female,Riverafurt
783,Jasmine French,henryashley@gmail.com,294-636-8396,2024-04-06,58,Female,Allenside
784,John Martinez,arellanogeorge@gmail.com,816-553-7873,2021-10-24,59,Other,Jonesborough
785,Samantha Davis,sjohnson@gmail.com,723-314-1201,2023-06-29,18,Male,South Kelly
786,Jeffrey Howell,castrokelsey@gmail.com,964-772-2174,2020-11-15,19,Other,Port Robin
787,Kristina Davies,caitlin96@gmail.com,891-952-8499,2020-10-03,65,Female,Michelleview
788,Mr. Christopher Giles,larryhayes@gmail.com,854-812-0803,2021-12-07,43,Other,Kimberlyport
789,William Olson,gail01@gmail.com,800-429-3457,2023-09-07,20,Other,Peterchester
790,Lonnie Chavez,andreamitchell@gmail.com,892-533-2217,2020-12-21,49,Other,East Christopherville
791,Samantha Wilson,brittanytaylor@gmail.com,490-505-4244,2023-10-24,45,Other,South Kimberly
792,Phillip Gonzalez,duncantravis@gmail.com,850-608-8235,2021-01-04,32,Female,Hendersonborough
793,Tiffany Fisher,ortizmatthew@gmail.com,423-926-9130,2023-12-27,60,Other,Christophershire
794,Christina Young,jesse96@gmail.com,204-500-8234,2023-08-05,51,Other,Jenniferland
795,James Mahoney,isaac13@gmail.com,543-763-6995,2022-06-23,60,Female,Holmesborough
797,Melissa Miller,scottwillis@gmail.com,572-329-9214,2022-05-06,64,Other,West Daniel
798,Justin York,tracy44@gmail.com,930-491-8197,2023-07-16,27,Male,Port Kathleen
799,Michelle Manning,wrightmatthew@gmail.com,707-833-7030,2021-10-26,26,Other,Jacksonstad
800,Christopher Martinez,mathiskrystal@gmail.com,855-736-9490,2020-04-17,64,Other,West Sylvia
801,Stephen Stewart,stevensstephen@gmail.com,512-832-0915,2023-02-15,41,Other,West Christine
802,Ashley Marks,woneal@gmail.com,787-296-5514,2020-03-04,45,Male,Lake Nicolefort
803,Megan Parker,ramosnicholas@gmail.com,892-793-5249,2020-05-16,53,Female,Cathyfort
804,Hannah Wise,marie62@gmail.com,851-472-2827,2020-02-13,39,Other,West Steveview
805,Eric Garza,krystalcarr@gmail.com,936-340-2221,2022-07-16,43,Male,Archertown
806,Breanna Thompson,udavis@gmail.com,961-609-0034,2020-02-04,61,Male,Ericaland
807,Thomas Santana,felicia50@gmail.com,268-921-8986,2021-07-04,65,Other,Lynchland
808,Travis Wall,dixoncharlotte@gmail.com,274-816-4855,2020-04-17,57,Female,New Kiaraview
809,Anita Padilla,lewisjohn@gmail.com,763-410-1812,2021-09-03,43,Male,North Ashley
810,Joseph Shaw,laurie63@gmail.com,831-479-4417,2021-07-09,44,Female,Matthewville
811,Ashley Bradley,jacquelinenash@gmail.com,629-685-9107,2020-10-21,28,Female,Lake Juliaside
812,Michael Shaw,sarahmartinez@gmail.com,550-681-1278,2024-07-10,44,Female,Elizabethview
813,Karen Jones,mgardner@gmail.com,430-853-7723,2020-08-06,32,Female,West Zacharybury
814,Sara Sanchez,lindsey72@gmail.com,719-645-9934,2022-07-17,27,Male,West Andrea
815,Danielle Young,robinsonhannah@gmail.com,645-540-1410,2021-05-28,36,Male,Larsonhaven
816,Christine Horne,lopezhayley@gmail.com,863-398-6362,2023-12-28,46,Male,South Rebecca
817,Maria Sanchez MD,browneddie@gmail.com,901-888-7477,2022-10-07,52,Male,Zacharytown
818,Rebecca Phillips,grantbrooke@gmail.com,642-831-2323,2023-09-21,49,Male,Kingmouth
819,Dwayne Munoz,brett91@gmail.com,483-446-0180,2024-08-11,37,Other,Michelestad
820,Jessica White,trodriguez@gmail.com,450-903-8742,2021-10-19,20,Male,Anthonyberg
821,Wesley Jones,dennis37@gmail.com,589-357-8874,2023-05-06,22,Female,Lopezland
822,Tracie Bryant,wiseallison@gmail.com,478-427-5224,2023-06-08,42,Male,West Robertview
823,Brian Davis,elizabethowens@gmail.com,832-755-3308,2021-09-02,50,Other,Port Williamview
824,Elizabeth Rowland,laura32@gmail.com,332-680-7193,2024-02-16,64,Other,East Lindahaven
825,Matthew Smith,gonzalezbrian@gmail.com,203-341-9781,2020-02-28,38,Female,New Stephen
826,Shelly Walker,gonzalezalbert@gmail.com,423-371-8615,2024-07-09,39,Male,Amyview
827,Kristen Watson,chelseahall@gmail.com,822-262-7235,2022-12-18,47,Other,Smithmouth
828,Carla Scott,claire44@gmail.com,825-727-9354,2023-10-03,52,Other,North Cynthialand
829,Isabel Johnson,wesleycrosby@gmail.com,521-412-1321,2021-01-15,26,Other,Millsshire
830,Kimberly Cobb,carterkyle@gmail.com,239-201-5473,2021-03-27,41,Other,West Joshuaton
831,Frank Martin,gboone@gmail.com,507-800-1896,2021-09-07,27,Female,Port Susan
832,Thomas Williams,joshua20@gmail.com,755-474-5868,2021-01-16,44,Male,Scotthaven
833,Billy Smith,nolanamanda@gmail.com,658-675-6706,2023-06-05,45,Female,Port Michele
834,Lisa Wolf,campbellbrianna@gmail.com,450-661-8495,2024-08-22,51,Male,East Christian
835,Bobby Foster,mark27@gmail.com,355-371-7273,2020-05-30,21,Female,Lindseytown
836,Gregory Garcia,hsnyder@gmail.com,718-501-2565,2024-03-15,58,Male,Mariahside
837,Bryan Pruitt,davidmerritt@gmail.com,471-907-7062,2020-11-10,37,Male,Mcbrideview
838,Gordon Smith,helen51@gmail.com,503-324-0330,2020-12-09,40,Female,East Annaville
839,Lori Dixon,rhonda04@gmail.com,493-440-2385,2021-02-27,28,Female,Coxfort
840,Thomas Campbell,houstonsabrina@gmail.com,870-794-8849,2021-09-03,63,Other,Brandybury
841,Vincent Shannon,wspencer@gmail.com,895-445-0701,2023-08-29,31,Female,Lindastad
842,Sharon Crawford,waterswesley@gmail.com,791-906-1538,2023-08-13,28,Female,Lake Krystalborough
843,Katie Griffith,joanfisher@gmail.com,297-555-8100,2022-07-28,23,Other,Wilsonfurt
844,Rebecca Brown,harrisjennifer@gmail.com,635-322-1751,2020-04-27,51,Other,Port Timothy
845,Raymond Cortez,lisafriedman@gmail.com,485-850-9083,2024-04-16,26,Male,Silvaland
846,Anthony Knight,lyoung@gmail.com,565-636-8829,2023-08-06,44,Female,Port Mathewton
847,Amy Jones,cmendoza@gmail.com,893-542-0482,2022-07-31,47,Other,Lake Chad
848,Valerie Martinez,tvaldez@gmail.com,881-337-4045,2021-12-11,44,Female,Elijahbury
849,Andrea Williams,fsanchez@gmail.com,972-727-8124,2022-11-04,29,Other,Padillaborough
850,Glenn Ferguson,melissamoore@gmail.com,449-757-4084,2021-12-08,37,Female,Barbaramouth
851,Ronald Smith,jacksonangela@gmail.com,876-604-8834,2023-04-15,38,Male,West Erikaside
852,Valerie Richardson,charles83@gmail.com,200-767-6270,2022-09-09,57,Male,Arthurview
853,Jacob Vasquez,psmith@gmail.com,412-274-1762,2022-08-24,35,Male,Williamton
854,Erin Campos,justinwilson@gmail.com,947-259-0331,2020-02-13,52,Other,South Robertmouth
855,Jonathon Montgomery,iwhite@gmail.com,873-814-1317,2023-05-25,56,Female,Santosville
856,Lisa Sutton,sonyaweeks@gmail.com,420-461-1993,2020-11-09,40,Other,Mooreport
857,Mrs. Lisa Rodriguez PhD,jeffrice@gmail.com,823-559-8385,2024-04-24,34,Male,West Jon
858,Dylan Griffin,brownjacob@gmail.com,241-322-9129,2021-01-31,29,Male,Lake Elizabeth
859,Elizabeth Beltran,richardeaton@gmail.com,368-668-3178,2021-08-16,63,Female,Lake Monicaberg
860,Mr. William Austin,samanthahorn@gmail.com,792-240-4061,2024-04-09,48,Other,North Joseph
861,Jay Lopez,ggonzales@gmail.com,805-749-3857,2020-07-05,20,Other,Bakerton
862,Shane Ross,benjamin84@gmail.com,704-694-2275,2020-09-18,40,Other,Murphyhaven
863,Justin Schmidt,erika91@gmail.com,568-887-4228,2022-04-28,59,Other,Lake Virginia
864,April Johnson DVM,schneiderwilliam@gmail.com,792-530-1238,2022-09-13,53,Female,Port Roger
865,Nicole Lewis,angelalucas@gmail.com,690-339-6580,2021-04-12,45,Female,Kirkburgh
866,James Harris,andrew99@gmail.com,709-626-3092,2022-02-07,49,Male,Hunterborough
867,Jason Washington,hodgemary@gmail.com,278-364-0296,2023-12-03,20,Other,Timothyville
868,Joseph Miller,jordankaren@gmail.com,795-337-1469,2023-08-12,19,Male,Geraldfurt
869,Randall Johnson,smcintyre@gmail.com,310-872-6399,2022-12-10,18,Female,South Jamieton
870,Karen Watkins,azuniga@gmail.com,446-325-1768,2021-11-18,23,Female,South Brenda
871,Ryan Schneider,taylortaylor@gmail.com,219-445-2274,2023-12-18,55,Other,West Brianmouth
872,Angela Noble,kevincrawford@gmail.com,999-590-9954,2024-06-22,45,Male,Christophermouth
873,Wayne Martinez,fordjoshua@gmail.com,328-410-9798,2020-12-16,45,Male,Brianchester
874,Evelyn Crosby,lopezrichard@gmail.com,927-491-7783,2024-07-03,34,Other,New Shelley
875,Craig Lewis,xhernandez@gmail.com,331-499-2866,2020-08-22,65,Female,New Stephaniebury
876,Michael Gonzalez,daniellemiller@gmail.com,467-811-4264,2020-01-23,49,Female,South Sarahstad
877,Priscilla Franco,stephanie17@gmail.com,439-603-3849,2022-03-31,48,Female,Tonyborough
878,David Johnson,triciawilliams@gmail.com,267-497-8854,2023-09-07,51,Male,Port Aaronview
879,Laura Cox,maria94@gmail.com,397-211-4222,2021-12-28,35,Female,Shaneshire
880,Jennifer Cochran,shortmarc@gmail.com,346-903-8914,2021-09-06,43,Female,Davisburgh
881,Jacob Miller,weeksmegan@gmail.com,625-510-1952,2020-02-21,55,Female,Whitneyberg
882,James Knight,lori48@gmail.com,344-683-5773,2024-08-04,61,Male,Lake Yvonneburgh
883,Meredith Carter,vmckenzie@gmail.com,946-970-2484,2022-02-23,49,Male,Edwardchester
884,Eric Villegas,hodgesbenjamin@gmail.com,386-223-8288,2022-03-11,25,Male,New Loganhaven
885,Kristine Lopez,jonesmeredith@gmail.com,654-388-1747,2023-11-21,44,Male,North Daniel
886,Wesley Yates,ashley03@gmail.com,438-542-7923,2023-12-27,49,Other,Weaverburgh
887,Michael Velasquez,terri20@gmail.com,643-971-0013,2020-06-18,56,Male,Port Hannahtown
888,Mr. Jason Diaz,kimberly22@gmail.com,359-405-6273,2020-07-07,35,Other,South Mark
889,William Hart,qwalker@gmail.com,580-886-0528,2022-06-26,49,Male,Bettytown
890,Amanda Pineda,mary02@gmail.com,999-493-2554,2021-09-20,52,Other,Charlesmouth
891,Jamie Craig,matthew84@gmail.com,455-266-4001,2020-11-11,49,Male,West Kristophermouth
892,Jessica Bennett,kimdavis@gmail.com,355-407-6592,2021-03-19,43,Male,Gonzalezbury
893,Ryan Munoz,brianthornton@gmail.com,827-317-0091,2021-03-09,47,Other,Wellsmouth
895,Spencer Wilson,amyjohnson@gmail.com,648-349-7330,2023-03-26,45,Female,Lopezshire
896,Victoria Sutton,joe52@gmail.com,677-846-3210,2024-05-17,55,Other,East John
897,Juan Smith,brucemichelle@gmail.com,336-414-3399,2022-12-02,20,Male,West Brittany
898,Amy Williams,jeffrey99@gmail.com,239-846-3743,2021-06-20,21,Other,East Danielport
899,Andrew Gonzalez,twagner@gmail.com,392-513-3313,2024-02-06,36,Female,Makaylaville
900,Amanda Clark,jessica42@gmail.com,539-893-9810,2023-07-02,65,Other,Thompsonton
901,Christy Thomas,bobbyharding@gmail.com,495-577-1710,2022-02-14,25,Female,Walterberg
902,Austin Stone,jodi40@gmail.com,972-734-3062,2024-04-14,57,Male,Fosterview
903,Steven Blake,richardbenjamin@gmail.com,935-641-5430,2021-11-17,48,Male,Lewismouth
904,Ms. Janice Meyer,danielkim@gmail.com,556-558-4534,2021-08-11,53,Female,North Heather
905,John Padilla,krausekevin@gmail.com,424-725-9088,2022-06-10,60,Female,Rodriguezfurt
906,Julie Miller,xhenderson@gmail.com,314-632-6118,2020-08-07,54,Male,North Patriciaside
907,Shawn Mcdonald,victoria52@gmail.com,684-843-1656,2021-04-27,33,Male,Garzamouth
908,Beth Ryan,tammy22@gmail.com,231-410-8300,2021-04-27,26,Other,Timothyfurt
909,Christopher Buckley,barneskaren@gmail.com,733-733-8015,2021-04-18,43,Female,Bestshire
910,Jack Newton,yrodriguez@gmail.com,842-481-9937,2022-12-11,23,Female,Petersonstad
911,Whitney Holmes,carrstephen@gmail.com,421-971-7402,2020-08-09,18,Male,North Cynthiabury
912,Shawn Gonzalez,sharpian@gmail.com,955-862-7008,2021-07-27,59,Male,West Melissa
913,Francisco West,darren65@gmail.com,594-849-1081,2023-07-03,32,Other,Thomasfurt
914,Daniel Powell,lduncan@gmail.com,618-326-0833,2022-09-28,29,Male,Ambermouth
915,Corey Rios,desireeserrano@gmail.com,620-874-5830,2023-02-17,44,Female,New Robert
916,Kelly Henry,greenmary@gmail.com,598-654-9402,2022-03-31,63,Male,South Brandon
917,Holly Burgess,khayes@gmail.com,565-265-5357,2023-10-06,65,Male,Chanville
918,Kristy Larson,jacobscarl@gmail.com,638-855-2251,2023-04-29,34,Male,South Brycechester
919,John Murphy,kellis@gmail.com,684-236-9402,2021-03-23,60,Other,Calhounfurt
920,Ruben Harrington,perezrichard@gmail.com,207-583-5505,2024-05-04,39,Other,Lake Georgehaven
921,Natalie Morales,dalton02@gmail.com,510-439-9189,2024-03-11,48,Female,Bensonbury
923,Jacqueline King,brettcarney@gmail.com,658-378-8223,2021-12-23,45,Male,Port Davidland
924,Kathryn Hill,deanjames@gmail.com,911-301-5373,2021-10-12,39,Male,South Sherry
925,Crystal Hill,patriciagrimes@gmail.com,596-810-1198,2020-05-08,45,Other,Robertborough
926,James Singleton,heatherrhodes@gmail.com,524-867-9089,2023-06-08,46,Male,New Daniel
927,Angela Wolfe,santoslouis@gmail.com,627-475-9059,2021-08-18,51,Other,Lake Andrewmouth
928,Kyle Hudson DVM,upope@gmail.com,558-216-1060,2024-08-09,55,Male,South Shelly
929,David Hall,kyang@gmail.com,557-978-9136,2023-09-18,37,Other,Melissabury
930,Aaron Espinoza,grant32@gmail.com,257-644-7604,2022-10-26,40,Other,South Lanceland
931,Nicole Jones,angeladay@gmail.com,915-324-8733,2023-01-14,63,Male,Lake Justinhaven
932,Michael Wolfe,ehernandez@gmail.com,857-294-1952,2020-11-01,43,Male,East Tiffany
933,Chris Powers,dbrown@gmail.com,477-626-8846,2020-07-05,31,Male,Port Kariville
934,Christopher Boone,john26@gmail.com,746-910-9152,2020-11-15,34,Female,East Evanborough
935,Robert Johnson,khancourtney@gmail.com,396-854-7525,2020-11-10,28,Male,Chavezland
936,Jerry Reed,lisa54@gmail.com,453-862-9455,2020-02-28,43,Female,Alfredburgh
937,Marc Roman,joe03@gmail.com,614-761-0590,2023-05-18,18,Other,Reeveschester
938,Gina Howard,kimberlydonovan@gmail.com,263-955-3568,2021-11-03,54,Other,Lake Michelle
939,Anthony Scott,alexandramcclure@gmail.com,745-761-8592,2022-04-13,52,Male,South Lindamouth
940,Daniel Taylor,dodsonwendy@gmail.com,942-588-1849,2020-01-23,43,Female,West Autumnchester
941,Timothy Brown,sandrews@gmail.com,715-909-6041,2022-07-21,18,Female,Port Christina
942,Alyssa Lam,valerie32@gmail.com,574-422-5466,2024-08-13,53,Female,Hayleyfurt
943,Beth Irwin,holly96@gmail.com,687-335-6969,2021-04-25,45,Female,Tylerhaven
944,Angela White,tpacheco@gmail.com,804-562-7012,2024-02-02,52,Male,West Todd
945,Sean Calhoun,floreslauren@gmail.com,724-571-3969,2024-08-06,40,Male,North Erinside
946,Gabriel Goodman,perezkristy@gmail.com,983-979-9842,2024-03-10,30,Female,Gouldton
947,Samantha Blair,ymorales@gmail.com,764-851-2710,2020-06-12,28,Other,South Joseland
948,Ashley James,nhansen@gmail.com,844-342-3316,2022-09-02,64,Female,Riddleland
949,Brittany Cobb,bmora@gmail.com,244-613-4916,2023-08-30,55,Female,Savagetown
950,Robert Wade,williamwalton@gmail.com,324-761-2099,2024-02-08,58,Female,Wrightberg
951,Megan Garner,john09@gmail.com,216-494-4688,2020-08-07,38,Other,Sweeneyfurt
952,Michael Meyers,zconley@gmail.com,407-901-2683,2022-07-17,56,Male,East Peter
953,Jason Mendoza,andrea57@gmail.com,460-988-2542,2020-03-13,38,Male,Jackiestad
954,Erin Williams,hamiltondeborah@gmail.com,895-977-3084,2024-02-17,26,Other,Amandatown
955,Allison Donovan,sandracobb@gmail.com,742-740-3094,2020-10-19,44,Female,Hendrickstown
956,Frank Jackson,deborah29@gmail.com,429-801-4531,2022-06-02,42,Other,Ortegaside
957,Laura Valencia,alopez@gmail.com,741-571-5638,2024-02-20,33,Other,North Troy
958,Ruth Gomez,marquezjessica@gmail.com,620-545-2889,2020-05-15,33,Male,West Jamesside
959,Debra Colon,ashley62@gmail.com,670-429-7801,2020-08-03,53,Other,Waltertown
960,Anthony Taylor,littlemorgan@gmail.com,734-424-8197,2023-06-18,57,Other,New Brettland
961,Nicole Richardson,wisejames@gmail.com,371-622-5616,2023-04-19,28,Female,Seanfurt
962,Veronica White,rogerflores@gmail.com,246-571-2713,2021-01-15,61,Male,Curtisland
963,Cindy Nicholson,daniel21@gmail.com,670-351-6915,2022-03-02,43,Male,West Matthew
964,Kristin Diaz,matthewchapman@gmail.com,351-808-6387,2024-05-27,33,Female,Jonesfurt
965,Makayla Clayton,kyle13@gmail.com,992-217-5110,2022-09-20,46,Other,Gilbertstad
966,Nathan Curtis,mirandaisaac@gmail.com,842-992-6904,2024-05-18,40,Male,Stricklandton
967,Michelle Hardy,grace65@gmail.com,895-916-4574,2021-07-24,42,Male,Greenbury
968,Traci Butler,janderson@gmail.com,572-935-2688,2022-04-10,35,Other,Leeberg
969,Andrea Day,burtonmichael@gmail.com,252-510-9535,2024-06-25,37,Female,Matthewschester
970,William Jackson,nicholsann@gmail.com,675-346-8584,2023-09-24,53,Other,Brandonview
971,Jeffrey Hawkins,masonbecky@gmail.com,370-430-5068,2020-07-24,54,Female,South Christianview
972,Barbara Swanson,lopezbrenda@gmail.com,218-738-1743,2020-03-02,25,Male,Rebeccahaven
973,Mrs. Diana Hardy DVM,brownheather@gmail.com,260-883-6162,2023-07-25,53,Other,Teresafort
974,Jessica Stark,michael03@gmail.com,889-884-5470,2024-08-04,58,Female,South Shelly
975,Tracy Mendoza,katherine23@gmail.com,696-976-6456,2020-01-03,26,Female,Waynemouth
976,Jennifer Molina,woodsmichelle@gmail.com,899-924-3292,2024-09-24,28,Female,North Debrastad
977,Jennifer Allen,eramos@gmail.com,414-565-7870,2024-05-29,54,Female,Hernandezhaven
978,Matthew Jackson,ehaas@gmail.com,217-836-2696,2021-12-23,47,Male,Lake Maryland
979,Alicia Jones,ruizryan@gmail.com,666-753-5260,2024-03-03,58,Male,Port Tanya
980,Barbara Taylor,anthonykennedy@gmail.com,749-804-6611,2022-05-27,21,Female,North Cynthiaberg
981,Mr. Paul Watson,pamela44@gmail.com,840-508-2155,2022-01-18,62,Female,Lake Jasonville
982,Kenneth Barnett,derrick07@gmail.com,520-663-5160,2021-10-07,32,Other,Daystad
983,Riley Leon,andrecallahan@gmail.com,892-324-2140,2020-04-30,56,Male,Kevinton
984,Brandon Middleton,knoxjoshua@gmail.com,704-649-0064,2021-04-18,46,Female,Birdton
985,Nicholas Anderson,kwilliamson@gmail.com,960-698-9148,2021-09-23,26,Female,Jamesburgh
986,Laura Taylor,cristinamartinez@gmail.com,998-628-9979,2022-06-30,29,Female,West Chadstad
987,Jamie Maldonado,wilkersondarrell@gmail.com,763-761-2221,2022-10-04,26,Female,Lake John
988,Robert Mcdaniel,joseph46@gmail.com,896-809-7398,2024-09-15,32,Male,New Michael
989,Steven Phillips,dawnwebster@gmail.com,447-924-7229,2023-12-20,37,Female,Warrenchester
990,John Thomas,ctorres@gmail.com,865-287-2052,2022-07-25,25,Female,Dianemouth
991,Joshua Flores,fmccoy@gmail.com,797-674-1540,2022-07-31,31,Other,Kennethbury
992,Julie Golden,larsenmary@gmail.com,794-678-3753,2022-07-01,20,Other,Abbottview
993,Kenneth Meyer,morrisoneric@gmail.com,742-242-3835,2021-11-04,21,Male,South Jamie
994,Erica Shah,brownrichard@gmail.com,312-687-4083,2020-05-25,43,Female,Chadside
995,Jessica Meyers PhD,jacksonerik@gmail.com,462-325-4626,2024-06-17,33,Female,Port Anthony
996,David Yoder,rbenson@gmail.com,534-683-1790,2021-11-19,60,Male,North Peterbury
997,Michael Harris,jasondavis@gmail.com,-10-620-,2023-11-02,63,Male,Port Tracybury
998,David Rodriguez,ibarrajoshua@gmail.com,467-761-9526,2022-07-12,33,Male,Norrisborough
999,Justin Lee,michael81@gmail.com,693-557-7979,2024-04-23,33,Male,New Duaneport
1000,Julie Mathews,deanna25@gmail.com,373-971-4321,2022-01-21,38,Other,South Stephenberg
1001,Heather Nelson,charris@gmail.com,603-829-2126,2021-10-01,63,Female,North Hector
1002,Andrea Johnson,lburns@gmail.com,209-840-9922,2020-09-22,26,Male,Antoniomouth
1003,Reginald Bailey,atkinsonjohnathan@gmail.com,950-328-5839,2023-09-14,56,Male,Pamelaport
1004,Beth Calhoun,patricia28@gmail.com,-10-204-,2022-03-16,38,Male,Pamelastad
1005,Kathryn Rodriguez,anthonytodd@gmail.com,513-277-4068,2024-02-27,27,Male,Franktown
1006,Jeffery Sanders,ibailey@gmail.com,450-217-2204,2021-07-31,35,Female,Higginstown
1007,Sheryl Walker,melaniechandler@gmail.com,212-956-5995,2020-11-21,30,Male,Michaelbury
1008,Christopher Sanchez,taylorsimpson@gmail.com,218-538-3943,2020-06-10,35,Female,West Katrina
1009,Shannon Ramos,cwood@gmail.com,782-561-9517,2023-07-15,46,Male,Donnaborough
1010,Tracy Wall,dstanley@gmail.com,813-545-5909,2021-03-19,26,Other,Robertochester
1011,Daniel Sanchez,qgarza@gmail.com,983-689-4242,2023-04-12,29,Female,Christinaton
1012,Amy Gilmore,ibautista@gmail.com,279-280-5628,2020-04-13,25,Male,New Allen
1013,Jacob Harvey,elizabeth25@gmail.com,913-526-8431,2021-09-22,35,Male,East Jaredburgh
1014,William Harrison,rmcclain@gmail.com,834-903-5776,2022-01-27,59,Female,Lopezstad
1015,Caleb Reyes,hernandezjoseph@gmail.com,444-547-5352,2022-04-12,55,Other,South Brett
1016,Chris Vaughn,nicole25@gmail.com,929-866-8159,2024-08-02,47,Other,Whitakerton
1017,Dorothy Braun,ccurry@gmail.com,470-608-9421,2022-05-06,58,Male,West Tiffanyside
1018,Meghan Andrews,lewislisa@gmail.com,437-553-7465,2022-09-28,43,Other,Emilyborough
1019,Lauren Jones,christopher78@gmail.com,493-627-9493,2022-01-01,53,Male,Malikshire
1020,Jason David,nbautista@gmail.com,989-358-4123,2020-07-07,25,Other,Andrewfurt
1021,Mary Villa,mcclainanthony@gmail.com,410-338-9021,2023-01-05,55,Female,East Laurenville
1022,Travis Johnson,smitheric@gmail.com,890-674-3738,2022-08-21,58,Female,Alexandraton
1023,Lori Palmer DVM,hreyes@gmail.com,785-385-7757,2023-04-11,50,Male,West Jennifer
1024,Melanie Gardner DDS,wsimpson@gmail.com,845-934-8636,2023-04-25,31,Other,North Angelamouth
1025,Patrick Thomas,james13@gmail.com,621-397-3119,2023-07-08,29,Female,Greermouth
1026,Daniel Austin,nmyers@gmail.com,225-872-7739,2022-09-12,19,Female,West Jacob
1027,Sandra Brandt MD,wagnersamantha@gmail.com,641-294-1718,2023-08-30,64,Male,Ryanfurt
1028,Brian Carroll,greendawn@gmail.com,680-943-6987,2023-03-23,30,Other,West Carolyn
1029,Jennifer Miller,james17@gmail.com,513-706-5378,2020-04-25,40,Other,Lake Karenport
1030,Penny Moran,thompsondonna@gmail.com,767-963-5028,2020-06-27,33,Male,New Heather
1031,Judy Bell,iconley@gmail.com,971-609-0150,2022-04-20,39,Other,Lake Nicole
1032,Alexis Vasquez,jrodriguez@gmail.com,366-462-6062,2022-11-24,61,Other,Jillfort
1033,Todd Cordova,shannonpalmer@gmail.com,574-863-6850,2023-07-29,37,Other,Hopkinsbury
1034,Richard Bauer,nicholas06@gmail.com,952-345-0324,2021-09-22,52,Male,Kevintown
1035,Kelsey Decker,lisameyer@gmail.com,311-956-9185,2022-01-08,31,Other,Wongmouth
1036,Shannon Thomas,johnathansmith@gmail.com,331-452-0139,2024-04-27,25,Female,Grayshire
1037,Sean Jones,bakerlaura@gmail.com,741-698-3803,2024-06-09,50,Female,Richardton
1038,Justin Flores,rodom@gmail.com,459-913-5246,2020-08-09,54,Other,Watsonshire
1039,James Tucker,michelle94@gmail.com,357-600-1296,2022-03-27,23,Female,Lake Douglasville
1040,Charles Wood,joel73@gmail.com,433-371-9295,2020-04-04,38,Female,Jesseberg
1041,Joy Howard,benjaminfigueroa@gmail.com,731-965-4242,2021-05-28,20,Male,Philipland
1042,Karen Roberts MD,clee@gmail.com,240-612-7573,2024-04-11,53,Male,Floydville
1043,Janet Sanchez,stephanie70@gmail.com,278-471-4652,2021-12-18,58,Male,East Scott
1044,Cameron Tran,diananelson@gmail.com,588-983-2452,2023-08-24,41,Male,Lake Hannah
1045,Angela Snyder,morriswillie@gmail.com,931-616-3501,2022-01-19,38,Female,Robertschester
1046,Cassandra Woodward,andersonjason@gmail.com,943-786-9926,2024-09-10,63,Male,East Jenniferburgh
1047,Stacy Graham,slynn@gmail.com,575-673-5589,2020-10-16,56,Female,Collinschester
1048,Tammy Sandoval,williamssandra@gmail.com,880-432-1492,2021-11-16,55,Female,Lake Mary
1050,Shannon Benton,lisahoffman@gmail.com,431-833-7662,2023-12-03,48,Female,Jameston
1051,Tyler Hamilton,cherylhuynh@gmail.com,554-259-0756,2020-11-26,64,Female,Mataton
1052,Stacie Hernandez,msherman@gmail.com,894-720-7388,2024-03-20,36,Other,Rachaelmouth
1053,Alyssa Shepard,tara58@gmail.com,245-472-5158,2020-04-28,27,Female,South Christopher
1054,Danielle Cummings,lwalker@gmail.com,422-319-6008,2023-07-25,39,Other,Jesseshire
1056,Johnny Mcguire,andrewalvarez@gmail.com,507-701-2411,2021-04-21,57,Female,Nunezbury
1057,Justin Williams DDS,nicole79@gmail.com,274-604-3018,2023-01-14,61,Male,Kellyborough
1058,Susan Nguyen,dean23@gmail.com,782-634-9787,2020-03-17,62,Female,South Amy
1059,Elizabeth Ford,qgreene@gmail.com,604-761-8030,2024-07-01,26,Other,Coreymouth
1060,Matthew Owens,daviscrystal@gmail.com,909-774-9300,2021-04-26,22,Female,South Kayla
1061,James Sweeney,briansheppard@gmail.com,884-234-1454,2023-02-20,63,Male,Port Janice
1062,Kevin English,barry92@gmail.com,384-611-3349,2020-04-25,58,Other,Lisaland
1063,Alec Hill,smithkevin@gmail.com,516-983-7543,2023-10-14,30,Other,North Michelle
1064,Jamie Jenkins,duane39@gmail.com,876-751-8460,2021-02-05,23,Female,Camachoton
1065,Amy Rivas,ryanrobert@gmail.com,565-633-9490,2024-02-06,25,Female,Allisonfort
1066,Damon Smith,keith92@gmail.com,908-709-1877,2023-04-13,32,Other,Perezberg
1067,Stacy Roy,michael43@gmail.com,864-677-3234,2024-07-29,32,Male,Kathleenberg
1069,Joshua Barrett,garciathomas@gmail.com,468-555-0565,2020-01-29,65,Male,Brownport
1070,Benjamin Garcia,popehenry@gmail.com,929-908-8181,2021-09-22,62,Male,Lake Angela
1071,Theresa Smith,james61@gmail.com,382-470-6732,2022-06-05,65,Other,Kingbury
1072,Carrie Clark,jonathan41@gmail.com,877-457-0081,2024-03-13,44,Other,Alexview
1073,Deborah Rodriguez,christy05@gmail.com,286-697-6725,2020-07-31,44,Male,South David
1074,Deborah Williams,stephanie67@gmail.com,572-471-8072,2024-02-29,49,Female,Juliebury
1075,Zachary Fitzgerald,kempanthony@gmail.com,506-745-0640,2022-10-19,38,Male,West Noah
1076,Chelsea Walton MD,woodsamber@gmail.com,461-890-2261,2022-06-20,21,Male,West Alexa
1077,Bradley Santiago,gonzalezjohn@gmail.com,911-833-0333,2021-05-01,26,Other,East Tinastad
1078,Jennifer Miller,dbartlett@gmail.com,452-824-8370,2024-02-22,39,Male,East Erinport
1079,Julie Watson,pwarren@gmail.com,971-833-9355,2021-12-27,24,Female,Odomburgh
1080,Shannon Perez,brianna03@gmail.com,501-544-1752,2022-10-03,26,Female,Victoriafort
1081,Suzanne Garcia,salasrobin@gmail.com,660-679-5141,2021-01-31,52,Female,Port Dawn
1082,Jason Swanson,benjamin04@gmail.com,770-496-2687,2021-12-25,45,Male,Watsontown
1083,Molly Christian,njohnson@gmail.com,757-645-2545,2021-04-05,60,Male,Youngport
1084,Carol Berry,sarah44@gmail.com,920-293-2742,2022-03-30,21,Female,East Mark
1085,Rachel Smith,luisvillanueva@gmail.com,760-929-6044,2023-05-25,55,Other,South Haroldstad
1086,Jonathan Barber,qjohnson@gmail.com,268-780-1819,2021-09-02,34,Other,Port Joseph
1087,Oscar Jennings,alexis63@gmail.com,441-575-8351,2020-06-18,32,Other,North Stephen
1088,Tiffany Middleton,kmurray@gmail.com,586-630-0144,2022-10-27,62,Male,East Holly
1089,Alexis Wood,roachalyssa@gmail.com,628-896-7139,2020-10-05,57,Other,New Kimberlymouth
1090,Michelle Marshall,hspears@gmail.com,707-256-2028,2022-07-21,38,Female,East Jacobberg
1091,Jeremy Burns,deborah71@gmail.com,582-293-9575,2020-10-20,29,Female,Lake Phillip
1092,Michele Anderson,jacobbrown@gmail.com,998-688-1289,2020-11-16,19,Other,Bethburgh
1093,Amber Gibson,bellnicholas@gmail.com,978-853-7684,2020-01-05,46,Other,Angelaville
1094,Megan Thompson,walterscathy@gmail.com,325-430-6599,2024-02-16,47,Other,Lake Jesseside
1095,Angela Johnson,thomaselizabeth@gmail.com,798-872-3382,2021-12-28,51,Other,Kellerberg
1096,Keith Johnson,noah49@gmail.com,285-717-5138,2023-05-24,27,Male,Jenniferside
1097,Thomas Shaw,wagnerleah@gmail.com,678-587-7114,2024-06-15,57,Female,New Christineton
1098,Melissa Briggs,bretthunter@gmail.com,519-973-6734,2023-05-26,58,Male,South Dennisview
1099,Laura Berg,jgreene@gmail.com,791-591-8636,2020-11-04,60,Female,Douglasside
1100,Richard May,cindy51@gmail.com,830-819-9260,2022-07-30,18,Female,North Michaelland
1101,Brandon Mayer,jefferysmith@gmail.com,820-551-7638,2022-03-27,37,Female,Timborough
1102,Ms. Dawn Franklin PhD,deanna48@gmail.com,794-585-7026,2021-10-10,50,Other,New Nicholas
1103,Kevin Mcbride,steven94@gmail.com,500-986-9392,2022-05-21,35,Female,Huntview
1104,Bonnie Waters,jennifer41@gmail.com,948-940-7470,2024-03-28,20,Female,North Robin
1105,Pamela Elliott,comptonshawn@gmail.com,211-685-3693,2020-04-25,49,Other,Jessicamouth
1106,Amber Clark,anthonygallagher@gmail.com,543-652-3853,2023-07-18,46,Other,Port Matthew
1107,Eric Rollins,kreyes@gmail.com,377-380-9756,2024-08-22,57,Other,Reyesfurt
1108,Shane Green,obaker@gmail.com,696-952-6115,2024-01-18,48,Male,North Alantown
1109,Justin Houston,jbailey@gmail.com,487-548-2805,2024-03-17,20,Female,Patrickfurt
1110,Victoria Torres,fcarter@gmail.com,769-671-8169,2023-10-16,61,Female,West Kevinmouth
1111,Jonathan Herrera,martinezbenjamin@gmail.com,580-825-6495,2020-09-27,59,Other,Lake Zacharyborough
1112,Lauren Wright,stephanie31@gmail.com,420-933-8490,2023-09-18,42,Female,Port Alanmouth
1113,William Price,miguellopez@gmail.com,363-906-5802,2020-03-12,61,Female,Anthonyborough
1114,Ryan Roberts,matthew52@gmail.com,929-346-9041,2022-05-17,22,Other,West Stevenfort
1116,Sarah Griffin,ericlynch@gmail.com,449-601-3976,2024-09-07,38,Female,West Kathleen
1118,Robert Ross,colonkenneth@gmail.com,690-323-5672,2024-01-04,49,Female,Austinton
1119,Charles Williams,eduardosullivan@gmail.com,201-378-7921,2020-06-02,34,Other,Foxmouth
1120,Samuel Bell,tylerrojas@gmail.com,388-267-7956,2024-03-02,21,Male,South Pamelastad
1121,Heidi Mathis,normanchurch@gmail.com,461-606-3257,2023-02-18,43,Other,Lake Susan
1122,Mrs. Kellie Bradford,wadams@gmail.com,843-702-5179,2022-01-28,40,Other,East Lisa
1123,Tara Sullivan,nicholas60@gmail.com,734-461-9066,2020-09-30,31,Female,Port Jennifer
1124,Darren Morales,longjohn@gmail.com,547-966-6698,2024-04-09,55,Other,Port Anthony
1125,Eric Brown,jroberts@gmail.com,606-332-4207,2024-01-03,43,Other,South Josechester
1126,Dawn Frazier,teresa24@gmail.com,370-834-7055,2024-06-09,31,Female,New Dawnberg
1127,Melissa Miller,ujordan@gmail.com,525-515-1157,2022-09-14,31,Other,South Shannonbury
1128,Vanessa Pineda,beckermichele@gmail.com,618-279-5750,2024-01-14,60,Female,Lake Danny
1129,Holly Lutz,alexandra47@gmail.com,262-391-2460,2020-04-25,48,Female,Lake Tylerborough
1130,Brandi Christensen,jensenpatricia@gmail.com,898-219-6970,2020-09-06,65,Other,New Shawn
1131,William Hernandez,paulaweber@gmail.com,823-335-9570,2020-10-06,47,Other,Karenfort
1132,Daniel Burns,nicoleesparza@gmail.com,330-644-0447,2023-08-20,33,Other,South Coreyburgh
1133,Jacob Mason,orocha@gmail.com,247-950-2200,2021-08-11,45,Female,Hudsonstad
1134,Rachael Campos,ojones@gmail.com,733-778-1905,2020-08-18,20,Female,Fordside
1135,Andrea George,gabriela04@gmail.com,704-259-0103,2024-10-04,47,Male,Danielmouth
1136,Alyssa Serrano,elijah62@gmail.com,505-622-7943,2020-03-29,58,Other,Michellefurt
1137,Kristen Buck,wmaxwell@gmail.com,897-549-7667,2021-08-13,29,Female,North Laurenfurt
1138,Benjamin Moore,mguerrero@gmail.com,559-764-1589,2021-07-27,29,Other,South Aaron
1139,Alex Miller,smcgrath@gmail.com,984-602-9939,2020-02-11,37,Male,New Carlos
1140,James Hardin,brobertson@gmail.com,818-455-7744,2021-03-16,52,Female,Stacystad
1141,Barbara Johnson,crystalsmith@gmail.com,717-925-3924,2024-09-21,28,Female,Reidland
1142,Heather Ashley,thomas36@gmail.com,327-926-7783,2021-06-28,24,Other,Pittston
1143,John Allen,gregoryanthony@gmail.com,584-418-9403,2023-08-19,21,Other,Caitlintown
1144,Michael Banks,erinreyes@gmail.com,647-219-9472,2023-01-22,62,Female,Dakotaview
1145,Julie Farrell,clopez@gmail.com,644-981-8418,2021-03-21,54,Female,South Barbarastad
1146,Tyler Benton,brianmartin@gmail.com,754-696-6108,2022-12-07,38,Male,Christinetown
1147,Amanda Johnson,danielle79@gmail.com,247-802-3578,2022-05-25,30,Female,Jonesfort
1148,Amy Hicks,jamesreynolds@gmail.com,824-366-5844,2020-07-30,61,Male,New Kristi
1149,Kristen Sandoval,belljason@gmail.com,947-908-2886,2022-09-06,55,Other,Lake Susan
1150,Glen Franco,rcook@gmail.com,906-722-9059,2023-04-19,56,Female,Ericahaven
1151,Rhonda Gomez,patrickhorn@gmail.com,874-447-7967,2020-02-11,27,Male,South Edwardhaven
1152,John Davis DVM,ann78@gmail.com,812-324-8269,2021-03-11,28,Other,Lake Jillfort
1153,Vincent Jones,rfischer@gmail.com,304-288-9287,2020-09-25,40,Other,Dawnburgh
1154,Julie King,hansenmatthew@gmail.com,407-488-7990,2020-12-18,51,Female,Torresborough
1155,Melissa Ward,stephanie46@gmail.com,534-888-7445,2020-04-01,35,Male,Mccannville
1156,Mr. Joshua Franklin,levinejudith@gmail.com,964-368-2250,2022-11-04,64,Other,West Matthew
1157,Michaela Johnson,yjenkins@gmail.com,577-716-8916,2020-12-25,63,Other,Skinnerview
1158,Katelyn Romero,rossrachel@gmail.com,685-731-4466,2022-01-06,44,Female,Amyton
1159,Sharon Swanson,kiarasims@gmail.com,529-724-0998,2021-11-21,41,Other,Kurtborough
1160,Jennifer Gomez,john14@gmail.com,261-487-0196,2022-03-17,32,Female,Ortizmouth
1161,Eric Ortiz,bennettjonathan@gmail.com,902-668-9138,2023-12-20,22,Male,Michaelmouth
1162,Brenda Sutton,martinezcharles@gmail.com,802-253-9521,2020-12-14,28,Male,North Scott
1163,Amber Mcbride,estewart@gmail.com,840-684-8778,2021-09-06,46,Female,West Garyburgh
1164,Nathaniel Rasmussen,angela15@gmail.com,528-297-8801,2021-10-19,45,Female,Lake Sandratown
1165,Laura Howard,franklinwilliam@gmail.com,604-585-6618,2023-11-10,47,Male,Lake Adam
1166,Julia Lawson,daniel60@gmail.com,800-992-1102,2020-05-02,62,Male,South Linda
1167,Jacqueline Byrd,emaldonado@gmail.com,856-437-5163,2023-10-31,46,Other,Hannaport
1168,William Nguyen,joneshannah@gmail.com,585-844-5433,2022-07-22,33,Male,Danielshire
1169,Laurie David,rebeccamoss@gmail.com,313-904-0046,2021-01-15,53,Female,Paulaville
1170,Jesse Morse,bthomas@gmail.com,482-999-6044,2021-08-30,34,Male,Michaelhaven
1171,Marcus West,morganbilly@gmail.com,460-525-9562,2024-06-17,23,Female,Port Jonathanchester
1172,Daniel Russell,lburke@gmail.com,982-470-6961,2021-12-14,26,Male,Oliviaburgh
1173,Derrick Meyer,sean93@gmail.com,755-733-5703,2023-02-11,31,Other,Schneiderport
1174,Michael Allen,karlacoleman@gmail.com,589-450-5246,2023-04-05,42,Female,Davidchester
1175,Melissa Chavez,thomascruz@gmail.com,539-928-3661,2023-09-24,39,Male,East David
1176,Sarah Lawrence,fescobar@gmail.com,613-516-5788,2021-09-09,54,Other,Osbornemouth
1177,Theresa Ayala,mguerra@gmail.com,636-992-4106,2022-04-28,25,Female,Davidland
1178,Kelly Joseph,mparker@gmail.com,473-527-3748,2020-01-11,24,Female,South Tracey
1179,Michele Wilkerson,nicholas98@gmail.com,913-902-9768,2020-01-11,50,Other,Lake Lauraside
1180,Mary Melendez,stanleynicholas@gmail.com,592-647-1978,2022-10-23,44,Male,Port Michael
1181,Suzanne Fields,rodriguezrobert@gmail.com,847-847-5356,2024-03-13,35,Female,New Jeremy
1182,Kelly Thornton,kennethmorales@gmail.com,795-318-3418,2021-08-03,60,Other,South Lauren
1183,Jean Jones,zmiller@gmail.com,559-865-0653,2020-04-12,55,Female,Oliverton
1185,Austin Olson,jeffreywolfe@gmail.com,987-311-0061,2021-08-04,65,Female,Spencerview
1186,Gabriel White,kaylamiller@gmail.com,866-511-3859,2021-11-22,26,Other,West Michelle
1188,Alan Stewart,taylorjulie@gmail.com,955-539-0726,2022-09-21,29,Other,Mendozashire
1189,Chase Bowen,shellyjackson@gmail.com,710-252-9370,2022-06-03,43,Female,South Crystalstad
1190,Jeffrey Carey,fgonzalez@gmail.com,220-909-3308,2023-07-11,31,Female,Lake Mariahland
1191,Gary Johnson,dmcpherson@gmail.com,835-464-2296,2023-01-21,64,Other,East Mariahside
1192,Tonya Edwards,heatherlandry@gmail.com,660-731-5471,2020-12-30,20,Female,Brownfurt
1193,Megan Woods,kelsey20@gmail.com,577-478-0742,2021-05-17,25,Male,Veronicaberg
1194,David King,thomasbartlett@gmail.com,866-550-4162,2023-03-18,22,Female,Brownbury
1195,Felicia Jones,melissapetersen@gmail.com,318-583-7083,2021-11-05,52,Male,New Michaelport
1196,Ryan Gutierrez,kaylawagner@gmail.com,258-914-8778,2022-09-03,42,Female,West Laura
1197,Edward Gill,brittney61@gmail.com,377-334-0853,2024-01-06,54,Male,Port Charlesview
1198,Eric Dalton,bensonchris@gmail.com,350-230-2711,2024-04-18,60,Other,Port Audrey
1199,Jeremy Williamson,ryanharris@gmail.com,480-705-3082,2020-12-31,49,Female,Karentown
1200,Valerie Lee,keith73@gmail.com,846-416-9812,2021-09-11,23,Male,Ambertown
1201,Arthur Hart,colecynthia@gmail.com,253-672-3676,2022-05-17,37,Other,Ryanport
1202,Timothy Gilbert,taylorkelley@gmail.com,303-687-2893,2021-12-23,29,Female,South Dianeshire
1203,Haley Orozco,kingshelley@gmail.com,943-833-0648,2022-11-01,37,Female,East Bobby
1204,Scott Martin,daniel70@gmail.com,265-204-6511,2023-08-09,37,Other,South Brent
1205,Angela Miller,westhaley@gmail.com,394-764-0881,2020-08-02,22,Male,Lake Jeffreychester
1206,Catherine Snyder,wilsonvirginia@gmail.com,249-556-6623,2021-08-07,25,Male,Stephaniefurt
1207,Oscar Johnson,harold21@gmail.com,909-758-9138,2021-10-29,25,Male,Robinsonshire
1208,Kristi Anderson,anthonygonzalez@gmail.com,699-801-6872,2020-01-13,27,Female,Robertchester
1209,Eric Moreno,deanjennifer@gmail.com,913-594-8799,2020-09-16,47,Male,West Jessicachester
1210,Joseph Dickerson,franciscomiranda@gmail.com,410-545-7185,2020-02-15,63,Male,New Mary
1211,James Wood,clintonwest@gmail.com,739-513-8679,2020-04-04,65,Female,Sanchezshire
1212,Russell Golden,jonathancarpenter@gmail.com,372-600-0030,2024-10-01,61,Female,Taylorborough
1213,Jessica Hansen,qmoreno@gmail.com,956-488-3019,2022-03-02,62,Other,North Samuel
1214,Mr. Julian Miller,lucasbrown@gmail.com,344-823-9875,2020-11-27,63,Male,New Chad
1215,Javier Kim,bradley87@gmail.com,796-964-6951,2020-01-10,51,Male,Port Amanda
1216,Jonathon Graham,djones@gmail.com,552-232-5872,2022-05-25,34,Male,Lake Heather
1217,Christina Jordan,harrissarah@gmail.com,947-394-2717,2023-03-02,40,Male,Johnathanchester
1218,Bryan Thomas,taramartinez@gmail.com,665-681-9412,2020-11-11,25,Male,Davidshire
1219,Alexis Leonard,wlopez@gmail.com,929-922-5972,2022-09-22,18,Other,Kellybury
1220,Christopher Jordan,bluna@gmail.com,973-955-3651,2022-02-19,41,Female,East Matthew
1221,Laura Woods,darryl09@gmail.com,854-472-2972,2023-12-20,38,Female,Port Kristinberg
1222,Norma Byrd,deanedward@gmail.com,415-625-2127,2020-05-05,49,Other,New Tyler
1223,Connor Martinez,myersmatthew@gmail.com,694-796-2245,2021-03-15,62,Female,Barrettland
1225,William Baker,wilsonjessica@gmail.com,881-301-8379,2021-12-06,28,Male,Normanfort
1226,Barry Reid,michaelharmon@gmail.com,856-529-1131,2022-07-29,30,Other,Maryview
1227,Gregory Sparks,wjones@gmail.com,433-823-9827,2020-05-19,24,Other,Vegastad
1228,Kellie Dixon,ashleypadilla@gmail.com,452-339-2283,2020-04-03,48,Other,South Kimberlyport
1230,Diana Anderson,scottjennifer@gmail.com,314-904-9702,2021-12-21,45,Male,Michellehaven
1231,Kendra Walker,michaelallen@gmail.com,370-835-5224,2022-02-09,36,Male,New Wendy
1232,Andrew Munoz,jburns@gmail.com,604-483-3366,2020-10-18,48,Female,Port Stephanie
1233,Gabrielle Hunter,kdavis@gmail.com,226-909-7967,2022-01-14,45,Male,Holmesside
1234,Joann Jackson,crystalrojas@gmail.com,598-631-1598,2021-08-19,26,Male,North Michael
1235,David Nguyen,bryantolivia@gmail.com,247-634-3420,2024-01-21,42,Female,Austinhaven
1236,Robert Silva,barrjason@gmail.com,509-756-5079,2022-01-25,46,Female,Newtonborough
1237,Amy Murphy,ramoscharles@gmail.com,633-754-0466,2020-08-12,30,Female,New Travis
1238,Tara Fisher,stephaniestokes@gmail.com,298-989-6848,2020-04-14,57,Other,Shaunside
1239,Sonya Jones,joshuamcclain@gmail.com,271-809-0486,2023-05-03,33,Female,New Rhonda
1240,Andrew Smith,pbaker@gmail.com,776-482-5477,2022-06-01,33,Male,Craigburgh
1241,Carlos Farrell,apage@gmail.com,326-937-1558,2021-04-03,18,Male,New Anthony
1242,Marvin Henry,kfox@gmail.com,764-254-6657,2022-08-26,60,Male,Salinaschester
1243,Kelly Greer,contrerasmatthew@gmail.com,254-503-2051,2021-05-10,32,Male,Kristinamouth
1244,Elizabeth Gonzalez,rthomas@gmail.com,559-409-1858,2024-02-25,23,Female,Heatherborough
1245,Joseph White III,bernardgibson@gmail.com,442-295-9416,2020-06-18,44,Other,East Brett
1246,Donna Hawkins,josephphillips@gmail.com,453-539-1013,2024-01-23,33,Other,Travisshire
1248,Anthony Mcmahon,maria68@gmail.com,633-876-0924,2021-03-04,51,Female,Raystad
1249,Calvin Ferrell,charles98@gmail.com,471-730-2343,2022-10-13,35,Other,West Justinfort
1250,Caroline Parrish,iedwards@gmail.com,830-534-1461,2021-07-28,51,Other,Freemanborough
1251,Mariah Johnson,cwillis@gmail.com,420-855-2197,2021-09-10,26,Other,South Williamburgh
1252,Edward Russell,melindakeith@gmail.com,997-730-7690,2024-08-23,20,Other,Scottberg
1253,Samuel Rodriguez,lisa80@gmail.com,274-462-9862,2024-06-30,45,Female,Middletonshire
1254,Joseph Schmidt,sarah74@gmail.com,750-886-0087,2024-09-07,21,Female,Carpenterberg
1255,Kevin Wilson,isabellayoung@gmail.com,920-957-4112,2023-12-13,19,Male,West Linda
1256,James Skinner,lucas98@gmail.com,985-558-7378,2021-01-14,29,Other,West Markberg
1257,Connie Gonzalez,olynch@gmail.com,694-631-5322,2021-03-06,61,Male,South Nicoleland
1258,Arthur Pierce,fbryant@gmail.com,902-691-7078,2024-09-04,18,Male,East Laurenton
1259,Brian Mills,ymurphy@gmail.com,407-663-0740,2020-07-11,21,Other,New Dawnshire
1260,Stephen Torres,dmartinez@gmail.com,311-483-7032,2024-08-20,32,Male,Morseborough
1261,Kelly Stuart,edward11@gmail.com,217-790-6162,2022-08-17,28,Male,Marioville
1262,Patrick Campbell,katherine72@gmail.com,719-874-2098,2023-12-17,39,Other,West Jenniferfurt
1263,Phillip Smith,jjenkins@gmail.com,329-837-3632,2022-11-15,39,Other,Millerberg
1264,Holly Frost,bruceadams@gmail.com,717-830-2413,2020-06-17,46,Male,West Jeffreytown
1265,Nancy Jensen,mcgeemiranda@gmail.com,826-573-4600,2023-11-26,47,Male,New Jenniferfort
1266,Jacob Melendez,elizabeth26@gmail.com,458-504-8011,2020-11-14,22,Female,New Stephanieberg
1267,Brian Clayton MD,kendrabarnett@gmail.com,802-626-4481,2020-04-15,42,Male,Port Jefferyberg
1268,Stacey Wolfe,gyoung@gmail.com,598-715-6057,2021-04-30,25,Male,Mitchellstad
1269,Jacob Robles,jeremy09@gmail.com,982-281-8690,2021-12-14,34,Other,West Micheleton
1270,Derek Avery,roger32@gmail.com,980-646-1943,2021-07-30,61,Other,South Michael
1271,Lindsay Little,crossthomas@gmail.com,685-723-3628,2021-09-24,20,Other,Tinahaven
1272,Leonard Shelton,vwatson@gmail.com,615-236-1952,2020-09-24,29,Male,Smithside
1273,Cheyenne Flores,gbenjamin@gmail.com,238-712-3917,2021-10-25,23,Female,Paulhaven
1274,Michael Santiago,taylor00@gmail.com,510-788-7701,2020-09-02,22,Female,Blanchardhaven
1275,Tammy Ruiz,cheryl39@gmail.com,648-639-6538,2022-09-25,34,Male,West Erik
1276,James Meyer,vkirby@gmail.com,373-918-7131,2023-09-19,50,Female,New Danielport
1277,Melissa Solis,michael12@gmail.com,408-996-2631,2020-12-06,18,Other,Kimberlybury
1278,Angel Brown,kelsey77@gmail.com,994-424-3565,2022-06-07,44,Female,Lake Donaldtown
1279,Adam Shepherd,gavinpalmer@gmail.com,558-588-6106,2020-05-25,35,Female,Port Jennifer
1280,Xavier Russell,richardcruz@gmail.com,943-643-1367,2021-10-16,59,Male,Nicholashaven
1281,Deborah Wood,solisgregory@gmail.com,257-714-2948,2022-02-18,30,Female,Escobarstad
1282,Adam Rivera,jfrazier@gmail.com,289-304-5832,2020-06-15,33,Female,East Shariburgh
1283,Alec Johnson,vincent59@gmail.com,528-825-8210,2021-09-08,55,Other,Port Jasonfurt
1284,Diana Young,jfranco@gmail.com,912-909-0705,2023-06-24,41,Male,Cameronbury
1285,Julie Hoffman,tcrawford@gmail.com,220-356-5145,2020-01-21,25,Female,Angelaview
1286,Kerri Vasquez,cookkaitlyn@gmail.com,462-863-8492,2020-10-15,44,Male,Farmerland
1287,Sandra Decker,dkent@gmail.com,723-246-9971,2024-09-13,35,Other,Smithmouth
1288,Joseph Silva,jessica60@gmail.com,667-572-0449,2022-12-15,64,Other,Andersonview
1289,Cynthia White,brandon92@gmail.com,415-670-1079,2023-11-19,21,Female,New Heather
1290,Aaron Collier,warddonna@gmail.com,976-300-4669,2020-11-16,57,Male,Codyfurt
1291,Kevin Lane,jennifer92@gmail.com,222-861-4026,2021-10-06,28,Male,New Jonview
1292,Charles Kirk,christylee@gmail.com,492-790-7940,2023-05-11,31,Other,South Nicole
1293,Vanessa Santiago,hrhodes@gmail.com,648-988-3078,2022-09-24,47,Male,Sheltonbury
1294,Monique Stewart,thomasfoster@gmail.com,499-726-8615,2024-05-02,30,Female,Hudsonmouth
1295,Jill Palmer,davidmorris@gmail.com,882-873-3618,2023-03-05,20,Male,Jesusside
1296,Cody Parker,reneerodriguez@gmail.com,594-911-2592,2021-11-17,45,Male,Lake Austinborough
1297,Elizabeth Mcbride,uroberts@gmail.com,438-778-5716,2021-02-02,51,Male,Johnsontown
1298,Stanley Hunter,dbrown@gmail.com,614-577-4488,2022-04-21,63,Male,Andrewfort
1299,Karen Snyder,annstewart@gmail.com,783-817-6956,2023-01-27,60,Other,North Kathleen
1300,Katelyn Harris,kari61@gmail.com,658-701-1179,2023-06-20,47,Female,Harrellport
1301,Andrew Young,martinezangela@gmail.com,684-289-5090,2022-05-28,59,Other,Mullinsview
1302,Noah Wallace,susan28@gmail.com,498-905-0857,2024-03-31,36,Male,Ericaville
1303,David Scott,bestes@gmail.com,953-687-4149,2024-03-18,41,Other,Melaniestad
1304,Mitchell Howard,robin34@gmail.com,597-316-9953,2021-06-15,45,Other,West Anne
1305,Daniel Crane,velasquezrobert@gmail.com,942-312-6035,2024-04-21,58,Male,Lake Brent
1306,Dorothy Solis,jweaver@gmail.com,967-227-7478,2020-11-06,53,Other,Juliemouth
1307,Lawrence Pearson,david08@gmail.com,688-803-6349,2023-07-02,24,Male,South Robertaborough
1309,Erika Greene,tiffanymartin@gmail.com,552-763-7787,2021-05-12,29,Female,Lake Heatherland
1310,Sandra Hoffman,daughertydawn@gmail.com,313-574-5280,2023-11-30,33,Other,East Erica
1311,Chad Figueroa,louis97@gmail.com,902-744-2184,2023-03-30,59,Male,Carrollstad
1312,Logan Mitchell MD,gina10@gmail.com,681-632-5179,2022-05-24,33,Female,East Jamesburgh
1313,Christopher Johnson,brandoncummings@gmail.com,500-252-8997,2022-09-11,41,Other,Port Jacquelinehaven
1314,Brady Price,kristitaylor@gmail.com,259-901-6389,2024-02-13,41,Male,Barbaraville
1315,Alexandra Cooper,agraves@gmail.com,281-771-5031,2020-12-28,35,Male,Sandrafort
1316,Charlene Morris,edwardsjessica@gmail.com,944-339-8606,2021-05-28,61,Male,Heidibury
1317,Timothy Underwood,ymyers@gmail.com,437-344-9738,2024-06-26,36,Male,Lisaland
1318,David Butler,ilowery@gmail.com,315-871-9724,2023-03-19,52,Other,North Jeffside
1319,David Gray,mejiarobert@gmail.com,765-545-0805,2022-07-03,61,Other,New Tammyfort
1320,Kimberly Williams,anguyen@gmail.com,594-298-4071,2021-09-12,50,Male,Lowechester
1321,Diana Crawford,michaelbrown@gmail.com,204-628-4779,2021-08-26,48,Other,Adamshaven
1322,Lisa Lewis,garrettfrank@gmail.com,897-866-8505,2021-03-29,18,Male,Lake Kevin
1323,Victoria Hayes,rachelgilbert@gmail.com,604-961-8535,2021-11-18,33,Male,Danielside
1324,Jonathan Holmes II,debramoreno@gmail.com,629-421-4609,2023-06-25,53,Other,New Stephanie
1325,Willie Brooks,pierceann@gmail.com,687-816-2924,2023-10-23,19,Male,Sarahview
1326,Rodney Lee,anthonyhall@gmail.com,213-892-4642,2024-01-14,49,Other,South Nicholasmouth
1327,Chad Robertson,fgonzalez@gmail.com,750-380-8156,2020-06-14,19,Other,New Donnaport
1328,Thomas Davis,richmondjason@gmail.com,642-874-9749,2020-09-05,22,Female,Webbmouth
1329,Stephen Trujillo,charrison@gmail.com,310-457-0442,2020-04-17,62,Female,Edwardmouth
1330,Jacob Pennington,jessica20@gmail.com,578-220-1638,2020-01-02,52,Male,Acevedomouth
1331,Lawrence Johnson,wgarrett@gmail.com,231-578-4640,2020-10-05,45,Female,Martinview
1332,David Miller,michael61@gmail.com,912-377-1895,2021-07-30,30,Male,Donnashire
1333,Emily Weaver,erica85@gmail.com,336-537-8961,2021-12-05,52,Other,South Michael
1334,Erica Anderson,sandramolina@gmail.com,469-214-5028,2024-05-30,36,Female,West Stephanie
1335,Amy Carson,jennifergoodwin@gmail.com,886-266-7203,2023-06-07,46,Male,North Lindashire
1336,Laura Hernandez,mthompson@gmail.com,506-986-4187,2022-10-03,18,Other,South Cherylshire
1337,Adam Smith,fdavis@gmail.com,403-568-1383,2022-08-31,27,Male,West Andreabury
1338,Katrina Reed,danadyer@gmail.com,491-578-1004,2022-04-15,57,Other,West Kimberlyport
1339,Victor Holmes,michael98@gmail.com,667-431-4905,2020-01-15,33,Female,Charlesborough
1340,Dennis Torres,heathernelson@gmail.com,422-951-1429,2020-03-26,64,Female,North Candace
1341,Gloria Gonzalez,zacharymoreno@gmail.com,256-884-3055,2023-11-22,52,Female,Samuelton
1342,Jerome Herrera,fmorris@gmail.com,513-263-1475,2020-09-05,38,Other,Leefurt
1343,Raymond Moore,tammy54@gmail.com,791-281-6084,2021-01-06,57,Other,Matthewfort
1344,Joshua Flores,campbellmichelle@gmail.com,411-324-2290,2021-09-09,42,Other,Kennedymouth
1345,Linda Brown,joseph99@gmail.com,200-630-8572,2023-09-27,39,Male,Mooreborough
1346,Sylvia Sanders,jameswatson@gmail.com,743-238-6948,2020-05-09,29,Other,North Amanda
1347,Victor Lane,silvaheather@gmail.com,743-725-3777,2020-07-12,57,Female,Carlosstad
1348,Collin Phillips,warnerangela@gmail.com,728-492-9681,2021-10-28,20,Male,Patrickhaven
1349,Brenda Jones,kelleydestiny@gmail.com,271-625-3687,2024-05-12,19,Male,North Emily
1350,Frederick Jennings,dennisjennifer@gmail.com,976-418-7346,2024-07-05,22,Other,East Derrickfurt
1351,Brianna Williams,michelle20@gmail.com,454-617-9913,2022-10-29,37,Male,Caseyville
1352,Megan Garcia,rmckinney@gmail.com,434-752-7063,2021-01-08,43,Male,Annettemouth
1353,Brian Rose,erica29@gmail.com,670-374-6864,2022-08-08,25,Female,New John
1354,Mary Smith,jasonmeyer@gmail.com,907-777-0125,2024-07-18,60,Other,Brittanychester
1355,Elizabeth Rodriguez,pstewart@gmail.com,550-897-5189,2021-08-26,36,Other,North Darlenefurt
1357,Brian Dunn,elang@gmail.com,917-326-0863,2023-01-31,44,Male,Krystalton
1358,Sarah Blevins,jameshickman@gmail.com,400-958-4028,2024-09-17,48,Female,New Margaretview
1359,Karen Lewis,goliver@gmail.com,713-545-0059,2024-04-19,27,Male,North Gina
1360,Mark Johnson,danthony@gmail.com,452-245-7656,2022-07-10,39,Female,Pierceborough
1361,William Sullivan,ssmith@gmail.com,463-539-1482,2023-08-15,37,Female,North Rachelmouth
1362,Thomas Robinson,larry82@gmail.com,757-275-8720,2022-01-04,46,Female,Stephanieton
1363,Barbara Martin,martinezmary@gmail.com,868-886-7477,2020-03-28,31,Female,East Tammyfort
1364,Gabriel Moyer,rebeccasoto@gmail.com,397-654-2037,2022-06-14,25,Other,Juliahaven
1365,Mark Richardson,tgonzalez@gmail.com,251-390-2027,2024-06-16,33,Other,Hoffmanfort
1366,Thomas Mejia,katherine71@gmail.com,498-709-6502,2024-02-26,23,Female,Jamesshire
1367,Michael Wright,jefferypeterson@gmail.com,988-696-3055,2023-06-04,56,Female,Brianville
1368,Paul Cunningham,erica90@gmail.com,869-991-3490,2022-10-26,25,Other,Lake Richard
1369,Joshua Ramos,bowmandennis@gmail.com,815-650-0540,2023-12-29,63,Female,Lake Donna
1370,John Gibbs,reneebrooks@gmail.com,433-642-3995,2022-03-05,44,Female,Darrenville
1371,Alisha Taylor,xdixon@gmail.com,583-315-6752,2024-05-08,33,Female,West Kellimouth
1372,Christopher Byrd,destinymathews@gmail.com,515-201-6454,2020-11-30,44,Female,West Kimberlyview
1373,John Hartman,samuel30@gmail.com,360-686-0466,2022-09-27,33,Male,Davidsonview
1374,Edwin Osborn,dylan10@gmail.com,634-641-9029,2020-11-27,64,Female,West Jennifershire
1375,Anthony Richardson,kristi90@gmail.com,555-240-8351,2020-12-02,39,Female,Wrightfurt
1376,Julia Johnson,ebarr@gmail.com,759-963-6777,2022-02-14,19,Female,Maryshire
1377,Jennifer Tucker,vaughnbailey@gmail.com,765-503-5260,2021-05-25,63,Female,Port Timothychester
1378,Erika Ramos,olam@gmail.com,396-916-2251,2022-04-22,33,Other,North Luis
1379,Albert Gross,william95@gmail.com,480-354-6360,2021-09-13,65,Female,South Gregorymouth
1380,John Sullivan,victor02@gmail.com,610-764-2066,2021-02-10,35,Other,Carolinefort
1381,Jack Cardenas DDS,andrewjohnson@gmail.com,876-808-3670,2022-12-04,32,Male,Kellistad
1382,Sean Ford,ycooper@gmail.com,354-801-9952,2021-02-20,49,Male,Blaketown
1383,Michael Pope,leecharles@gmail.com,257-297-8924,2023-01-13,20,Male,North Valerie
1384,Brenda Little,jacobclements@gmail.com,966-528-4615,2023-08-08,64,Female,Lake Vanessaton
1385,Scott Williams,bmiles@gmail.com,281-942-5499,2023-09-15,51,Male,Davisview
1386,John Jones,bramirez@gmail.com,711-205-8864,2020-03-23,38,Male,Brandonland
1387,Jason Johnson,kelly57@gmail.com,892-866-8086,2022-04-07,51,Other,East Cynthia
1388,Jason Gill,margaret24@gmail.com,853-560-1568,2022-05-30,38,Male,Samanthafort
1389,Angela Farmer,mossjessica@gmail.com,725-890-1160,2023-04-05,22,Other,Fordfurt
1390,Paul Johnson,fbrewer@gmail.com,892-538-0806,2022-02-16,51,Other,Janicefurt
1391,Terri Navarro,uhaley@gmail.com,241-746-3543,2024-06-07,54,Female,West Bryanchester
1392,Lisa Hensley,vrichard@gmail.com,456-995-4704,2021-07-17,23,Female,Lake Ryan
1393,Karen Lawrence,jmaldonado@gmail.com,410-263-0245,2023-09-08,51,Other,West Madisonberg
1394,Dr. Alejandra Holland,carrjonathan@gmail.com,412-902-0524,2020-11-24,24,Male,Robertstad
1395,Alexander Johnston,cprince@gmail.com,225-436-3647,2021-09-16,48,Male,South Andrew
1396,Mr. Richard Mcdonald,westcheryl@gmail.com,938-930-2665,2024-09-11,61,Other,Gracebury
1397,Patty Parks,alicia13@gmail.com,895-345-2264,2020-08-27,19,Female,West Susan
1398,Rachel Rojas,markjones@gmail.com,562-643-6060,2024-02-10,59,Male,New Kennethton
1399,Andrew Snyder,scottian@gmail.com,551-723-2967,2024-04-30,43,Male,East Kimberlyshire
1400,Jennifer Bennett,michael51@gmail.com,379-598-2016,2022-01-10,60,Female,Samanthaberg
1401,Jason Morton,ramirezchelsea@gmail.com,275-988-2096,2024-06-10,51,Male,Westton
1402,Jeffrey Gardner,michael04@gmail.com,308-314-5136,2021-04-30,37,Female,West Williamland
1404,James Arnold,ihudson@gmail.com,275-203-3422,2023-12-30,29,Female,Sarahview
1405,Jeffrey Cruz,tiffany00@gmail.com,268-356-2841,2024-04-29,40,Male,East Michellechester
1406,Cody Davis,peterstimothy@gmail.com,422-759-5965,2024-09-07,19,Female,Watersview
1407,Kimberly Salinas,john70@gmail.com,609-430-2683,2022-02-06,52,Male,Ericbury
1408,Darryl Carter,salazarchristopher@gmail.com,709-589-3034,2023-02-02,50,Female,West Sandraborough
1409,Eric Valencia,rmatthews@gmail.com,723-276-0613,2022-09-13,48,Other,East Maxwellshire
1410,Samuel Combs,jonesmary@gmail.com,905-395-7189,2021-07-28,26,Female,Port Victoria
1411,Jorge Ward,edillon@gmail.com,341-435-6427,2021-02-26,21,Female,Lake Sonia
1412,Tamara Hughes,jaredsimpson@gmail.com,548-978-6363,2022-03-06,50,Male,North Lisachester
1413,Daniel Nelson,robertholder@gmail.com,635-428-0472,2020-11-10,27,Male,East Mirandafort
1414,Carmen Tran,salazarrobert@gmail.com,714-825-2880,2023-05-06,50,Female,Port Luiston
1415,Austin Conway,marydavis@gmail.com,370-346-0231,2022-05-07,41,Other,East Kristinside
1416,Nicholas Jordan,uclark@gmail.com,704-986-7189,2023-03-15,44,Male,Lake Dawntown
1417,Karen Smith,barbarafowler@gmail.com,205-983-7898,2023-07-15,27,Other,Cardenasmouth
1418,Richard Turner,robbinsemma@gmail.com,807-730-5311,2022-01-15,60,Female,New Ericside
1419,Brittany Barnes,taylor91@gmail.com,807-782-4669,2020-03-14,21,Female,Port Adamburgh
1420,Gwendolyn Kline DVM,kellymisty@gmail.com,752-599-8514,2023-07-24,22,Other,Smithfort
1421,Allison Scott,duffydavid@gmail.com,607-959-0880,2021-11-10,20,Male,Carolineville
1422,Brian Fuller,pcameron@gmail.com,392-579-0331,2020-08-30,27,Female,Johnsonfurt
1423,Zachary Luna,taylorjacqueline@gmail.com,874-241-0957,2024-04-19,36,Female,West Barry
1424,Donald Marshall,susan01@gmail.com,445-708-3891,2021-10-30,37,Male,Steelebury
1425,Jesus Horne,amy35@gmail.com,351-403-0056,2023-10-09,21,Female,Wheelershire
1426,Catherine Smith,richard81@gmail.com,840-277-9622,2020-08-02,18,Male,North James
1427,Amber Robertson,leeelizabeth@gmail.com,691-948-1320,2023-02-13,49,Female,Pricefurt
1428,Jeffery Hoover,ogarcia@gmail.com,540-203-6538,2021-08-14,20,Other,Robertsfurt
1429,John Silva,sandovalteresa@gmail.com,280-290-2258,2022-12-20,27,Other,South Anthonyview
1430,Sandra Clark,danielsheppard@gmail.com,436-737-5708,2023-10-02,24,Other,New Joshua
1431,Sarah Stevens,mackcandace@gmail.com,799-374-8266,2024-03-23,57,Male,Michaelfurt
1432,Clinton Booth,daniellerobinson@gmail.com,827-318-9166,2020-06-03,23,Male,Cheyennemouth
1433,Tiffany Bryant,qnguyen@gmail.com,707-328-8152,2024-01-21,62,Other,North Jessica
1434,Wendy Lewis,jerrylittle@gmail.com,650-622-3970,2022-05-05,30,Male,Danielville
1435,Jessica Melendez,joseph48@gmail.com,973-630-8086,2021-02-13,53,Male,Marthaport
1436,Kathleen Parks,cassandra02@gmail.com,917-694-5727,2024-05-04,35,Male,Taylorfort
1437,David Lowe,dbates@gmail.com,834-855-5404,2020-06-21,62,Other,South Edward
1438,Robert Hanson,hokyle@gmail.com,798-371-2346,2024-07-20,46,Other,Calebborough
1439,Robin Harvey,kelly03@gmail.com,441-549-6610,2022-03-30,50,Female,North Danielfurt
1440,Kristen Cruz,pmiller@gmail.com,760-929-5287,2020-11-28,64,Female,East Amanda
1441,Heather Bowman,nancy81@gmail.com,718-513-4455,2020-02-28,19,Female,Christopherborough
1442,Peter Stephens,tannerjoseph@gmail.com,268-882-7308,2023-10-31,26,Male,Steventown
1443,Patty Lawrence,drobbins@gmail.com,495-609-8771,2020-12-25,54,Other,East Geraldport
1444,Raymond Hunt,moralesjennifer@gmail.com,624-300-3270,2024-09-28,30,Female,Saramouth
1445,Yesenia Singleton,cheyennegross@gmail.com,546-749-0809,2020-02-28,33,Female,Stanleymouth
1446,Manuel Barnes,mlynch@gmail.com,358-978-1908,2022-02-05,51,Male,Oscarport
1447,Christopher Le,pattersonjamie@gmail.com,853-880-6058,2023-03-23,51,Other,East Jimmyborough
1448,Ms. Susan Watkins,eugenesmith@gmail.com,303-576-1585,2021-10-12,48,Female,East Kristopherborough
1449,Amy Baker,david64@gmail.com,834-868-4132,2020-12-17,43,Female,Jerryborough
1450,Darrell Harrison,carla51@gmail.com,477-716-3143,2023-07-14,20,Other,West Ryanberg
1451,Catherine Jackson,matthewcole@gmail.com,227-354-2273,2023-12-03,39,Male,South Kathryn
1452,Heather Roman,tinamathis@gmail.com,819-748-8391,2024-01-27,30,Other,Lake Brian
1453,Kim Peters,lynn15@gmail.com,760-725-3685,2024-04-20,36,Male,Jessicafort
1454,Roy Flores,fullercarlos@gmail.com,671-353-5844,2022-05-16,55,Male,New David
1455,Daniel Jackson,thomasfoster@gmail.com,474-642-8390,2024-04-20,65,Female,Pageville
1456,Donna Navarro,angelajensen@gmail.com,974-964-3670,2020-05-05,19,Other,Brittanymouth
1457,Amanda Harrison,bthompson@gmail.com,855-665-1998,2022-07-02,44,Female,Smithtown
1458,Jennifer Adams DDS,dvillanueva@gmail.com,975-640-8685,2021-03-06,41,Male,Port Eric
1459,Stephanie Aguilar,castillomichelle@gmail.com,745-519-3331,2020-11-13,36,Female,Bradleyport
1460,Matthew Mckay,burnsamy@gmail.com,411-682-4388,2020-12-11,34,Other,South Gregoryside
1461,Mrs. Nina Ball,christopher39@gmail.com,794-265-8900,2024-01-15,56,Male,South Tracy
1462,Allison Doyle,daniel74@gmail.com,766-903-3465,2021-08-13,53,Female,Davidtown
1463,Stephanie Logan,barbarasanchez@gmail.com,564-714-6090,2024-08-17,30,Male,Lake Justin
1464,Nichole Bernard,rebekahbush@gmail.com,989-263-4273,2021-03-15,37,Other,North Erikaland
1465,Bailey Morrison,montgomerymichelle@gmail.com,589-822-7685,2022-12-26,37,Other,North Chadmouth
1466,Ashley Barry,smithdaniel@gmail.com,757-310-7314,2021-10-21,46,Other,Jillianburgh
1467,Lauren Edwards,christinehernandez@gmail.com,328-960-1150,2024-03-14,19,Male,East Marvinfurt
1468,Justin Martinez,matthewcervantes@gmail.com,670-577-1118,2024-01-28,24,Female,South Michelleton
1469,Jennifer Leonard,michaeljacobs@gmail.com,692-641-5358,2021-11-15,23,Other,Hahnmouth
1470,Edward Rich,crystalbruce@gmail.com,539-613-7396,2020-06-18,20,Other,Millerhaven
1471,Cameron Keller,perezsteve@gmail.com,825-232-0472,2020-07-27,50,Female,Yangstad
1472,Eric Paul,jessicaturner@gmail.com,339-667-7263,2021-04-08,41,Other,Williamsonburgh
1473,Amanda Fitzgerald,stevendalton@gmail.com,522-278-8443,2021-04-02,24,Female,Michaelbury
1474,Brian Smith,valdezjoseph@gmail.com,222-659-8116,2020-09-12,45,Female,West Veronicaport
1476,Patricia Blankenship,wendy42@gmail.com,311-720-2398,2020-05-17,33,Male,New Christinaville
1477,Richard Bishop,ravenwheeler@gmail.com,873-808-3484,2021-11-11,37,Male,Jonesshire
1478,Michael Joseph,sandra49@gmail.com,980-650-5428,2023-09-20,44,Other,South Scottland
1479,Evan Stevenson,christina09@gmail.com,786-401-0770,2023-07-27,50,Other,New Andrew
1480,Ruth Henry,christina34@gmail.com,842-608-6687,2021-02-12,39,Female,Kennethborough
1481,Alison House,xgarcia@gmail.com,223-870-2230,2023-11-14,41,Female,North Kristinview
1482,Kathleen Bates,umora@gmail.com,986-291-7676,2024-01-28,42,Other,East Staceyland
1483,Brandi Reid,catherinegriffin@gmail.com,576-451-6373,2022-08-04,41,Male,West Matthewport
1484,Michael Perry,craigtyler@gmail.com,428-725-0773,2022-10-10,28,Other,Foxton
1486,Linda Wolf,dylangomez@gmail.com,650-741-9019,2023-04-09,45,Male,Nicoleshire
1487,Jason Washington,harrisjames@gmail.com,882-540-3161,2023-07-24,64,Female,Lake Johnborough
1488,Melissa Leach,perryjohn@gmail.com,236-845-8195,2024-09-09,45,Other,South Lisaburgh
1489,Lauren Cohen,sperry@gmail.com,627-309-2349,2021-11-01,34,Other,Alanton
1490,Christopher Cain,kathrynadams@gmail.com,656-683-8256,2021-11-01,33,Female,Salasland
1491,Matthew Salazar,christinelee@gmail.com,550-618-4947,2022-05-15,32,Female,Gonzalesfurt
1492,Courtney Mendez,brandon43@gmail.com,665-786-0045,2024-03-04,59,Other,New Jamesfort
1493,Michael Johnson,sharpkathy@gmail.com,580-774-1462,2023-07-31,53,Other,Espinozastad
1494,James Jordan,priceana@gmail.com,425-377-4218,2024-08-12,24,Female,Port Holly
1495,Michelle Garcia,mosesnichole@gmail.com,969-361-6829,2021-11-14,43,Other,North Sierrafurt
1496,Pamela Green,sullivanlevi@gmail.com,680-682-6981,2021-06-08,55,Male,Jenniferland
1497,Justin Carter,amanda75@gmail.com,348-574-7063,2022-08-02,30,Other,West Sharon
1498,Cynthia Hendrix,joseph16@gmail.com,219-212-6122,2020-02-24,62,Male,Leebury
1500,Jared Kramer,lguerrero@gmail.com,399-434-9924,2020-01-25,58,Other,South Andrewshire
1501,Michael Bennett,matthew61@gmail.com,600-583-7395,2024-07-02,39,Other,Lake Mark
1502,David Moore,duncankayla@gmail.com,645-675-4737,2021-02-15,45,Male,Robertmouth
1503,Mark Hart MD,morganjeanette@gmail.com,645-396-0454,2021-04-14,38,Female,New Angelaland
1504,Alyssa Hubbard,jroberts@gmail.com,805-424-3732,2023-09-12,18,Male,Lake Anthony
1505,Nicole Williams,jchapman@gmail.com,817-932-1048,2020-09-09,33,Female,West Jennifer
1506,Rachel Haas,taguilar@gmail.com,563-673-4026,2022-05-30,63,Other,South Reneebury
1507,Jennifer Baker,kevindavenport@gmail.com,659-283-6026,2021-08-17,36,Other,New Taylor
1508,Amy Chung,wpace@gmail.com,785-648-9547,2023-09-14,28,Other,Ericmouth
1509,Robert Vega,corysmith@gmail.com,859-262-7300,2024-09-12,61,Male,Bennettmouth
1510,Claire Zimmerman,ryan54@gmail.com,649-755-0094,2020-02-09,38,Female,Lake Matthew
1511,Kelsey Vaughn,tgarcia@gmail.com,245-257-6260,2020-12-04,31,Male,Leeport
1512,Christina Keller,kristyjohnston@gmail.com,227-699-4264,2022-10-20,61,Female,Ashleystad
1513,Jacob Hardy,ichan@gmail.com,818-759-5721,2024-02-11,64,Male,Michaelchester
1514,Russell Solomon,gross@gmail.com,861-959-6843,2022-03-28,37,Female,Harveyhaven
1515,Patrick King,ymiller@gmail.com,263-406-3653,2021-02-15,57,Male,Michaelfort
1516,Randy Herrera,trantiffany@gmail.com,384-297-4451,2021-06-13,45,Female,Lake Latoyahaven
1517,Darlene Roberts,nathan65@gmail.com,328-760-7217,2024-05-26,62,Female,New Logan
1518,Tyrone Alvarado,chadwhite@gmail.com,373-786-0707,2023-08-19,60,Other,Lake Brendan
1519,Susan Meyer DVM,newmanmichael@gmail.com,265-614-7131,2021-08-25,21,Male,Port Thomas
1520,Jennifer Mitchell,friedmanbarry@gmail.com,361-491-7504,2024-06-11,37,Other,Jessestad
1521,Jennifer Franco,olsonbrittany@gmail.com,202-715-9216,2021-09-13,36,Other,Debramouth
1522,Samuel Wilcox,christineadams@gmail.com,323-893-1960,2020-01-09,48,Male,Port Danielchester
1523,Thomas Meza,vcrawford@gmail.com,784-607-3413,2021-05-04,21,Male,Palmermouth
1524,Timothy Jones,bradleyscott@gmail.com,771-719-4333,2022-12-28,61,Other,Kathrynmouth
1526,Phillip Henson,aswanson@gmail.com,731-279-8762,2020-04-30,18,Other,Gregoryfort
1527,David Cantu,gserrano@gmail.com,574-365-1095,2023-11-18,54,Male,Kingshire
1528,Angela Davies,fzuniga@gmail.com,953-545-2175,2020-04-29,44,Male,South Scottborough
1529,John Montoya,robertturner@gmail.com,378-526-8377,2022-10-15,33,Male,Port Barbaraport
1530,Daniel Long Jr.,brownjoshua@gmail.com,893-869-9434,2022-02-17,48,Male,Dianamouth
1531,Christopher Wood,griffithkaitlyn@gmail.com,462-876-2688,2020-08-02,21,Female,New Deborahburgh
1532,Michael Cantrell,jasmine33@gmail.com,817-263-7544,2021-07-08,28,Male,West Alexandra
1533,Miguel Burns,sherischmitt@gmail.com,531-265-3508,2021-06-24,37,Female,Stanleyhaven
1534,Joel Fleming,cmills@gmail.com,629-540-0153,2022-10-10,33,Male,Stevensstad
1535,Jennifer Chapman,rsloan@gmail.com,306-230-1668,2024-05-28,54,Male,Port Randallside
1536,Cindy Choi,adamthomas@gmail.com,842-403-9677,2020-11-01,56,Female,East Dillon
1537,Krista Brown,ccolon@gmail.com,354-332-1709,2020-07-26,21,Other,Elizabethfurt
1538,Lisa Nguyen,ggutierrez@gmail.com,740-212-4229,2022-07-02,46,Male,Lanechester
1539,John Aguilar,harrisscott@gmail.com,986-384-7605,2023-07-05,40,Other,South Kelly
1540,Evan Quinn,jessicadavis@gmail.com,591-868-0806,2023-10-07,56,Other,Ashleyhaven
1541,Christopher Bartlett,gail58@gmail.com,236-277-5549,2021-08-19,48,Male,Sarahshire
1542,Caroline Aguilar,csmith@gmail.com,759-606-5060,2023-06-08,38,Other,Reynoldsview
1543,Patrick Robinson,friedmananthony@gmail.com,353-458-6327,2022-01-19,65,Female,Keystad
1544,George Kline,hillchad@gmail.com,473-222-4682,2021-04-24,50,Other,North Kennethport
1545,Christopher Odonnell,taylor43@gmail.com,589-451-3437,2024-09-08,32,Other,East Gabrielfurt
1546,Marcus Evans,floreserica@gmail.com,909-852-9947,2022-05-01,23,Female,Pennychester
1548,Roger Patrick,whitetyler@gmail.com,721-539-3542,2023-11-09,49,Female,East Michael
1549,Thomas Hernandez,michael69@gmail.com,525-491-0114,2023-08-25,28,Other,Elizabethchester
1550,James Reynolds,natalie03@gmail.com,824-577-9254,2021-04-28,30,Female,New Sheila
1551,Sean Robinson,derek54@gmail.com,733-440-7740,2020-04-05,52,Other,Kaylaport
1552,Dr. Julie Rowe,kellyjessica@gmail.com,772-837-5060,2022-02-04,56,Other,Dudleyside
1553,Brandon Cervantes,shawnbrown@gmail.com,979-533-3420,2021-03-22,23,Male,North Victoriaview
1554,Vanessa Weeks,michaelnguyen@gmail.com,370-319-0221,2020-11-06,54,Other,North Connie
1555,Johnny Lopez,derrick28@gmail.com,931-222-4039,2022-10-11,29,Male,North Cindymouth
1556,Marc Thomas,hhoward@gmail.com,407-500-8217,2020-06-15,59,Other,Raymouth
1557,Cody Summers,jacksonkathleen@gmail.com,619-685-5858,2022-08-04,41,Other,Barnesburgh
1558,George Salazar,brobinson@gmail.com,655-386-7432,2021-05-15,47,Other,South Tracymouth
1559,Terry Frazier,michelle33@gmail.com,849-449-8121,2024-01-08,29,Female,Boonestad
1560,Angela Braun,tammiedavis@gmail.com,590-597-6703,2023-07-30,54,Female,East Royhaven
1561,David Norton,neallisa@gmail.com,613-965-7343,2021-10-23,24,Female,Lake Travisside
1562,Ricardo Flores,epeterson@gmail.com,451-962-3932,2022-09-22,46,Male,Valerieshire
1564,Michele Parrish,walshjoshua@gmail.com,644-525-0312,2022-12-06,35,Male,North Christineview
1565,Dana Novak,samuelanthony@gmail.com,852-723-5881,2022-04-17,24,Other,New Tinaberg
1566,Candice Bishop,christopher88@gmail.com,829-783-1415,2020-09-02,56,Other,Millerfort
1567,Noah Mendoza,robert05@gmail.com,343-431-6524,2020-02-07,54,Female,New Matthew
1568,Brandi Flowers,cory08@gmail.com,848-899-3787,2022-12-12,40,Male,Port Adrianstad
1569,Margaret Griffin,gary80@gmail.com,625-432-6993,2023-06-26,22,Female,Benjaminborough
1570,Noah Bean,cathydavis@gmail.com,305-822-3900,2021-07-20,56,Male,Veronicaview
1571,Michael Cooper,dnunez@gmail.com,523-377-2346,2024-03-28,24,Female,New Meganland
1572,John Mercer,alexander37@gmail.com,721-850-2362,2022-01-18,22,Other,South Matthewberg
1573,Brandi Rodriguez,lauramartin@gmail.com,889-727-9626,2021-06-26,41,Male,Rachelborough
1574,Oscar Powell,michael20@gmail.com,790-789-7602,2023-10-02,23,Female,New Pamelaview
1575,Amanda Morris,benjaminoneill@gmail.com,680-634-7592,2022-05-06,33,Male,West Michelle
1576,Michael Moreno,alyssa28@gmail.com,609-239-2099,2022-05-02,25,Male,New Jasmine
1577,Nicole Butler,dawn74@gmail.com,401-421-3794,2021-04-16,62,Other,South David
1578,Michael Guzman,millerdanielle@gmail.com,442-828-7354,2024-02-21,32,Male,Lake Troybury
1579,Dr. Lindsey Miller,bwilliams@gmail.com,661-220-3509,2024-03-12,49,Male,New Melissa
1580,Christopher Smith,ejones@gmail.com,729-884-4305,2023-05-21,63,Male,Jasonhaven
1581,John Reed,amoreno@gmail.com,839-290-7057,2021-01-24,51,Female,Jacquelineborough
1582,Mrs. Tracy Huang MD,marysalinas@gmail.com,251-703-6130,2021-08-25,59,Other,South Karenberg
1583,Megan Mcgee,leepeggy@gmail.com,888-535-7589,2021-01-29,30,Male,Judybury
1584,Dr. Paul Ayers,montgomerycarol@gmail.com,659-965-5970,2020-02-06,59,Other,Hansenfurt
1585,Teresa Winters,jmcguire@gmail.com,462-810-8011,2020-07-21,46,Female,Port Rebekah
1586,Lori Williams,kimberly39@gmail.com,446-230-1723,2020-11-03,49,Female,Bonillafort
1587,Ashley Bell,shelia50@gmail.com,275-636-6293,2021-12-04,28,Male,Jessicafurt
1588,Michael Martin,amanda49@gmail.com,919-511-6732,2022-06-01,21,Female,Port Martinmouth
1589,Yolanda Fernandez,stephen38@gmail.com,458-508-9309,2020-09-24,20,Other,Port Krystal
1590,Lisa Brady,dawnparks@gmail.com,604-964-3609,2020-03-31,61,Other,South Jeremyton
1591,Derek Logan,joseph75@gmail.com,745-273-6192,2021-05-22,56,Female,Dominguezmouth
1592,Alexa Green,seanwolfe@gmail.com,561-981-0360,2021-05-17,55,Male,New Lauren
1593,Lee Young,christopherlopez@gmail.com,515-765-8440,2023-01-28,47,Other,Hortonville
1594,Rachel Johnson,jonesamanda@gmail.com,256-936-8034,2020-10-10,54,Female,Flowersfurt
1596,Alexander Guzman,taylor29@gmail.com,320-280-8327,2024-07-06,62,Male,Port Shannon
1597,Maurice Taylor,brandi47@gmail.com,336-283-9393,2023-12-28,54,Other,Christyfurt
1598,Patricia Kelly,danielgarrett@gmail.com,349-328-4258,2020-06-01,38,Female,South Sarah
1599,Jason Vaughn,cynthia61@gmail.com,218-887-9892,2023-12-29,21,Other,New Debra
1600,Brian Gonzales,sabrina30@gmail.com,642-340-7102,2020-11-19,60,Other,Aliciaport
1601,Laura Clark,duranjaclyn@gmail.com,628-471-0007,2021-08-20,45,Other,South Brandy
1602,Mark Sweeney,fergusonjacqueline@gmail.com,226-972-5374,2021-07-16,51,Other,Port Albertborough
1603,William Rich,ncollins@gmail.com,290-576-3918,2024-07-28,20,Female,Lake Clarence
1604,Sara Zhang,steve67@gmail.com,769-443-9409,2021-03-04,42,Female,Mackville
1605,Taylor Holt,greensharon@gmail.com,840-569-1827,2022-04-11,32,Other,East Rebecca
1606,John Mcgee,lfisher@gmail.com,962-707-7930,2022-05-04,44,Female,Stephenmouth
1607,Kristina Livingston,lblack@gmail.com,535-635-0794,2021-03-18,64,Other,West Johnton
1609,Ashley Melton,debraprice@gmail.com,446-287-2984,2022-01-06,56,Other,Port Haley
1610,Alison Murray,randall58@gmail.com,983-817-8900,2021-05-20,18,Other,Lake Jessicafurt
1611,Shannon Hudson,sharilandry@gmail.com,453-732-1087,2024-05-20,48,Other,North Jonathan
1612,Rebecca Gardner,vmoody@gmail.com,316-621-9781,2021-04-03,23,Female,Frazierchester
1613,Debra Horton,stephensjeffrey@gmail.com,353-984-7527,2024-01-25,50,Other,Lake Christopher
1614,Brian Good,ashleymack@gmail.com,648-721-6429,2021-01-26,39,Female,New Robertmouth
1615,Nathaniel Hatfield,jennifer82@gmail.com,590-359-7958,2024-05-02,30,Male,North Ryantown
1616,Jennifer Robertson,egood@gmail.com,673-598-7970,2024-09-15,34,Male,New Christine
1617,Susan Mckenzie,angela04@gmail.com,913-215-3421,2024-09-25,23,Female,Perryhaven
1618,Mario Benitez,michelle24@gmail.com,364-625-1384,2022-05-04,49,Female,Lucasview
1619,Jessica Doyle,phyllis16@gmail.com,247-993-7765,2022-12-16,57,Male,Patrickmouth
1620,Dakota Jefferson,lopezerika@gmail.com,514-294-4689,2023-07-19,53,Female,Heatherland
1621,Christopher Wilson MD,phillipseric@gmail.com,900-780-8475,2020-04-26,42,Female,Justintown
1622,Stacie Oliver,gcole@gmail.com,905-750-4022,2020-10-31,39,Male,South Nicoleburgh
1623,Katherine Murray,russellstephanie@gmail.com,491-693-1848,2022-03-31,34,Other,North Paulland
1624,Terri Martinez,thomas96@gmail.com,583-460-8474,2024-04-21,23,Male,Lake Stacieland
1625,Linda Steele,travisday@gmail.com,556-560-3855,2021-06-14,47,Other,Lake Tina
1626,Kevin Davis,robert48@gmail.com,483-875-8957,2022-05-23,19,Other,Nelsonhaven
1627,Amanda Chan,reevesrobert@gmail.com,950-452-2203,2023-09-15,62,Other,South Mark
1628,Connor Hunter,gouldsamantha@gmail.com,302-939-3339,2023-08-24,63,Other,South Allisonmouth
1629,Lauren Miranda,manuel56@gmail.com,595-463-0033,2022-08-30,26,Female,Port Meganton
1630,George Mendoza,hawkinschristina@gmail.com,523-364-4766,2020-09-18,45,Other,South Seanside
1631,David Schwartz,pjohnson@gmail.com,782-421-2694,2023-04-02,54,Other,New Jennifer
1632,Amy Ramirez,melissa13@gmail.com,686-743-9534,2022-10-04,51,Female,Heathertown
1633,Jeffery Bolton,ortegastacy@gmail.com,545-650-6680,2024-02-23,51,Other,North Melissastad
1634,Caitlin Martin,gdawson@gmail.com,741-899-7977,2021-11-22,24,Female,Josephland
1635,Christine Terry,kimberly19@gmail.com,453-532-5304,2021-04-17,64,Female,Dustinbury
1636,Alexander Osborne,igordon@gmail.com,681-385-0252,2023-10-02,27,Male,Summerstad
1637,Alexis Hall,christopherfrank@gmail.com,582-980-3910,2023-12-24,64,Female,Lake Jose
1638,Teresa Sawyer,michael87@gmail.com,925-232-0558,2024-05-31,64,Male,East Josephtown
1639,Patricia Lin,pmiller@gmail.com,438-649-2335,2020-10-15,60,Other,Morganberg
1640,Tammy Ross,garciahelen@gmail.com,576-699-1443,2024-07-17,60,Male,Hollandville
1641,Grant Murphy,mharris@gmail.com,592-714-5343,2021-05-12,59,Female,Huntermouth
1642,Colton Gray,kempjason@gmail.com,439-916-0577,2022-04-12,23,Female,Lake Kayla
1644,Caitlin Montoya,ucox@gmail.com,897-845-7421,2024-04-23,51,Female,New Kristine
1645,Angelica Wilson,fjohnson@gmail.com,919-693-8470,2020-12-07,64,Female,Port Keith
1646,Robert Vazquez,christopherhenry@gmail.com,422-395-3779,2020-12-20,46,Male,Lake Phillipside
1647,Johnny Thornton,huynhlori@gmail.com,396-236-5018,2023-09-03,26,Male,Lake William
1648,Mitchell Hardy,kwalker@gmail.com,567-614-8753,2021-04-05,20,Female,South Nicholasmouth
1649,Amanda Dawson,schmidteddie@gmail.com,463-982-3526,2023-01-10,38,Male,Jasonton
1650,Samantha Faulkner,rvilla@gmail.com,984-296-7024,2021-07-17,55,Female,Amberfurt
1651,Mr. Darren Howard,fletcherbethany@gmail.com,820-571-6877,2023-05-01,46,Other,East Johnnyview
1652,Jeffrey Patterson,leecraig@gmail.com,465-785-5232,2023-02-03,36,Male,Rickfurt
1654,Margaret Miller,odavis@gmail.com,756-816-8825,2023-04-13,19,Male,North Brandishire
1655,Laura Torres,greenanna@gmail.com,656-850-2201,2020-05-16,52,Male,New Stacybury
1656,Brian Espinoza,aaron73@gmail.com,640-208-5801,2021-10-23,47,Male,Davidside
1657,David Brown,michael39@gmail.com,854-534-0544,2022-10-26,25,Male,West James
1658,Stacy Ward,courtney09@gmail.com,436-448-7370,2020-02-02,25,Male,New Rickyville
1659,Dylan Villarreal,mtodd@gmail.com,700-313-4686,2023-11-06,23,Male,Lake Dominique
1660,Glenn Wagner,amymoreno@gmail.com,721-375-4953,2021-03-08,24,Female,Justinberg
1661,Jared Collins,ogomez@gmail.com,388-854-9505,2020-01-06,30,Male,Lake Melinda
1662,Jason Sutton,turnereric@gmail.com,668-781-8975,2021-06-09,44,Male,North Donaldton
1663,Jodi Lane,baileytracy@gmail.com,710-268-4058,2021-01-30,50,Female,East Andrew
1664,Jasmine Miller,hernandezryan@gmail.com,480-302-9320,2022-07-04,38,Female,East John
1665,Elizabeth Love,wholt@gmail.com,492-429-0870,2022-06-13,19,Male,Port Tiffany
1666,Heidi Wells,flemingcrystal@gmail.com,941-742-2032,2021-12-17,35,Female,East Shane
1667,Brian Flores,ashley49@gmail.com,710-564-2429,2021-10-19,23,Male,Lake Bethanyport
1668,Sheila Larson,arodriguez@gmail.com,546-481-3033,2020-05-08,52,Male,Port Luis
1669,Robin Ellis,adamchang@gmail.com,896-970-4558,2024-03-30,20,Other,Lyonshaven
1670,Samantha King,howellnathan@gmail.com,666-646-8787,2021-07-21,34,Other,West Ivanmouth
1671,William Hurst,suzanne25@gmail.com,993-546-5119,2023-09-05,52,Other,Lake Franktown
1672,Amy Young DVM,sean10@gmail.com,803-430-1162,2020-06-12,36,Other,Port Jennifer
1673,Nicole Thompson,danielle51@gmail.com,947-717-7535,2020-06-25,61,Female,Freemanton
1674,Michael Williams,fosterjoseph@gmail.com,482-957-5792,2024-01-08,35,Other,East Justinmouth
1675,Linda Callahan,heatherpowell@gmail.com,718-469-0486,2021-04-02,58,Male,Espinozabury
1676,Joe Clark,washingtonkristine@gmail.com,741-908-8745,2022-11-06,25,Male,Phelpsmouth
1677,Casey Roberson,fholland@gmail.com,697-710-8672,2020-05-23,47,Male,Chadborough
1678,Andrew Snow,kristopher75@gmail.com,293-324-7541,2020-01-30,26,Male,Danielview
1679,Travis Rogers,jackbaxter@gmail.com,655-538-7156,2023-10-26,52,Other,Marshallhaven
1681,John Rogers,bentleyrobert@gmail.com,989-603-1605,2024-03-14,35,Male,West Adam
1682,Alexandra Smith,patricia02@gmail.com,416-527-7504,2021-05-22,32,Male,Robertsborough
1683,Kari Diaz,melanie89@gmail.com,424-943-1354,2022-01-16,54,Female,New Trevorland
1684,John Lindsey,howardrobin@gmail.com,584-826-5704,2023-03-16,25,Female,Thomaston
1685,Steven Patterson,mark09@gmail.com,697-756-1670,2020-06-03,23,Male,Port Jamesstad
1686,Bradley Weeks,carol99@gmail.com,261-915-8947,2022-05-15,30,Female,South Kaitlynland
1687,James Carter,garciageorge@gmail.com,262-956-9892,2021-08-28,25,Male,South Bradleybury
1688,Anna Carter,hcervantes@gmail.com,449-994-3543,2021-08-08,40,Female,North Michaeltown
1689,Maria Levy,danielschristian@gmail.com,694-585-4824,2022-08-21,23,Male,East Stephenville
1690,Kathryn Porter,jdunlap@gmail.com,497-599-0254,2020-12-30,38,Female,New Kristy
1691,Brian Moore,crogers@gmail.com,982-702-9413,2023-09-15,38,Other,North Luisview
1692,Ethan Fox,jennifer47@gmail.com,773-361-4574,2020-01-20,49,Female,Port Sandrahaven
1693,James King,njones@gmail.com,977-490-4259,2020-02-08,19,Male,Cooperfort
1694,Kimberly Wilson,vsims@gmail.com,649-765-2308,2023-06-24,42,Female,South Sherristad
1695,Scott Harris,tpatterson@gmail.com,800-987-7751,2021-01-25,31,Male,Port Meghan
1696,Kathleen Conley,parsonsfelicia@gmail.com,478-663-2003,2021-08-16,20,Female,Sarahberg
1697,Mathew Kelly,ooliver@gmail.com,603-631-1669,2023-04-27,29,Other,East Abigail
1699,Michael Short,markholloway@gmail.com,394-573-7124,2023-08-20,20,Female,Jillianland
1700,Nicholas Gomez,shannon21@gmail.com,789-442-2916,2020-12-28,50,Male,West Amandastad
1701,William Anderson,santiagorobert@gmail.com,276-959-8825,2023-06-07,51,Male,Judyport
1702,James Williamson,jenniferwarner@gmail.com,263-353-7293,2023-02-25,54,Male,West Troyfort
1703,Ann Berg,jessicamitchell@gmail.com,547-709-3878,2024-06-12,29,Other,South Peter
1704,Audrey Baker,james93@gmail.com,721-683-4798,2021-02-04,64,Female,South Michael
1705,Raymond Webb,arthur68@gmail.com,762-414-9366,2020-03-10,52,Other,Mendozaburgh
1706,Leslie Sharp,anthonyrogers@gmail.com,891-742-9705,2020-07-22,38,Male,Abbottbury
1707,Gary Bird,jsimpson@gmail.com,737-908-2828,2021-03-31,43,Other,Alexside
1708,Meagan Lee,melissapatel@gmail.com,576-574-2220,2024-03-25,28,Female,Danielport
1709,Gerald Owens MD,melissablack@gmail.com,380-917-6716,2022-02-03,39,Female,Martinezside
1710,Elizabeth Lambert,tara25@gmail.com,263-227-9024,2021-03-27,48,Male,Sarahmouth
1711,Tyler Lane,lindsay73@gmail.com,604-292-0330,2022-01-25,49,Male,Mikaylaside
1712,Anita Watson,jody95@gmail.com,258-989-6133,2023-11-22,51,Male,Danielhaven
1713,Amy Wong,russellfrank@gmail.com,548-221-0726,2024-02-14,36,Female,Antoniostad
1714,Micheal Gonzales,samuel15@gmail.com,860-550-9788,2022-07-06,50,Male,South Cynthiafort
1715,Brian Villegas,barnesrobert@gmail.com,799-944-1320,2022-04-29,47,Female,New Shellychester
1716,Elizabeth Reid,mwilliams@gmail.com,737-306-9887,2021-04-26,65,Female,West Carolfort
1717,Kimberly Ingram,psmith@gmail.com,266-720-4717,2022-08-01,26,Other,East Josephchester
1718,Cynthia Nelson,sanchezmark@gmail.com,675-265-2088,2020-02-04,47,Male,East Wendy
1719,John Pierce,prestonsherry@gmail.com,308-483-1822,2024-09-05,38,Other,New Robert
1720,Kimberly Scott,diana80@gmail.com,660-630-9702,2022-10-22,38,Other,Andrewchester
1722,Rachel Reed,christinemiller@gmail.com,937-460-5256,2021-06-22,46,Male,South Kaylamouth
1723,Chelsea Hester,timothymartin@gmail.com,372-695-0748,2021-06-03,21,Other,Priceburgh
1724,Jessica Yu,pmartinez@gmail.com,750-795-5977,2024-03-20,51,Other,East Alicia
1725,Phillip Dennis,lcalhoun@gmail.com,707-774-7752,2023-03-24,53,Female,New Roger
1726,Tina Morris,michael33@gmail.com,228-736-4653,2023-03-27,45,Other,Deborahbury
1728,Amanda Jones,matthewmoore@gmail.com,760-826-8412,2020-08-19,44,Male,Alyssaborough
1729,Anna Palmer,klinewesley@gmail.com,575-228-6852,2024-04-09,24,Other,Jessicabury
1730,Taylor May,natalie51@gmail.com,722-758-0337,2021-01-22,56,Female,Danielport
1731,Kenneth Nelson,janice46@gmail.com,422-309-4203,2021-04-05,49,Other,Galvanchester
1732,Ryan Kane,williamsheather@gmail.com,926-753-8503,2024-06-03,32,Other,Salashaven
1733,John Smith,ucowan@gmail.com,940-646-1992,2020-12-15,49,Other,Christianburgh
1734,Heidi Roberson,walkerjamie@gmail.com,802-891-5006,2023-11-24,35,Female,Katieburgh
1735,Theresa Anderson,bernardlori@gmail.com,663-846-5785,2023-01-22,51,Other,Timothybury
1736,Regina Swanson,uchavez@gmail.com,298-870-6874,2020-04-18,40,Female,Juliefurt
1737,Jason Williams,johnhill@gmail.com,584-295-6337,2021-01-28,57,Male,Port Ashleybury
1738,Anna Morrow,jennifer11@gmail.com,717-931-6008,2021-05-13,50,Other,New Robert
1739,Hector Stark,wmitchell@gmail.com,411-908-0459,2020-12-21,50,Other,South Daniel
1740,Karen Gill MD,hendersonmichael@gmail.com,483-570-7300,2022-11-13,23,Male,New Christianmouth
1741,Ronald Banks,bhancock@gmail.com,287-518-5213,2022-03-11,40,Male,Deannaborough
1742,Bryce Warner Jr.,christopherpittman@gmail.com,890-417-3196,2023-03-15,27,Other,North Breannashire
1743,Tony Henderson,yfields@gmail.com,650-397-0809,2023-05-22,27,Male,New Emilychester
1744,Matthew Cook,jensensteven@gmail.com,888-467-1784,2022-04-23,26,Male,South Johnhaven
1745,Lisa Weeks,austin49@gmail.com,753-210-4858,2021-11-22,61,Female,South Ivanland
1746,Robert Lewis,christopherthompson@gmail.com,421-386-8803,2024-03-08,63,Other,West Victoriachester
1747,David Howard,brittneysmith@gmail.com,426-445-1035,2021-02-20,31,Male,Francoland
1748,Brandon Coffey,philipcherry@gmail.com,403-204-0062,2024-07-17,22,Female,Maxwellborough
1749,Deborah Weaver,hfigueroa@gmail.com,606-413-7092,2021-11-28,19,Male,New Yvonne
1750,Tony Michael,matthewhuffman@gmail.com,718-358-3978,2020-05-20,39,Male,Rogerview
1751,Michael Campbell,karen84@gmail.com,939-306-7419,2023-06-04,57,Male,Mercadofurt
1752,Robert Reed,jacksonrobert@gmail.com,857-417-1888,2024-01-08,53,Male,South Courtney
1753,Sharon Higgins DDS,bakerjohn@gmail.com,685-625-6555,2024-05-15,29,Other,East Cindy
1754,Eric Berger,jamiecannon@gmail.com,295-263-4235,2024-04-01,54,Female,West Antonio
1755,Cassandra King,jacob18@gmail.com,742-672-1851,2021-01-07,60,Female,North Bianca
1756,Anne Gonzalez,cruzmichael@gmail.com,847-840-8948,2024-04-14,22,Other,New Christopherville
1757,Cassandra Fields,uschmidt@gmail.com,438-273-0732,2021-09-09,60,Other,Trevinohaven
1758,Jacob Stewart,hamiltontrevor@gmail.com,640-815-4950,2023-08-20,60,Female,South Alan
1759,Kevin Guerra,arnoldmatthew@gmail.com,648-720-9017,2020-08-12,57,Other,Cooperport
1760,Ryan Perez,pduke@gmail.com,318-921-3081,2023-03-27,36,Other,South Cassandra
1761,Kimberly Tapia,heathersparks@gmail.com,800-882-0856,2021-07-20,46,Male,Gutierrezchester
1762,Jill Buck,ncastro@gmail.com,436-680-4663,2022-06-18,34,Female,New Williefort
1763,Dominique Lambert,catherinepatterson@gmail.com,534-494-3771,2022-06-02,38,Female,Lake Michael
1764,Mary Garrison,donald06@gmail.com,377-661-5419,2020-09-06,35,Female,New Antonio
1765,Marie Anderson,greerjohn@gmail.com,784-232-8664,2023-03-08,58,Other,North Erica
1766,Jennifer Sanchez,fhayes@gmail.com,873-379-8812,2020-11-14,39,Other,Scottborough
1767,Amy Lynch,stewartsarah@gmail.com,986-850-3803,2023-04-22,29,Female,New Michellehaven
1768,Ryan Hunter,maurice41@gmail.com,309-735-1701,2022-08-29,38,Other,East Tiffany
1769,Michelle Love,paula03@gmail.com,358-875-4634,2021-06-13,23,Other,Lake Laurenborough
1770,Daniel Lee,kevin36@gmail.com,833-619-4864,2022-01-17,61,Female,New Edwardstad
1771,Nicole Nielsen,patrickdavis@gmail.com,811-713-5723,2021-12-25,44,Female,Maryberg
1772,Paul Pitts,hailey34@gmail.com,219-789-3798,2024-06-18,18,Female,Whiteton
1773,Jennifer King,lindavasquez@gmail.com,343-230-3853,2024-01-22,53,Male,New Robertborough
1774,Sara Schroeder,christina11@gmail.com,733-334-8696,2023-01-02,25,Female,North Dawn
1775,David Johnston,kimberlyallen@gmail.com,649-482-5200,2024-06-21,38,Female,North Jamesmouth
1776,Joseph Cook,kingharry@gmail.com,328-570-5819,2020-11-22,19,Female,Johnport
1777,Michelle Lindsey,hollanddavid@gmail.com,944-503-8759,2021-01-04,59,Female,Lake Erica
1778,Russell Nunez,william41@gmail.com,837-771-4668,2020-11-11,36,Female,Laurastad
1779,Jenna Herring,heathercowan@gmail.com,561-673-5628,2022-03-24,18,Male,Lake Justin
1780,Marilyn Ross,robertsonmichelle@gmail.com,288-845-1379,2020-10-22,52,Other,Choiport
1781,Wendy Stevens,reyeschristina@gmail.com,351-969-5995,2020-06-14,42,Male,Marymouth
1782,Rebecca Coleman,maxwellsanchez@gmail.com,612-318-2703,2023-11-18,23,Male,Port Crystalbury
1783,Robert Green,icurtis@gmail.com,338-353-8380,2021-12-31,25,Female,Port Jeffrey
1784,Morgan Schmidt,craigmanuel@gmail.com,437-574-5690,2023-01-23,60,Other,New William
1785,Lisa Long,robertskaren@gmail.com,790-470-4100,2023-12-24,42,Male,West Monicamouth
1787,Michael Cole,hebertaaron@gmail.com,807-436-7005,2020-01-25,20,Other,Smithstad
1788,Alyssa Lawson,sydneystevens@gmail.com,509-391-2257,2020-07-08,34,Other,Vasquezfurt
1789,Ryan Mathews,morenodarren@gmail.com,635-817-8382,2020-05-12,61,Other,Jeffersonville
1790,Joseph Lamb,johnsullivan@gmail.com,643-524-2068,2023-07-03,61,Female,Reeseborough
1791,Susan Ray,avilamelissa@gmail.com,599-372-1803,2020-02-21,21,Male,East Dwaynemouth
1792,Emily Lopez,ellenjones@gmail.com,570-514-8463,2021-05-11,42,Other,Roytown
1793,Tina Russell,rebecca47@gmail.com,212-815-3082,2021-08-13,56,Other,Robertborough
1794,Brandon Curtis,foxmelanie@gmail.com,530-978-9869,2020-03-08,30,Other,Lake Nicoletown
1795,Wendy Brown,landersen@gmail.com,674-910-4212,2021-12-29,47,Female,Washingtonfurt
1796,Gavin Carney,gonzalezpaula@gmail.com,758-562-6362,2022-07-22,42,Male,Port Davidhaven
1797,Rebecca Jones MD,kerrirogers@gmail.com,343-347-9870,2022-03-22,21,Female,Bakerberg
1798,Gina Martin,sextonkimberly@gmail.com,345-436-5834,2022-04-28,34,Female,East Alyssa
1799,Brittany Austin,spencerchristina@gmail.com,955-710-0471,2024-06-17,35,Female,West Robertfurt
1800,Vanessa Johnson,wallacezachary@gmail.com,336-441-7600,2024-02-14,51,Female,Elizabethmouth
1801,Christopher Rodriguez,johnsonkelly@gmail.com,929-894-1802,2024-06-22,31,Other,South Mackenzie
1802,Michael Russell,michaelhill@gmail.com,473-338-5242,2022-12-11,35,Female,North Edward
1803,Ryan Richardson,jefferypeters@gmail.com,260-818-3197,2020-08-25,40,Female,Lake Karla
1804,Daniel Moreno,nicholasspence@gmail.com,526-438-1352,2020-05-14,55,Other,Thomasville
1805,Carol Jackson,ericabailey@gmail.com,595-929-5201,2022-06-07,34,Male,West Jennifermouth
1806,Douglas Willis,maxwell54@gmail.com,215-548-7995,2020-07-16,24,Female,Port Jesse
1807,Scott Martin,kathleenthompson@gmail.com,634-239-1730,2021-05-24,43,Female,North Brandi
1808,Stanley Johnson,boyerkaren@gmail.com,769-364-2962,2021-12-08,60,Other,Carlshire
1809,Stacy Robles,bethany10@gmail.com,595-733-2079,2023-04-05,30,Male,Lisachester
1810,Miranda Rhodes,jwatts@gmail.com,317-402-1758,2022-12-21,34,Other,Huntmouth
1811,Daniel Hinton,amandamccoy@gmail.com,720-587-4934,2021-08-21,25,Male,East Lauraborough
1812,Karen Sanford,javier12@gmail.com,553-594-3458,2024-06-26,64,Male,Farleyshire
1813,Erika Zuniga,jonescarolyn@gmail.com,714-670-0330,2022-05-23,39,Female,East Ericport
1814,Benjamin Mcgee,kevin57@gmail.com,455-371-5948,2024-02-13,32,Other,South Ryan
1815,Michael Hale,patrickwilliams@gmail.com,264-406-1026,2024-05-24,54,Other,New Matthew
1816,Amanda Wagner,atucker@gmail.com,239-331-4191,2023-12-21,62,Male,Lake Vincentstad
1817,Charles Mueller,lbriggs@gmail.com,985-294-1353,2024-08-06,37,Other,Susanfort
1818,Daryl Harrington,gstokes@gmail.com,227-785-2997,2020-12-12,43,Female,Christianland
1819,Elizabeth Simmons,gabrielayoung@gmail.com,807-874-9896,2021-10-07,18,Other,Blakebury
1820,Nicole Potter,pobrien@gmail.com,865-462-1415,2021-12-12,21,Other,Webbside
1821,Matthew James,samuel43@gmail.com,417-622-0648,2023-09-03,49,Other,Coleland
1822,Amy Black,evelyngross@gmail.com,750-324-2670,2021-05-04,27,Male,Jamesbury
1823,Douglas Calderon,jeffreypayne@gmail.com,772-370-3528,2022-05-21,55,Female,Katelynton
1824,Henry Hendrix,joshualittle@gmail.com,606-331-6295,2023-07-19,59,Other,South Carl
1825,James Lynch,smithscott@gmail.com,459-268-9201,2020-12-13,29,Male,Torresmouth
1826,Brandi Mcclure,jonathan92@gmail.com,373-629-0337,2023-09-21,21,Male,Richmouth
1827,Jonathan Vasquez,pgomez@gmail.com,233-333-3207,2023-08-23,27,Female,New Jessicabury
1828,Tonya Vasquez,zrollins@gmail.com,353-391-7014,2022-04-11,44,Female,Stephensmouth
1829,Thomas Doyle,troydavis@gmail.com,563-384-4125,2024-03-24,51,Female,Lake Todd
1830,Matthew Jones,thomasbryan@gmail.com,574-566-8544,2020-11-11,34,Other,Sotofurt
1831,Olivia Nelson,mary89@gmail.com,607-976-1782,2022-04-26,30,Other,West Donaldton
1832,Kyle Morris,coreylee@gmail.com,490-261-6888,2021-03-25,41,Other,North Diane
1833,Charles Cunningham,kevinwhite@gmail.com,739-764-8562,2022-11-16,33,Female,North Vincentville
1834,Andrew Moore,wcampbell@gmail.com,264-439-0051,2024-05-22,30,Male,Jennaport
1835,Roy Copeland,jrogers@gmail.com,476-809-1609,2024-06-18,28,Other,New Stephen
1836,Wesley Bowen,catherine78@gmail.com,216-901-7138,2022-11-06,45,Male,South Dannyside
1837,Eric Gomez,kelleykimberly@gmail.com,526-628-3260,2021-06-08,37,Male,South Cynthia
1838,Alicia Cook,samanthahall@gmail.com,735-219-0963,2020-05-06,39,Other,North Eric
1839,Kimberly Evans,markwalsh@gmail.com,347-782-4833,2022-02-07,65,Other,Ethanmouth
1840,Brianna Alvarez,felicia03@gmail.com,590-440-2621,2021-05-02,26,Other,Lake Alicia
1841,Barbara Griffith,michaelward@gmail.com,965-548-0063,2021-06-03,50,Male,Carlchester
1842,Emily Vaughan,vbarnett@gmail.com,832-885-6813,2020-08-25,52,Male,Port Jonathanshire
1843,Brian Miller,ashley56@gmail.com,772-564-3862,2021-10-25,54,Other,Lake Clarenceville
1844,Joshua Jackson,whaas@gmail.com,374-201-9096,2023-04-25,54,Male,Port Lindsey
1845,Brandon Crane,andersonstephen@gmail.com,978-430-9722,2021-10-14,41,Other,Schultzchester
1846,George Howard,smithbrianna@gmail.com,890-277-2007,2020-07-22,23,Other,West Donnaside
1847,Jeffrey Thomas,agarcia@gmail.com,213-838-7120,2023-11-26,56,Other,Lake William
1848,Krista Murphy,reeveslauren@gmail.com,754-586-1897,2022-08-21,54,Other,Smithmouth
1849,Ashley Fox,andrewrussell@gmail.com,741-349-3758,2021-12-31,41,Male,Christinatown
1850,Steve Estes,walter38@gmail.com,270-745-6644,2020-12-08,65,Male,New Patricia
1851,Jesse Jacobs,blacktrevor@gmail.com,636-854-7551,2024-02-23,39,Male,Brownborough
1852,David Hines,watsonkyle@gmail.com,585-256-7204,2021-09-06,39,Other,Rosebury
1853,Kyle Roberson,samanthazimmerman@gmail.com,491-572-8520,2022-01-17,28,Female,Lake Meganbury
1854,John Ferguson,daniellealvarado@gmail.com,226-480-4238,2021-06-04,52,Male,Lesliemouth
1855,Trevor Keith,tracywalker@gmail.com,882-466-7753,2020-09-04,23,Male,East Gabrielle
1856,Mark Andersen MD,danderson@gmail.com,304-588-5193,2022-09-17,45,Male,North Coreychester
1857,Jessica Patel,aprilbarnes@gmail.com,352-748-6297,2022-01-07,63,Male,Mendozamouth
1858,Haley Cuevas,matthewthomas@gmail.com,438-707-9724,2020-07-17,47,Male,North Ethanchester
1859,Jeffrey Anderson,fieldspatty@gmail.com,333-227-5775,2020-03-17,29,Other,New Lancebury
1860,Christine Jones,johnsonnatalie@gmail.com,311-414-0081,2024-09-18,38,Male,Ellisonstad
1861,Cory Valdez,nchambers@gmail.com,923-795-3088,2021-03-24,57,Female,South Michelleville
1862,Kristin Beck,williamsjared@gmail.com,705-717-4457,2021-11-24,47,Male,Allenport
1863,Joseph Jenkins,ashleystevens@gmail.com,499-899-7134,2021-02-25,40,Male,Rayborough
1864,Amy Rodriguez,waltersjohn@gmail.com,667-377-3581,2024-08-03,52,Male,North Erika
1865,Lisa Perry,anthony11@gmail.com,357-648-6653,2021-07-09,55,Other,East Matthewberg
1866,Isabel Burns,millerelizabeth@gmail.com,843-648-5018,2023-01-29,32,Female,Brendaton
1867,Brenda Lyons,aprilhenry@gmail.com,730-556-8145,2021-07-20,32,Male,Kariview
1868,Tanya Williamson,nwagner@gmail.com,883-650-6391,2021-08-18,48,Female,Garciaport
1869,Bruce Leach,michaelsharp@gmail.com,688-966-1251,2021-12-18,48,Male,Lake Ronaldchester
1870,Candace Hughes,amyjohnson@gmail.com,601-849-0691,2024-02-01,29,Other,Lake Joshua
1871,Linda Wilson,jeremymaynard@gmail.com,492-861-5137,2021-01-12,39,Female,Morrisbury
1872,Ronald Ward,rebecca85@gmail.com,558-250-2683,2024-05-03,62,Other,Lorimouth
1873,Kevin Smith,guy16@gmail.com,499-240-8833,2024-02-28,20,Other,North Davidtown
1874,Troy Wright,osimmons@gmail.com,545-237-6831,2020-10-05,19,Male,Andrewshire
1875,Albert Gill,derek21@gmail.com,712-874-4370,2022-11-13,65,Male,New Garrett
1876,Gregory Ross,petersonmichael@gmail.com,866-631-3777,2020-01-15,18,Male,North Jerrytown
1877,Richard Parker,barry32@gmail.com,301-932-1953,2024-04-25,19,Male,Darrylburgh
1878,Hunter Gilbert,santosmarissa@gmail.com,658-886-0689,2024-01-07,52,Female,Robertburgh
1879,Steven James,michaelwolf@gmail.com,402-468-9467,2024-05-03,33,Male,East Davidton
1880,Amber Vasquez,jsingleton@gmail.com,643-304-0792,2021-01-22,56,Other,Port James
1881,Stacey Gomez,aoneill@gmail.com,284-287-5628,2020-08-04,61,Other,Jamesberg
1882,Lisa Singleton,justin78@gmail.com,318-653-2656,2023-09-20,33,Female,Francoborough
1883,Dr. Lydia Howell,zjacobs@gmail.com,499-343-1196,2021-04-26,23,Other,Kristinaview
1884,Dana Rodriguez,ywilson@gmail.com,732-866-6157,2023-01-22,57,Female,Timothymouth
1885,Andrew Henderson,lwalker@gmail.com,587-332-0573,2021-04-20,48,Female,Benjaminborough
1886,Stephanie Wells,richkimberly@gmail.com,770-775-0263,2024-06-28,49,Female,Trevorborough
1887,Mark Barnes,shannon04@gmail.com,575-679-3317,2020-12-15,52,Other,Port Elizabethfurt
1889,Allison Boyer,fishercarrie@gmail.com,876-964-5466,2020-03-13,50,Male,East Paul
1890,David Perez,dcampbell@gmail.com,896-522-6587,2022-08-09,30,Female,Dunlaptown
1892,George Gonzalez,garciaamanda@gmail.com,430-380-1341,2023-07-04,33,Male,Aaronborough
1893,Samuel Allen,jacksondiana@gmail.com,952-302-4288,2024-06-10,38,Female,Derrickborough
1894,Lori Pearson,andersenerin@gmail.com,590-700-3232,2023-12-16,35,Female,New Leslie
1895,Alan Aguilar,afigueroa@gmail.com,846-895-2770,2021-01-25,18,Female,East Territown
1896,David Medina,david71@gmail.com,716-656-8136,2022-09-05,20,Female,Evanston
1897,Michael Johnson,jon78@gmail.com,587-649-2550,2020-01-03,53,Other,Port Kayla
1898,James Clark,fdavidson@gmail.com,847-739-0739,2022-12-05,19,Other,Port Sarahshire
1899,Courtney Davenport,patrickyoung@gmail.com,467-274-1544,2023-10-21,35,Other,New Andrewburgh
1900,Charles Lawrence,johnsonthomas@gmail.com,621-861-4350,2023-08-20,25,Female,Dunnhaven
1901,Jeffrey Barnes,zbullock@gmail.com,855-513-5676,2022-05-03,64,Female,North Natalie
1902,Benjamin Steele,carolineedwards@gmail.com,261-239-3658,2022-05-21,20,Other,New Meganmouth
1903,Nicolas Wyatt,madams@gmail.com,977-694-0047,2022-11-02,36,Male,East Elizabeth
1904,Elizabeth Lopez,donaldsanchez@gmail.com,259-707-9134,2021-02-02,28,Male,Phamburgh
1905,Vanessa Johnson,kylekim@gmail.com,242-233-4677,2022-01-20,51,Male,Patelfurt
1906,Johnny Weaver,dannysullivan@gmail.com,314-631-6846,2022-12-08,18,Male,Woodshire
1907,Timothy Richards,jameshernandez@gmail.com,795-873-0740,2022-10-06,65,Male,Alvaradoberg
1908,Joshua Page,blackburnchristopher@gmail.com,843-294-1767,2024-04-11,63,Female,Chamberstown
1909,Jordan Garza,urivera@gmail.com,889-800-5531,2022-08-14,36,Other,Novakton
1910,Angela Moore,kimberlyreese@gmail.com,534-249-3528,2021-01-05,24,Other,Shelleyborough
1911,Michelle Miller,susan94@gmail.com,993-871-3823,2020-05-02,39,Other,Francohaven
1912,Michelle Hodges,jessica88@gmail.com,311-419-3958,2022-10-13,30,Other,Dixonberg
1913,Andrea Barrera,beverlybrown@gmail.com,368-908-7203,2021-03-07,22,Male,Port Lawrenceburgh
1914,Michael Porter,tammymclaughlin@gmail.com,405-651-7760,2023-07-04,40,Male,South Monicaville
1915,Joshua Obrien,hayneskaren@gmail.com,777-957-3985,2020-09-27,21,Male,North Karen
1916,Thomas Oliver,patrick76@gmail.com,478-364-2839,2022-06-01,25,Male,South Richard
1917,Christine Cortez,amylandry@gmail.com,402-477-2331,2020-11-29,44,Other,Brownchester
1918,Russell Howard,diana91@gmail.com,867-941-7508,2020-03-18,30,Female,Ericabury
1919,Charles Reed,chase91@gmail.com,690-912-5994,2024-08-07,40,Other,Kimberlystad
1920,Michele Rowland,david16@gmail.com,940-397-5858,2022-06-17,34,Male,Anthonymouth
1921,Barry Richardson,vtaylor@gmail.com,332-322-1441,2024-07-27,23,Male,South Yolandabury
1922,Danielle Robles,robertsonchelsea@gmail.com,470-270-6380,2023-06-09,54,Female,East Susanville
1923,Jo Jackson PhD,williamschad@gmail.com,664-247-4066,2024-05-01,59,Male,West Sarah
1924,Timothy Monroe,justin13@gmail.com,346-778-3223,2023-01-09,57,Male,West Sheila
1925,Susan Lee,scotthenson@gmail.com,928-783-9517,2021-07-07,27,Male,Robertbury
1926,Mr. John Gilbert,clementsjudy@gmail.com,899-676-2349,2022-06-05,56,Other,New Gabriela
1927,Julia Lee,zachary94@gmail.com,471-213-7878,2023-03-20,18,Other,Duncanmouth
1928,Joshua Wheeler,johnsonmichael@gmail.com,213-726-0652,2021-10-01,62,Other,Ryanborough
1929,James Patton,eileen48@gmail.com,782-374-8278,2021-10-26,31,Female,Bellshire
1930,Erica Vang,davidwilliams@gmail.com,433-410-5983,2020-03-30,18,Female,New Nathanielville
1931,Melanie Mayer,zbarnes@gmail.com,464-337-8510,2020-02-21,59,Male,Bradshawtown
1932,Ronald Mullins,jjefferson@gmail.com,262-653-8060,2023-01-11,40,Other,Lake Laurashire
1934,Ronnie Gallagher MD,emorgan@gmail.com,422-610-7953,2022-05-15,49,Other,Jonesmouth
1935,Hannah Dyer MD,brianavila@gmail.com,468-288-5438,2020-09-18,35,Other,Santoston
1936,Paula Frazier,huanglauren@gmail.com,747-415-1727,2022-09-12,30,Female,Contrerastown
1937,Jocelyn Rodriguez,iburnett@gmail.com,538-846-7706,2024-09-16,59,Male,Port Jeanette
1938,Benjamin Perez,jennifer85@gmail.com,864-830-0769,2023-05-09,24,Other,Meyerfort
1939,Stephanie Greene,cortezjonathan@gmail.com,572-959-4133,2023-03-22,37,Male,East Sherri
1940,Mr. William Gamble,lpalmer@gmail.com,650-668-4274,2021-09-19,33,Male,Foxmouth
1941,Jenna Smith,bgordon@gmail.com,832-849-9328,2024-03-15,51,Female,Port Keith
1942,Robin Randolph,caroline19@gmail.com,672-700-9132,2022-09-15,32,Other,Johnsonside
1943,Beth White,shelbymora@gmail.com,443-665-8425,2020-04-22,36,Female,Erinville
1944,Micheal Fisher,frankjohnston@gmail.com,582-857-6962,2024-06-25,32,Female,South Daniel
1945,Amy Quinn,rosaleskatherine@gmail.com,530-533-9281,2021-01-20,63,Male,New Dianeland
1946,April Simmons,martinlaura@gmail.com,239-678-2101,2022-09-30,49,Other,Chenton
1947,Brian Lawrence,mathewsnicholas@gmail.com,775-951-8507,2024-09-25,46,Other,West Williefurt
1948,Christopher Nguyen,christopher51@gmail.com,661-226-6214,2024-01-07,48,Other,Chrismouth
1950,Ashley Thompson,nbarrett@gmail.com,674-359-0317,2023-01-20,62,Other,Ryantown
1951,Francisco Blevins,carrie80@gmail.com,429-957-2900,2023-07-28,40,Female,Calvinfort
1952,Nancy Anderson,justindavis@gmail.com,740-474-0517,2020-06-29,45,Female,Lauraview
1953,Shelly Huynh,wtaylor@gmail.com,885-237-8401,2022-04-26,64,Female,Port Karen
1954,Douglas Wells,donald39@gmail.com,541-778-1393,2024-03-07,33,Other,Gillespietown
1955,Justin Moss,pflores@gmail.com,657-737-6987,2023-09-15,61,Male,Maloneville
1956,Matthew Hernandez,lauren32@gmail.com,481-335-4514,2021-03-24,51,Male,Simonbury
1957,Corey Schmidt,angela95@gmail.com,368-314-7357,2022-06-08,18,Female,Emilymouth
1958,Melissa Green,robinsonjean@gmail.com,225-430-5475,2024-08-31,62,Male,Kramertown
1959,Tim Lopez,marcus50@gmail.com,808-332-2093,2023-02-12,18,Female,Adamshaven
1960,Matthew Young,ariel99@gmail.com,333-721-9205,2021-11-05,18,Other,Walterborough
1961,Danielle Lawrence,williamsoscar@gmail.com,637-676-2722,2022-04-09,28,Female,Lake Danielmouth
1962,Katherine Williams,jill92@gmail.com,960-867-3654,2022-12-23,46,Male,Macdonaldland
1963,Adrian Todd DDS,richard04@gmail.com,729-576-9911,2021-12-02,26,Other,South Jennifer
1964,Kristen Jackson,cartermary@gmail.com,567-693-4337,2020-04-14,40,Female,Maryshire
1965,Allison Stevens,showe@gmail.com,255-651-7947,2023-09-01,44,Other,New Joannachester
1966,Gloria Mooney,raymondheath@gmail.com,897-232-0021,2021-09-10,64,Female,North Jameston
1967,Gary Walker,derrick49@gmail.com,940-602-9620,2020-01-07,37,Female,South Angela
1968,Caleb Moore,monique56@gmail.com,821-933-1912,2023-01-13,33,Other,East Noah
1969,Jose Ramirez,laura69@gmail.com,551-780-2085,2023-11-06,55,Other,Thompsonfort
1970,Brenda Dunn,drobbins@gmail.com,762-541-3533,2023-06-09,54,Male,Stephenborough
1971,Travis Wilkerson,thomashector@gmail.com,287-561-4564,2023-03-18,26,Male,North Benjamin
1972,Debra Porter,maystephanie@gmail.com,572-246-1654,2023-12-23,49,Other,Livingstonfurt
1973,Shelly Simon,andersonrichard@gmail.com,399-357-1416,2023-12-04,53,Female,Sandraview
1974,Stefanie Bishop,walkerdaniel@gmail.com,921-877-2441,2020-08-05,63,Female,East Theodore
1975,Travis Weeks,randyosborne@gmail.com,760-541-1728,2024-09-05,26,Other,Port Debbieton
1976,Derrick Yates,kimberlymartinez@gmail.com,692-495-2669,2023-04-24,32,Female,Port Theresaport
1977,Kevin Cook,lhernandez@gmail.com,373-320-7992,2022-01-30,60,Male,Port Angel
1978,Tristan Blake,ataylor@gmail.com,754-439-9552,2021-01-21,33,Male,West Charles
1979,Michelle Lopez,georgeshields@gmail.com,688-466-8570,2023-10-07,25,Female,Sandersberg
1980,Mark Perry,wallacetim@gmail.com,963-365-4532,2024-06-15,61,Male,West Nicholasside
1981,David Black,vroberts@gmail.com,391-646-5427,2022-08-20,20,Male,New Tara
1982,Jordan Wells MD,gregoryholt@gmail.com,974-871-5568,2021-12-02,60,Other,New Krystal
1983,Cheryl Barr,jonestoni@gmail.com,254-701-7729,2022-11-11,22,Other,North Nancyview
1984,Lisa Mercado,alishabradley@gmail.com,296-567-6072,2022-01-15,27,Female,East Michael
1985,Isaac Edwards,evansheidi@gmail.com,723-963-9592,2020-09-08,61,Female,Lake Jonathanburgh
1986,Scott Campos,wdunn@gmail.com,912-445-6060,2020-11-15,20,Female,Wolfeberg
1987,Tabitha Fisher,austin45@gmail.com,712-476-9288,2022-07-10,33,Other,Justinburgh
1988,Robert Johnson,melendeznorma@gmail.com,372-211-3231,2020-03-07,30,Female,Lake Calvin
1989,Kenneth Johnson,cynthia83@gmail.com,944-894-9063,2023-08-17,42,Other,New David
1990,Jonathan Oconnor,david20@gmail.com,208-360-5079,2021-01-16,46,Male,Perryhaven
1991,Thomas Norris,jerrysanchez@gmail.com,944-457-9091,2021-10-08,29,Other,Edwinchester
1992,Jason Shaw,collinstammy@gmail.com,277-808-8792,2020-04-04,35,Other,Orozcoburgh
1994,Lisa Pennington MD,jlyons@gmail.com,754-704-5011,2023-02-28,40,Female,New Thomas
1995,Rachael Ward,roybanks@gmail.com,320-879-1494,2021-04-26,56,Male,West Stephanieport
1996,Carlos Miller,nroth@gmail.com,209-543-6889,2022-03-26,62,Male,North Kerryborough
1997,Zachary Ward,warnerjonathan@gmail.com,999-987-3191,2024-03-13,48,Male,East Bradley
1998,Donna Perry,uali@gmail.com,289-461-4648,2020-02-02,40,Other,New Joseph
1999,Christina Burke,mathewmorrison@gmail.com,830-300-2342,2022-05-23,39,Female,Jonesfurt
2000,Elizabeth Fox,jessica15@gmail.com,884-819-9638,2020-07-23,24,Male,South Ryan
2001,Michael Rowe,ggreene@gmail.com,693-539-1080,2020-08-22,37,Female,Hansenhaven
2003,Travis Mcdonald,tylercox@gmail.com,372-470-5967,2022-11-05,25,Male,West Steven
2004,Nicholas Hoffman,sarahfigueroa@gmail.com,590-907-3188,2023-05-29,35,Female,Kimberlyshire
2005,Dr. Laurie Stephens,daniellerodriguez@gmail.com,450-208-9892,2020-08-21,45,Other,East Nathanielmouth
2006,Christopher Buckley,matthew83@gmail.com,480-435-3291,2023-12-16,29,Other,Arianaview
2007,Chad Moore,ijames@gmail.com,254-624-8701,2021-03-12,59,Male,Carterview
2008,Ashley Melendez,amber24@gmail.com,827-556-7334,2023-03-19,39,Male,Lake Margaretberg
2009,Tina Larson,zschneider@gmail.com,357-494-1284,2021-10-02,46,Male,Ginamouth
2010,Paula Marshall,omunoz@gmail.com,772-403-4326,2022-07-03,65,Other,Debbieview
2011,John Hernandez,deanpadilla@gmail.com,501-384-6737,2023-06-14,51,Female,South Charlesberg
2012,Robert Mclean,michael82@gmail.com,999-737-2612,2022-03-12,22,Female,Port Sydneychester
2013,Danielle Williams,timothy90@gmail.com,302-500-9917,2020-04-08,28,Other,South Joseph
2014,Terri Fleming,ymartin@gmail.com,277-923-3228,2023-10-03,51,Other,Santiagofort
2015,Erika Hall,ghernandez@gmail.com,532-920-3961,2021-12-05,34,Female,Hillborough
2016,Jose Harper,larsonbrandon@gmail.com,427-466-5634,2023-08-13,36,Female,Christinemouth
2017,Alejandro Hammond,mmartinez@gmail.com,863-314-0818,2020-06-21,22,Female,Evansmouth
2018,Andrew Schmidt,sarahfernandez@gmail.com,518-592-6767,2024-09-15,48,Male,Maryberg
2019,Amanda Jenkins,schmidtjustin@gmail.com,919-362-3207,2022-04-24,52,Female,Carpenterfort
2020,Brian Weiss PhD,cryan@gmail.com,610-407-8396,2021-09-20,30,Other,Francisfurt
2021,William Simpson,rebeccabryant@gmail.com,605-479-8243,2023-10-18,37,Other,Derrickland
2022,Monique Lee,samanthagarcia@gmail.com,933-849-0054,2022-11-15,22,Female,New Mark
2023,Kathryn Chapman,jerrybaker@gmail.com,239-549-5507,2023-09-14,41,Female,Riverachester
2024,Peggy Bauer,william05@gmail.com,902-718-2367,2020-12-06,60,Other,North Louis
2025,Kristina Torres,seanshah@gmail.com,754-926-8617,2021-03-21,39,Female,West Lee
2026,Joshua Reed,dean43@gmail.com,653-576-0301,2020-05-15,50,Female,West Marioborough
2027,Tyler Wilkins,barnettcrystal@gmail.com,736-702-5584,2022-06-04,65,Male,Lucasburgh
2028,Joe Davidson,walshregina@gmail.com,645-391-6825,2023-07-06,37,Other,Kirstenstad
2029,James Watson,joshuahuffman@gmail.com,571-728-5830,2022-02-03,62,Other,Port Jenniferville
2030,Christopher Jones,baileydeborah@gmail.com,527-666-8799,2023-07-23,61,Other,Lake Tammy
2031,Michael Ellison,mathisnicholas@gmail.com,805-868-0979,2024-03-11,50,Female,Port Dillonton
2032,Kelly Hernandez,melissarobinson@gmail.com,310-939-6973,2023-03-08,45,Female,East Haley
2033,Tracy Lucas,justinjohnson@gmail.com,808-609-9976,2021-05-12,27,Female,Port Manuelshire
2034,Cassidy Schmitt,jonathanstanton@gmail.com,934-309-7131,2022-10-06,33,Male,Gallagherfort
2035,Michael Lopez,bsmith@gmail.com,768-871-7754,2022-11-04,38,Female,North David
2037,Mike Lane,eharmon@gmail.com,467-913-7136,2023-08-10,42,Male,Lake Jenniferstad
2038,Benjamin Johnson,monicadougherty@gmail.com,692-663-3872,2023-12-10,41,Male,Jonesmouth
2039,Joshua Campbell,kowens@gmail.com,402-841-3958,2021-05-19,46,Male,Charlesstad
2040,Kevin Patterson,christopher73@gmail.com,464-667-7604,2021-10-22,45,Female,Port Benjaminton
2041,Parker Proctor,hcarey@gmail.com,393-714-9680,2021-03-25,36,Female,Jacksonhaven
2042,Danielle Aguirre,rachel85@gmail.com,962-970-6214,2024-05-23,53,Male,East Maria
2043,Brooke Jordan,amanda57@gmail.com,465-688-9740,2021-06-14,61,Male,Timothyland
2044,Jessica Chen,michael36@gmail.com,950-752-5708,2023-03-26,36,Other,Jenniferburgh
2045,Scott James,gabrielrobertson@gmail.com,567-754-2021,2023-04-08,48,Other,Lake Heatherport
2046,Ernest Parsons,jpeterson@gmail.com,707-304-2680,2021-02-06,54,Other,South Tiffany
2047,Megan Tucker,rbell@gmail.com,432-863-8065,2020-05-12,52,Other,Michellemouth
2048,Pamela Martinez,davisdaisy@gmail.com,719-369-6632,2021-02-05,42,Other,Carolynfurt
2049,Jade Bridges DDS,kingrebecca@gmail.com,369-778-7516,2020-09-20,30,Other,Amberton
2050,Monica Huffman,jamesingram@gmail.com,957-331-3926,2024-05-07,43,Other,Weeksburgh
2051,Alex Wright,qperkins@gmail.com,272-456-6629,2021-09-17,37,Other,Aaronfort
2052,Sylvia Lester,kimberlyrodriguez@gmail.com,245-289-5680,2021-09-21,49,Other,Whiteburgh
2053,Shelly Greene,millerrobert@gmail.com,605-748-2984,2022-11-10,53,Other,Powersville
2054,Alyssa Barnett,beverlyfarrell@gmail.com,295-847-6781,2020-05-01,26,Male,North Keithshire
2055,Lori Craig,lindashort@gmail.com,963-927-3385,2022-06-10,31,Other,Port Carol
2056,Kellie Morgan,sara82@gmail.com,811-678-0010,2023-11-03,46,Other,Lloydstad
2057,Rebecca Graham,matthew15@gmail.com,297-282-3525,2021-11-26,59,Other,Marystad
2058,David Robertson,sandy85@gmail.com,211-354-2928,2021-04-13,59,Other,South Lindachester
2059,Jose Clay,sara28@gmail.com,607-710-3262,2021-08-26,49,Female,South Rose
2060,Heather Martinez,barneserin@gmail.com,417-755-6576,2023-06-10,20,Male,Alvarezmouth
2061,Michael Shelton,princemichael@gmail.com,553-314-6141,2024-07-14,20,Other,East Edward
2062,Cody Patel,beth09@gmail.com,836-844-9475,2020-10-08,60,Male,Tamarachester
2063,Jason Perry,tsanchez@gmail.com,269-691-4088,2023-05-11,25,Female,South Edwinton
2064,Eric Alexander,amy52@gmail.com,866-691-9981,2022-02-15,46,Other,Floresfurt
2065,Michael Strong,megantaylor@gmail.com,877-277-8805,2020-03-07,21,Other,Everettport
2066,Brian Lane,carpentergina@gmail.com,579-559-6826,2020-02-19,38,Other,Dodsonchester
2067,Dylan Sexton,debra29@gmail.com,494-287-0136,2022-11-16,26,Female,Port Ronald
2068,Maria Harmon,joshualawrence@gmail.com,384-997-2974,2020-07-31,49,Female,Wellsshire
2069,Olivia Clayton,dmartin@gmail.com,414-623-4575,2023-12-19,62,Female,Murphychester
2070,Dr. Steven Lozano,dbenson@gmail.com,780-763-9862,2024-09-19,24,Female,Sherimouth
2071,Charles Robinson,cookdavid@gmail.com,714-683-5740,2023-10-31,49,Male,Hullberg
2072,Heather Huffman,nancyjones@gmail.com,316-402-3918,2023-02-28,33,Male,Aprilside
2073,Ryan Wright,tsnyder@gmail.com,481-581-1138,2021-11-30,57,Other,South Brittanyburgh
2074,Jasmine Burton,angelmeyers@gmail.com,816-462-1467,2023-03-05,49,Male,Lunachester
2075,Danielle Faulkner,kingmarilyn@gmail.com,557-943-5812,2020-03-22,45,Female,South Ellen
2076,Hannah Williams,jessica18@gmail.com,213-623-4103,2023-05-06,39,Female,Brittanyton
2077,Kimberly Rivera,charlesperez@gmail.com,455-415-9332,2022-07-03,27,Male,Adamstown
2078,Janet Garcia,matthew52@gmail.com,964-912-3697,2023-01-28,62,Female,Carlosville
2079,Laurie Johnson,joseyoung@gmail.com,786-938-5414,2021-02-25,30,Male,Williamsview
2080,Brittany Kaiser,volson@gmail.com,848-947-1159,2024-02-02,19,Other,New Leonardfort
2082,Allison Mason,reginapatrick@gmail.com,641-683-0115,2020-01-09,18,Male,New Tonyville
2083,Gloria West,brightmolly@gmail.com,390-885-2268,2020-02-16,61,Male,Port Timothy
2084,Diana Leach,meganthompson@gmail.com,935-868-6659,2021-08-08,25,Male,West Morganville
2085,Kim Grimes,solomonbethany@gmail.com,479-957-4569,2022-08-06,18,Male,North Deborah
2086,Dale Yang,smithkevin@gmail.com,252-288-5610,2023-01-11,20,Other,Jillianport
2087,Michael Powers,djohnson@gmail.com,561-239-8456,2022-12-21,61,Male,North Samuelfort
2088,Katie Mitchell,chambersjohn@gmail.com,554-464-0744,2022-09-14,21,Male,South Russell
2090,Deborah Pena,robertsimpson@gmail.com,947-779-1907,2023-08-28,35,Female,East Susanshire
2091,Jeanette Hart,tramos@gmail.com,857-313-8850,2020-05-03,43,Male,Port Charles
2092,Joel Adams,stephanie75@gmail.com,561-407-9246,2022-12-14,59,Other,Danielton
2093,Caitlin Fernandez,qsilva@gmail.com,381-414-3716,2023-11-06,61,Other,South Joshuaville
2094,Kayla Washington,dawsontodd@gmail.com,597-880-0225,2021-10-06,47,Female,Coreyborough
2095,Brittany Miller,hilltammy@gmail.com,555-489-1678,2023-06-30,54,Other,Weekshaven
2096,Dana Gonzales,scottpetersen@gmail.com,265-336-7532,2021-12-15,27,Other,Lake Jonathanfurt
2097,Jodi Martinez,justinkim@gmail.com,886-816-9802,2021-08-19,40,Other,Lake Angelamouth
2098,Elizabeth Perez,banksashley@gmail.com,555-623-7941,2022-09-17,39,Male,Martinton
2099,Ronald Burns,njones@gmail.com,216-240-9249,2020-03-20,36,Other,Lake Jefferybury
2100,Mrs. Ashley Rodriguez,fosteremily@gmail.com,341-763-0583,2024-09-11,47,Female,New James
2101,Monica Wilcox,jared48@gmail.com,424-950-7633,2022-04-27,57,Male,Mclaughlinchester
2103,Joshua Beasley,ocollins@gmail.com,246-269-8632,2024-05-25,35,Female,Lake Paul
2104,Katherine Johnston,gjohnson@gmail.com,662-484-9460,2020-09-29,32,Male,Ericchester
2105,Ryan Cooper,jamie75@gmail.com,885-354-0356,2020-01-10,23,Female,Owensborough
2106,Lauren Watkins,allison18@gmail.com,626-678-5306,2020-11-03,19,Female,Gomezbury
2107,Rachael Andersen,andreaortega@gmail.com,993-505-8932,2020-12-20,28,Male,West Williamshire
2108,Larry Daniel,robertmcdonald@gmail.com,916-297-0368,2023-12-02,37,Female,Oscartown
2109,Jodi Hodge,lisagreen@gmail.com,887-211-4416,2021-03-14,52,Male,West Robert
2110,Christopher Martinez,huntjerry@gmail.com,608-389-8178,2022-01-11,40,Male,Johnsonstad
2112,Evelyn Brown,robersonkaren@gmail.com,441-252-1902,2023-01-26,64,Other,West Robin
2113,Penny Matthews,debra00@gmail.com,680-408-9161,2020-09-20,41,Male,West Amber
2114,Ashley Williams,ryan63@gmail.com,820-759-4725,2021-06-28,25,Male,Morrisburgh
2115,Mark Hines,aevans@gmail.com,458-630-0902,2022-09-22,44,Female,Kellerport
2116,Gary White,ggonzalez@gmail.com,645-569-4274,2024-09-01,41,Other,Lake Lindsey
2117,Samantha Leblanc,deckercasey@gmail.com,463-732-9274,2022-07-19,31,Other,North Kayla
2118,Charles Villanueva,grahamjohn@gmail.com,768-811-1125,2022-03-21,54,Other,East Sallyshire
2119,Nina Flynn,chadthomas@gmail.com,804-297-7038,2021-01-09,38,Other,North Deborahport
2120,Robert Matthews,jessica65@gmail.com,887-784-2570,2021-02-16,51,Female,Rochamouth
2121,Brian Johnson,lawrencehardin@gmail.com,704-899-0392,2020-04-07,52,Other,West Garrett
2122,Mrs. Alicia Parker,richardmcintyre@gmail.com,942-509-3603,2020-10-12,55,Female,Everettburgh
2123,Valerie Gibson,novakjohn@gmail.com,403-774-5439,2022-05-31,38,Female,South Jenniferland
2124,Elizabeth Brooks,priscilla80@gmail.com,714-679-9149,2023-03-31,36,Male,East Rachel
2126,Susan Miller,cowancharles@gmail.com,465-744-9129,2020-06-21,57,Male,Anthonyborough
2127,Stephanie Neal,sarahortega@gmail.com,491-353-4271,2022-05-25,24,Male,Timothystad
2128,Nicole Bates,ryan23@gmail.com,945-825-1118,2023-05-20,31,Male,Jennifermouth
2129,Angela Marks,shawn43@gmail.com,410-553-5491,2020-03-14,57,Other,East Christopherfurt
2130,Mr. Jeffrey Henderson,edixon@gmail.com,866-700-0069,2020-06-08,49,Male,West Aaronstad
2131,Micheal Young,bowenjessica@gmail.com,210-359-4893,2022-09-19,60,Other,Hamptonmouth
2132,Christopher Kirby,bennettamy@gmail.com,457-582-2066,2022-12-24,18,Female,Douglasmouth
2133,Brittany Dunn,nelsondenise@gmail.com,659-668-1885,2020-03-25,57,Male,Lindsayton
2135,Jerry Hubbard,glynch@gmail.com,421-957-3492,2020-09-01,58,Male,Wileyton
2136,Deborah Patterson,aaron31@gmail.com,944-453-8694,2022-06-18,57,Other,New Edward
2137,Alexander Hill,johnsonkathryn@gmail.com,599-511-5028,2022-06-26,52,Other,Rodriguezmouth
2138,Sarah Romero,victor80@gmail.com,303-539-9980,2023-01-29,44,Female,West Micheal
2139,Destiny Thomas,jillian99@gmail.com,401-352-8353,2024-05-12,56,Male,Gonzalezburgh
2140,Jacob Underwood,bradleyjohnson@gmail.com,375-835-1739,2020-07-27,60,Male,Lindamouth
2141,Jeremy Moore,dunnashley@gmail.com,704-794-1130,2020-03-11,46,Other,Port Pedro
2142,Breanna Mcneil,cheryl23@gmail.com,604-774-8239,2024-01-12,18,Male,Jesusville
2143,Andrew Perkins,tina11@gmail.com,946-450-8678,2022-06-06,56,Other,Port Peterville
2144,Patrick Sims,wilsonandrew@gmail.com,957-799-7549,2020-07-25,57,Female,Lake Colin
2145,Daniel Parker,hmcdowell@gmail.com,998-391-6967,2022-08-31,47,Female,Michaeltown
2146,Tamara Williams,heatherolsen@gmail.com,533-416-9286,2023-06-11,29,Female,South Charlestown
2147,Susan King,psmith@gmail.com,863-215-9785,2021-07-17,44,Female,Wisestad
2148,Allison Sullivan,eatontimothy@gmail.com,845-248-1174,2023-01-06,45,Female,New Jonathon
2149,John Salas,aaron75@gmail.com,979-913-5948,2021-05-03,55,Other,North Kristin
2150,Michael Koch,jonesvincent@gmail.com,471-563-9856,2021-10-16,48,Female,West Benjamin
2151,Jacqueline Campbell,christopherjones@gmail.com,945-790-6004,2020-08-04,25,Male,West Jenniferport
2152,Carla Patterson,kristina54@gmail.com,390-724-2991,2021-03-08,65,Male,New Stephaniefurt
2153,Laura Higgins,colepeters@gmail.com,866-452-8730,2023-04-13,50,Male,Murphystad
2154,Jessica Ruiz,alyssamiller@gmail.com,254-525-5630,2020-02-25,42,Male,New Lawrence
2155,Brenda Carter,hughesdana@gmail.com,930-877-2274,2022-04-17,50,Female,Matthewburgh
2156,Chad Deleon,jacquelinemartinez@gmail.com,559-319-4773,2024-07-26,60,Male,South Andreaport
2157,Shelly Diaz,nicholas96@gmail.com,631-863-3071,2022-07-24,45,Male,New William
2158,Michael Anderson,mindyayala@gmail.com,856-814-7257,2024-08-15,30,Male,Josephchester
2159,Robert Alexander,lucasrose@gmail.com,409-891-9303,2021-02-09,39,Female,Lake Joshuaberg
2160,Michael Gonzales,lholder@gmail.com,944-205-1386,2021-01-14,30,Male,West Sara
2161,Robert Bell,kimberly20@gmail.com,586-268-1968,2020-10-02,44,Male,Hawkinsville
2162,Blake Gutierrez,cskinner@gmail.com,287-338-0492,2024-03-01,31,Female,Melaniechester
2163,Kevin Davenport,ramseymichael@gmail.com,299-605-6740,2020-03-11,64,Other,Danaport
2164,Madison Smith,carriegould@gmail.com,597-683-1257,2024-03-17,55,Other,New Kelli
2165,Michael Allen,scottjoshua@gmail.com,610-575-5622,2020-04-27,42,Other,Sandersberg
2166,Robert Miles,danielandrews@gmail.com,952-778-2898,2024-04-18,47,Female,Meyersbury
2167,Kathryn Brown,snowlisa@gmail.com,783-332-7458,2021-05-14,41,Other,North Zachary
2168,Jodi Smith,wilsonlinda@gmail.com,528-321-5688,2020-04-01,53,Male,Port Matthewfurt
2169,Carolyn Garner,vfoley@gmail.com,842-723-7338,2020-08-27,24,Female,North Michaelmouth
2170,Sarah Kim,walkerjose@gmail.com,760-497-6661,2022-02-17,25,Female,West Jacob
2171,Kayla Murphy,jessicaharris@gmail.com,379-721-3072,2023-04-18,52,Female,South Ronald
2172,David Perez,alicia68@gmail.com,579-497-8642,2024-05-16,65,Other,Richardsonport
2173,Stacey Becker,hchoi@gmail.com,287-484-8654,2023-09-19,45,Male,East Sharonville
2174,Daniel Harris,stevenhall@gmail.com,375-901-3831,2020-08-23,48,Other,Yvettebury
2175,Austin Walker,kimberlykelly@gmail.com,709-405-3357,2020-05-02,18,Male,Angelaburgh
2176,Thomas Johnson,elainemanning@gmail.com,475-709-2341,2022-06-29,38,Male,Hillfort
2177,Heather Roth,hpatterson@gmail.com,995-288-0381,2023-12-19,42,Female,Samanthaborough
2178,Anthony Ramirez,connorbrown@gmail.com,917-773-0364,2023-09-28,28,Other,New Evan
2179,Courtney Burnett,mcdonaldsharon@gmail.com,259-413-6720,2022-07-19,42,Other,Mollybury
2180,Francisco Conway,yfleming@gmail.com,927-548-6476,2021-11-14,27,Female,Port Connorburgh
2181,Wesley Bowen,emily10@gmail.com,691-687-1993,2020-07-02,43,Other,Clarkmouth
2182,Daniel Lang,blackjulia@gmail.com,384-330-2059,2024-01-10,36,Female,West Vincentport
2183,Stephanie Wolf,albertroy@gmail.com,918-745-5916,2022-01-27,52,Male,East Michael
2184,Miss Kelly Sawyer,amy95@gmail.com,272-804-1056,2021-03-07,44,Male,Whitetown
2185,Christopher Wright,areyes@gmail.com,687-344-5471,2021-04-10,53,Female,North Christopherfurt
2186,James Taylor,sara58@gmail.com,648-824-5322,2023-02-25,27,Female,Davidbury
2187,Darryl Smith,myersdaniel@gmail.com,282-942-2084,2022-02-24,33,Other,East William
2188,Melvin Smith,jamessmall@gmail.com,511-756-7321,2020-07-02,48,Other,Schmidtville
2189,Debra Stanley,eellis@gmail.com,661-253-1748,2024-09-01,22,Male,Elizabethtown
2190,Troy Coleman,lauren64@gmail.com,392-381-4697,2023-01-17,43,Male,South Elizabethburgh
2191,Kaitlyn Ruiz,davidzimmerman@gmail.com,486-480-0998,2024-05-09,43,Female,Martinezberg
2192,Michael Robinson,coffeysusan@gmail.com,791-612-7437,2024-03-25,39,Other,Hartside
2193,Angela Gonzales,vazquezjose@gmail.com,405-394-7844,2023-02-09,57,Female,West Keith
2194,Karen Boyd,andrea33@gmail.com,990-308-7417,2022-12-11,48,Other,East Anna
2195,Stephanie Jackson,ruth71@gmail.com,909-337-7019,2020-09-09,48,Other,North Allen
2196,Janice Gould,ysimon@gmail.com,869-288-3206,2024-06-11,43,Female,Heidistad
2197,Ryan Davis,vfriedman@gmail.com,223-735-5701,2024-09-28,23,Male,Campbellberg
2198,Sherry Williams,patriciamelendez@gmail.com,531-999-0858,2021-02-10,31,Female,Ruizstad
2199,Meredith Adams,patricia24@gmail.com,894-614-0864,2021-11-09,18,Male,East Ericport
2200,Danielle Wallace,gouldshelly@gmail.com,923-780-1828,2023-07-02,30,Female,East William
2201,Kevin Lindsey,clairewarren@gmail.com,705-520-1644,2023-12-23,27,Other,Haroldfort
2202,Anna Clark,stephanie97@gmail.com,980-758-1126,2021-12-01,48,Male,Port Ryan
2203,John Pierce,tara65@gmail.com,708-478-1042,2023-04-19,58,Female,Andersonville
2204,Charles Thomas,phoffman@gmail.com,870-453-5736,2024-01-05,47,Male,Claytonfurt
2205,Elizabeth Velez,melindaodonnell@gmail.com,607-807-4271,2023-05-29,62,Other,Johnshire
2206,John Hayes,jamiegraham@gmail.com,803-491-5776,2024-07-29,28,Male,Lake Sheila
2207,Mr. James Gallagher PhD,dilloncheyenne@gmail.com,718-711-8328,2023-03-05,54,Other,Taraport
2208,Omar Nichols,zrice@gmail.com,581-615-5563,2024-04-01,37,Male,New Elizabeth
2209,Alvin Peterson,beckchristine@gmail.com,675-665-9952,2024-04-18,35,Male,North Ashley
2210,George Neal,matthew01@gmail.com,998-457-9289,2024-06-10,51,Male,South Sandraville
2212,Michele Barrett,stevemalone@gmail.com,639-777-9446,2023-05-17,58,Male,North Teresa
2213,Brian Edwards,brandon97@gmail.com,577-297-9577,2024-01-04,61,Male,New Katherine
2214,Robert Herring,luis40@gmail.com,698-784-2067,2022-08-29,21,Female,South Jamesburgh
2215,Ricky Johnston,karenyu@gmail.com,237-399-1413,2022-01-24,48,Female,Lisatown
2216,Theresa Moore,vnelson@gmail.com,640-482-8417,2022-01-17,64,Male,South Rebecca
2217,Gregory Wood,darrenparrish@gmail.com,425-730-7474,2023-08-06,23,Male,West Corey
2218,Matthew Martin,sstone@gmail.com,925-357-1186,2024-07-13,39,Male,East Terriberg
2219,Carlos Rodriguez,emilygolden@gmail.com,409-692-6911,2022-11-11,30,Other,Haleystad
2220,Crystal Burke,bailey79@gmail.com,924-915-4714,2021-09-04,31,Other,Greenview
2221,Steven Jones,jasonruiz@gmail.com,998-494-3525,2021-04-12,41,Other,North Paul
2222,Dr. Matthew Lynn,mortonkelly@gmail.com,419-334-0127,2020-11-06,55,Other,Annamouth
2223,Gerald Brooks,bassmichael@gmail.com,462-520-0098,2024-02-23,37,Female,New Lisa
2224,Stephanie Weeks,xrichmond@gmail.com,523-577-8389,2022-01-02,18,Male,Byrdborough
2225,Laura Hall,adamsstacy@gmail.com,681-754-4132,2023-08-14,51,Male,Chelseafurt
2226,Peter Frazier,pkirby@gmail.com,414-572-4467,2023-03-01,29,Male,South Michael
2227,Andrea Johnson,matthew31@gmail.com,672-509-4139,2024-04-16,21,Female,Morrisville
2228,Sherri Williams,andrew09@gmail.com,902-617-5505,2023-05-10,59,Other,Reynoldsburgh
2229,Kevin Lopez,aduncan@gmail.com,902-382-6237,2021-09-27,40,Other,Lake Jennifer
2230,Shane Oconnor,josephknight@gmail.com,272-772-9307,2023-11-03,55,Other,Trujillochester
2231,Tara Ross,khernandez@gmail.com,861-423-2010,2022-04-01,18,Other,Port James
2232,Julie Pitts,alexandertiffany@gmail.com,605-873-5556,2020-05-18,50,Female,New Elaine
2233,Paul Porter,vward@gmail.com,901-569-9461,2021-12-04,53,Other,Michelechester
2234,Karina Greene,williamserik@gmail.com,275-939-0045,2021-11-07,29,Female,East Bryan
2235,Keith Mills,frank99@gmail.com,403-970-4188,2020-02-06,38,Female,Johnnyport
2236,Daniel Pearson,ypalmer@gmail.com,675-662-0501,2020-04-25,51,Male,West Samanthafurt
2237,Alexandra Bailey,dianabrown@gmail.com,958-619-8207,2021-10-23,62,Other,Anatown
2238,Adam Davis,cchavez@gmail.com,358-660-4602,2020-01-23,24,Female,Peckchester
2240,Sara Torres,shermanbeth@gmail.com,352-736-8275,2022-10-17,18,Male,Millertown
2241,Kimberly Hayes,robertsonsarah@gmail.com,578-881-5048,2021-06-24,25,Other,Carolineberg
2242,Thomas Mcmahon MD,christina10@gmail.com,302-595-3139,2020-09-04,29,Other,West Dawn
2243,Sophia Beltran,pearsonelizabeth@gmail.com,851-756-2330,2022-10-14,45,Male,Roberttown
2244,Sandra Hernandez,jeff14@gmail.com,469-969-7845,2021-08-27,20,Male,Lake Tylerfort
2245,Steven King Jr.,tara92@gmail.com,830-472-3039,2024-06-12,49,Male,New Jeffreyfort
2246,Gregory Williams,yhenderson@gmail.com,657-686-6853,2021-05-22,48,Male,Watkinsport
2247,Angelica Washington,lynchsusan@gmail.com,618-832-2894,2021-07-10,40,Other,Angelahaven
2248,Megan Young,elizabeth03@gmail.com,893-581-4759,2024-08-15,49,Other,Port Stephanie
2249,Roberto Williams,jonathan03@gmail.com,290-400-6406,2023-06-12,64,Male,West Johnny
2250,Jordan Burns,dianareeves@gmail.com,700-598-6722,2023-03-04,34,Other,Nicholasmouth
2251,Richard Wilson,kellyangela@gmail.com,517-998-5337,2022-10-24,57,Other,West Lisa
2252,Lisa Juarez,criggs@gmail.com,592-387-6760,2024-03-01,54,Male,Andersontown
2253,Justin Burgess,jscott@gmail.com,481-307-4932,2021-08-31,25,Other,East Gregoryfort
2254,Jonathan Holt,rrollins@gmail.com,859-673-4362,2022-08-09,35,Other,Lake Samantha
2255,Joseph Gonzalez,batesthomas@gmail.com,218-220-1616,2020-08-22,57,Other,North Charlesport
2257,Katherine Davis,garymiller@gmail.com,519-432-5574,2022-12-07,29,Male,Larrybury
2258,Kevin Contreras,coryclay@gmail.com,317-343-3911,2022-01-28,19,Other,West Daniel
2259,Richard Lopez,melanie69@gmail.com,628-516-0280,2022-12-27,33,Other,Autumnshire
2260,Melissa Richardson,andrewcabrera@gmail.com,975-553-7804,2022-07-15,64,Male,Mcdowellborough
2261,Lori Cole,rodriguezluke@gmail.com,689-234-2998,2024-07-19,18,Female,Lake Kathrynmouth
2262,John Wheeler,hfoster@gmail.com,331-435-3704,2020-12-15,43,Female,Lake Vanessa
2263,Catherine Avila,cummingsjoshua@gmail.com,440-820-3696,2024-08-22,23,Other,Lake Toddstad
2264,Kevin Young,lancelopez@gmail.com,726-303-9023,2020-06-09,63,Other,Boydfurt
2265,Jennifer Garrison,taylorrubio@gmail.com,211-689-3229,2022-04-10,43,Other,North John
2266,Susan Dickerson,kaylarandolph@gmail.com,989-653-1672,2024-07-31,27,Other,New Angela
2267,Robert Ruiz,brandon33@gmail.com,373-227-9219,2020-02-27,61,Other,Carrmouth
2268,Amanda Leon,pamela22@gmail.com,507-954-3153,2023-08-09,44,Male,East Caleb
2269,Shawn Henderson,scottalexandra@gmail.com,610-554-1329,2020-03-22,20,Other,Dianaside
2271,Mark Holland,brenda86@gmail.com,687-700-2791,2022-10-19,59,Male,Jonesville
2272,Thomas Russell,davidsonjulie@gmail.com,201-711-9957,2023-01-12,41,Female,North Rebeccaborough
2273,James Porter,chadmartin@gmail.com,291-752-0731,2022-07-11,46,Male,Brianstad
2274,Andrea Gross,richard89@gmail.com,322-656-3644,2020-06-30,43,Other,New Julieburgh
2275,John Reeves,umiller@gmail.com,813-258-0578,2022-09-25,31,Male,Hicksview
2276,Timothy Huber,dianeorozco@gmail.com,792-213-1717,2020-06-21,18,Female,South Christopherside
2277,Jennifer Carter,evelyn67@gmail.com,692-974-0909,2021-12-10,62,Other,South Ryan
2278,Jonathan Mayer,kristin08@gmail.com,549-382-0702,2023-03-02,38,Female,Port Barbarachester
2279,Daniel Hughes,ronald66@gmail.com,320-472-0238,2021-11-10,39,Other,New Scott
2280,James Nelson,ashley90@gmail.com,275-501-7384,2021-04-15,21,Male,Sierrachester
2281,Dylan Oconnor,kmeyer@gmail.com,340-971-2292,2020-07-27,22,Female,Mariaside
2282,Kelsey Brown,morgan49@gmail.com,975-725-7399,2020-09-10,32,Female,North James
2283,Mary Sawyer,lgriffin@gmail.com,514-766-1267,2022-12-11,28,Male,Loribury
2284,Susan Foster,anthonymayo@gmail.com,304-683-0739,2024-02-06,25,Male,Port Barbara
2285,Kenneth Freeman,nelsonpreston@gmail.com,474-859-4283,2021-11-06,33,Female,Port Jamesland
2286,Daniel Dodson,vlawrence@gmail.com,818-344-9837,2020-07-18,35,Female,Clarkview
2287,Amber Morton,mark65@gmail.com,847-811-0955,2024-07-10,58,Female,Weavertown
2288,Sarah Wilkinson,vincentandrew@gmail.com,585-680-7588,2024-04-13,59,Male,Morganton
2289,Jonathan Ramirez,dwilliams@gmail.com,922-206-0970,2023-11-22,20,Other,Alvarezchester
2290,Dominique Williams,burtoncrystal@gmail.com,538-366-5232,2022-07-25,63,Other,North Jasonstad
2291,Amanda Jefferson,markbailey@gmail.com,742-647-4130,2021-03-12,54,Male,North Maria
2292,Sandra Phillips,proberts@gmail.com,624-426-4316,2023-05-26,39,Male,North Jacob
2293,Henry Phillips,vgarcia@gmail.com,684-233-1417,2024-09-06,50,Male,Jenniferside
2295,Donald Ward,carrkatherine@gmail.com,613-659-9863,2023-06-03,59,Other,West Christopherborough
2296,Thomas Henry,jeffreywest@gmail.com,883-525-2191,2023-02-24,28,Male,Mistyburgh
2297,Christine Johnson,jodycochran@gmail.com,658-235-3645,2022-04-21,36,Other,Gailport
2298,Harold Anderson,huertamelinda@gmail.com,412-804-8773,2020-06-04,55,Male,East Jose
2299,Robin Morrison,dhernandez@gmail.com,563-913-6966,2022-01-03,52,Female,Molinatown
2300,Diana Campbell,kylefrost@gmail.com,583-856-9784,2023-02-02,62,Other,Johnport
2301,Theresa Greene,xmorse@gmail.com,753-575-2563,2020-02-14,51,Other,Melissaport
2302,Cristian Flores,gonzalesbrandon@gmail.com,516-405-0861,2020-10-23,63,Male,East Ian
2303,Rebecca Ramos,jacobsonjeffrey@gmail.com,234-401-1646,2020-12-31,47,Other,North Susanmouth
2304,Melissa Smith,brian56@gmail.com,853-536-3503,2023-08-31,42,Female,Seanport
2305,David Park,bdavis@gmail.com,485-911-7326,2020-06-08,43,Male,Rodriguezchester
2306,Rick Coffey,timothyrowe@gmail.com,492-882-7993,2024-08-01,23,Other,Claytonborough
2307,Richard Smith,wendylogan@gmail.com,666-833-6139,2022-10-08,29,Other,North Darrentown
2308,Shirley Brooks,catherine62@gmail.com,619-221-7762,2023-06-21,59,Male,Andersonshire
2309,Anthony Welch,dwilkinson@gmail.com,236-887-8804,2023-11-30,21,Other,East Cheyenne
2310,Danielle Meyers,kevinlopez@gmail.com,633-850-3903,2020-03-08,64,Other,Mendozafurt
2311,Julie Anderson,usantos@gmail.com,697-517-5970,2024-03-02,63,Male,New Robertside
2312,Tyler Scott,michael38@gmail.com,723-667-9127,2021-03-29,36,Female,Martinborough
2313,Alfred Anderson,diane00@gmail.com,473-853-2871,2024-03-30,47,Other,West Ryanshire
2314,Ricardo Watkins,aliciajohnson@gmail.com,675-705-4623,2022-12-29,26,Male,South Christopherland
2315,Nathan Cross,pmartin@gmail.com,759-980-8876,2023-07-10,51,Female,South Joseph
2316,Linda Foster,katherine28@gmail.com,547-765-0798,2022-06-08,63,Female,Bonnieberg
2317,Jennifer Lozano,pjones@gmail.com,416-415-4663,2022-11-17,64,Other,North Kelli
2318,Brooke Jenkins,stacey58@gmail.com,534-310-4332,2024-09-29,31,Female,North Elizabeth
2319,Megan Davis,nicolethornton@gmail.com,700-885-4990,2022-10-16,48,Male,Danielhaven
2320,Samantha Hess,garyallison@gmail.com,605-601-5064,2023-03-14,39,Male,Zacharymouth
2321,Shelby Martin,harpersherry@gmail.com,368-398-5561,2023-06-20,21,Female,Williamtown
2322,Tina Daniels,mcculloughdanielle@gmail.com,239-380-0086,2024-02-15,50,Female,New John
2323,Shawn Rivera,joseph61@gmail.com,967-443-8278,2021-09-11,58,Male,North Jesusmouth
2324,Mary Ross MD,christopher93@gmail.com,748-227-0146,2020-10-04,18,Male,North Christina
2325,Larry Caldwell,qwright@gmail.com,855-558-1924,2024-02-06,38,Other,East Corey
2326,Tamara Wright,heatherwalsh@gmail.com,204-338-2887,2022-01-31,42,Male,Lake Jamestown
2327,Bruce Rogers,bellnicole@gmail.com,243-244-1828,2023-01-19,45,Other,Wolfehaven
2328,Todd Ferguson,jenningsjessica@gmail.com,348-849-1138,2021-03-04,54,Male,Briggsport
2329,Karen Allison,amymarshall@gmail.com,819-817-2973,2024-04-29,20,Male,Lake Robin
2330,Whitney Merritt,kimberly92@gmail.com,417-991-8346,2022-05-08,20,Other,New Markburgh
2331,Wendy Underwood,prodriguez@gmail.com,315-571-2951,2021-03-30,64,Male,South John
2332,Jeffrey Cooper,christophernguyen@gmail.com,851-305-7133,2022-07-29,28,Female,Brookschester
2333,Joanna Jones,matthew93@gmail.com,421-410-1431,2023-02-08,48,Female,Lake Melissa
2334,Kathryn Maddox,swilliams@gmail.com,811-476-0161,2020-10-08,38,Other,West Lisamouth
2335,Sarah Nguyen,njones@gmail.com,629-773-6130,2021-04-15,59,Female,Lake Jennifer
2336,Melissa Hernandez,collinsrichard@gmail.com,649-220-4957,2020-09-02,24,Male,Port Jennifer
2337,Jacob Cook,theresapotter@gmail.com,978-443-6582,2020-04-29,58,Other,Matthewchester
2338,Philip Morgan,burkemanuel@gmail.com,333-959-8367,2022-04-19,39,Other,Lake Laurenfort
2339,Brian Gonzalez,chad31@gmail.com,342-244-2768,2021-12-03,64,Male,Karenview
2340,Christopher Johnson,martinezwilliam@gmail.com,412-366-0467,2021-12-18,48,Male,Whitneychester
2341,Larry Alvarez,melissa15@gmail.com,781-402-2187,2023-04-29,58,Female,West Michael
2342,Jennifer Medina,michaelrichardson@gmail.com,772-763-0202,2021-10-02,48,Female,West Deborah
2343,Aaron Hale,colecrystal@gmail.com,704-522-9881,2023-04-16,62,Female,Reyesshire
2344,David Bradley,michelle37@gmail.com,922-661-5373,2022-02-07,47,Female,Lake Pamelaland
2345,Matthew Robbins,sarahfrye@gmail.com,488-674-4390,2024-09-06,51,Female,Ballardmouth
2346,Jacqueline Johnston,atkinsnicholas@gmail.com,250-922-7277,2023-05-31,61,Other,New Michaelfort
2347,Jimmy Rodriguez,loriwallace@gmail.com,618-829-4041,2023-11-04,54,Male,Blakeborough
2348,Mark Clark,ewallace@gmail.com,979-293-8996,2021-06-21,37,Male,South Angelicachester
2350,Emily Mckenzie,rodrigueztodd@gmail.com,758-977-4148,2021-09-14,27,Male,Jonesstad
2351,Nicholas Stone,lopezjohn@gmail.com,509-823-5767,2022-06-07,34,Male,Michaelborough
2352,Autumn Fleming,jeff64@gmail.com,781-584-7919,2020-08-04,38,Other,South William
2353,Cory Garcia,stephenwhite@gmail.com,802-465-5467,2024-02-04,38,Male,Jacksonhaven
2354,John Tapia,steven32@gmail.com,757-703-9481,2021-06-21,19,Other,South Ashleyburgh
2355,Kelly Walker,alisonbanks@gmail.com,232-316-4897,2021-07-27,50,Female,South Lisa
2356,William Pugh,guerrerosteven@gmail.com,851-217-0263,2020-07-21,65,Female,Diazland
2357,James Nguyen,alexisallen@gmail.com,877-210-4996,2023-01-06,51,Female,South Erikview
2358,Amanda Braun,hernandezcrystal@gmail.com,497-814-8858,2024-02-23,29,Female,New Eric
2359,Emily Cruz,yolandamorton@gmail.com,788-322-2946,2023-11-11,59,Other,Alyssaview
2360,Daniel Morrison,englishelizabeth@gmail.com,805-682-4990,2021-12-12,65,Female,Sherrystad
2361,Jennifer Jackson,johnslisa@gmail.com,525-330-8419,2022-02-19,46,Other,South Janetmouth
2362,Brianna Chen,harveyscott@gmail.com,967-243-3561,2021-11-30,26,Male,East Isabellahaven
2363,Ronald Johnson,jasminemcguire@gmail.com,809-308-1339,2021-08-15,57,Other,New Scottchester
2365,Ariana Hernandez,joseph38@gmail.com,655-625-7643,2023-11-06,54,Female,South Mariahport
2366,Cheryl Harrison,roybrennan@gmail.com,313-230-9889,2020-08-24,54,Male,Erinfort
2367,Vernon White,iwhite@gmail.com,491-480-3645,2021-03-05,62,Female,North Elizabethmouth
2368,Cynthia Shepard,tburns@gmail.com,442-512-1028,2020-12-17,62,Male,Sherriton
2369,Deborah Williams,reyesmaria@gmail.com,262-560-9564,2020-02-07,25,Female,Stevenchester
2370,Charles Thomas,jacksonjimmy@gmail.com,369-736-0680,2023-05-16,55,Other,Amandafurt
2371,Sharon Lawrence,maguilar@gmail.com,711-424-1313,2021-03-15,42,Other,Montgomerymouth
2372,Tanya Torres,blackwelljennifer@gmail.com,660-316-1313,2022-03-28,21,Male,Hillside
2373,Jeffrey Berger,brendahensley@gmail.com,843-277-5242,2020-05-25,29,Other,East Sylvia
2374,Kimberly Robinson,ibarrajohn@gmail.com,792-851-7423,2024-01-16,53,Other,New Darlenetown
2375,Vickie Martinez,wbrandt@gmail.com,826-325-8619,2023-07-06,26,Female,Kellymouth
2376,Tonya Diaz,schneidermaria@gmail.com,641-567-0978,2021-06-01,20,Other,East Annafort
2377,Michael Powers,michele33@gmail.com,630-523-5678,2024-08-12,42,Other,West Kennethland
2378,Danielle Curtis,laurawatson@gmail.com,527-888-0022,2020-05-19,46,Other,South Jamesfort
2379,Mr. Xavier Roy,andrew36@gmail.com,458-411-5498,2024-07-13,51,Female,Jamestown
2380,Michael Dominguez,tmayer@gmail.com,890-523-2359,2021-11-09,20,Other,Nicolefurt
2381,Joshua Wilson,michaelbrown@gmail.com,977-248-0342,2022-07-28,23,Female,Port Ryan
2382,Pedro Ross,brianbrady@gmail.com,383-275-8469,2022-01-22,26,Male,North Anthonyfort
2383,Phillip Daugherty,cwilson@gmail.com,964-366-3312,2023-04-04,20,Other,North Ericberg
2384,Darren Ortega,stephen07@gmail.com,808-610-5917,2020-10-11,29,Female,Audreyhaven
2385,Brandon Campos,cpollard@gmail.com,326-587-4854,2023-01-20,22,Female,Port Megan
2386,Michelle Gregory,mbaker@gmail.com,454-481-5060,2022-04-27,24,Female,East Terriville
2387,Heidi Jones,westaaron@gmail.com,667-243-5144,2021-06-02,50,Other,Marshallmouth
2388,Jeff Hart,heather47@gmail.com,970-837-5790,2024-08-16,30,Other,Jacksonbury
2389,Katelyn Morgan,xhoward@gmail.com,507-925-0769,2022-08-10,43,Male,North Jenniferchester
2390,Misty Hart,christensenian@gmail.com,327-538-6794,2020-04-16,22,Other,South Katherinemouth
2391,Jeffrey Mcbride,awu@gmail.com,844-426-9792,2020-07-01,51,Male,Lake Dustinland
2392,Brandon Murray,landrymackenzie@gmail.com,977-298-5911,2021-06-28,61,Other,Garrisonshire
2393,Jamie Meyer,rodriguezjoseph@gmail.com,206-662-6317,2022-09-15,48,Female,West Jacobchester
2394,Daniel Morgan,diane52@gmail.com,435-706-6621,2023-12-31,36,Female,Lake Amandashire
2395,Greg Miles,eric83@gmail.com,725-725-2994,2021-12-25,45,Other,Blackborough
2396,Crystal Beltran,jeffersonlaura@gmail.com,226-279-3435,2020-02-09,48,Female,Myersberg
2397,Kristina Smith,zamoradarryl@gmail.com,584-913-2075,2022-03-23,52,Female,Powersside
2398,Lisa Kramer,webbamanda@gmail.com,599-561-3611,2024-06-16,31,Female,Nathanielhaven
2400,Ryan Harris,frankcooley@gmail.com,572-241-8351,2023-01-19,53,Other,New Bonnie
2401,Stephanie Sanchez,paul22@gmail.com,590-442-0385,2020-01-10,64,Female,Lake Melissa
2402,Leslie Wall,arodriguez@gmail.com,232-882-7477,2021-08-10,20,Other,Larrystad
2403,Justin Cooper,joshua26@gmail.com,368-515-7068,2020-10-26,25,Male,South Kathleen
2404,Misty Brown,malvarez@gmail.com,301-714-8185,2024-02-17,47,Male,Port Richard
2405,Natasha Jacobs,lisa40@gmail.com,607-541-7608,2023-05-06,54,Other,Brownport
2407,Gregory Morris,garciasierra@gmail.com,290-406-5711,2021-01-26,45,Male,Christinachester
2408,Alexis Walls,agarcia@gmail.com,934-748-7699,2023-01-24,41,Other,New Alexandra
2409,David Johnston,russellhenry@gmail.com,241-879-9181,2024-04-28,65,Female,West Kevin
2410,Allison Carr,ssanchez@gmail.com,269-298-6700,2024-04-17,58,Female,Jessicafort
2411,Beth Decker,theresagarrett@gmail.com,685-548-5417,2022-10-05,52,Female,Christianberg
2412,Mark Miller,tcox@gmail.com,498-536-9573,2023-10-12,19,Female,North Jasonborough
2413,Whitney Cooper,gregorysusan@gmail.com,252-899-4079,2023-11-13,44,Other,Port Valerieborough
2414,Meagan Hall,thomas47@gmail.com,480-353-6168,2024-05-14,55,Female,South Nathaniel
2415,Brian Warren,ygrimes@gmail.com,382-682-3145,2024-07-08,51,Other,Brandonland
2416,Mary Stevenson,uperez@gmail.com,239-706-7462,2020-01-02,59,Other,Port Leemouth
2417,David Morales,jasmine63@gmail.com,255-428-9947,2023-02-03,35,Female,New Josephport
2418,Michael Stewart,vhernandez@gmail.com,630-739-6248,2024-07-08,43,Male,New Johnfurt
2419,Jessica Velasquez,dbrown@gmail.com,594-413-1259,2020-10-12,53,Female,Port Ashleychester
2420,Crystal Payne,kevinwalker@gmail.com,573-248-5307,2020-03-26,58,Male,North Jennifer
2421,Aaron Little,yclark@gmail.com,676-448-9681,2021-04-21,28,Other,Stevenside
2422,Karen Woodward,nmcdonald@gmail.com,959-744-7965,2023-08-01,56,Male,Phillipchester
2423,Charles Perry,janet68@gmail.com,448-453-2686,2021-08-21,52,Male,Alyssabury
2424,Brooke Kim,reneeellis@gmail.com,372-542-1329,2022-07-27,27,Other,East Dawn
2425,Tony Benjamin,martinthompson@gmail.com,636-468-8054,2021-01-15,61,Female,Trevorburgh
2426,Brenda Kim,bowmanmargaret@gmail.com,497-244-9683,2021-06-27,49,Female,Kayleefurt
2427,Karen Martin,walter02@gmail.com,986-846-7147,2020-02-15,26,Other,Ianport
2429,Jason Sellers,ybell@gmail.com,832-312-1127,2020-01-27,49,Female,East Donald
2430,Jeffrey Mata,david02@gmail.com,398-814-8382,2022-06-13,23,Other,Brockmouth
2431,Kimberly Long,stephenstimothy@gmail.com,365-876-5988,2021-11-07,58,Other,New Taylorside
2432,Lori Michael,moniquelloyd@gmail.com,939-409-0409,2020-04-26,18,Female,South Bethside
2433,Jennifer Gonzalez,gregorysmith@gmail.com,226-443-7642,2022-04-20,29,Other,North Kelly
2434,Jerry Smith,cynthia01@gmail.com,614-556-5010,2022-04-19,24,Female,Johnhaven
2435,Jason Scott,baldwinlinda@gmail.com,871-544-2362,2023-09-09,59,Other,Evanstown
2436,Bruce Diaz,qcampbell@gmail.com,602-390-1286,2022-06-24,43,Female,South Lorimouth
2437,Melissa Bates,saravilla@gmail.com,548-527-3106,2021-07-21,36,Female,Port Anthonyfort
2438,Raymond Kramer,farrellblake@gmail.com,280-782-0116,2021-03-17,56,Female,Ericstad
2439,Janet Sanchez,kennedymichael@gmail.com,908-357-8559,2023-05-28,55,Other,West Karenstad
2440,Kyle Fox,parksharry@gmail.com,844-204-3762,2022-09-01,21,Male,South Dustinfort
2441,Martin Ortiz,leethomas@gmail.com,697-256-3331,2023-02-21,36,Other,East Mariahaven
2442,Brandi Russell,brianhess@gmail.com,914-962-8035,2020-11-06,30,Other,North Maria
2443,Norma Johnson,bwilliams@gmail.com,729-221-8364,2021-06-07,56,Male,Port Shawnside
2444,Richard Allen,guerreroalicia@gmail.com,528-553-0107,2021-09-01,56,Male,New Amanda
2445,Terry Vazquez,larsentaylor@gmail.com,300-380-7154,2023-11-06,47,Other,South Marcus
2446,Richard Thompson,ipayne@gmail.com,318-837-3271,2020-03-03,45,Female,Port Bobby
2447,Dana Stewart,taylor98@gmail.com,321-765-9894,2023-06-28,47,Male,Lake Brittany
2448,John Miller,sarahberry@gmail.com,767-210-2861,2024-09-07,57,Other,South Eric
2449,Debbie Armstrong,pagemartin@gmail.com,745-218-7663,2021-08-24,64,Other,Butlerfurt
2450,Jason Brown,erin65@gmail.com,409-487-5141,2024-01-22,30,Female,Sarahland
2451,Jeremy Jones,david86@gmail.com,681-933-9763,2021-03-16,59,Other,North Mark
2452,Jacqueline Arroyo,jasonedwards@gmail.com,807-689-4709,2023-09-14,61,Female,Williamsburgh
2453,Jessica Johnson,josechen@gmail.com,598-279-0964,2022-11-18,44,Male,North Anthony
2454,Rhonda Mayer,robertsdana@gmail.com,333-681-5088,2022-10-15,21,Female,Port Hollyville
2455,Mary Ross,crawfordphillip@gmail.com,990-385-7772,2022-06-29,34,Other,Ryanfurt
2456,Adam Lee,richardsonemily@gmail.com,948-723-0532,2022-01-07,40,Female,Brandonbury
2457,Jennifer Matthews,adamswendy@gmail.com,885-535-3413,2020-08-23,23,Other,South Austin
2458,Jeremy Morales,courtney21@gmail.com,510-588-1032,2022-05-04,37,Female,Lake Daniellehaven
2459,Kevin Graham,cindycraig@gmail.com,616-883-4442,2022-12-14,25,Other,West Rebecca
2460,Juan Mason,williamshannah@gmail.com,465-549-6156,2022-07-05,62,Other,Richardside
2461,Dr. Christina Young,kimberly94@gmail.com,696-968-3331,2020-08-12,30,Female,Wolfebury
2462,Kevin Sawyer,kelleyrobert@gmail.com,330-477-2517,2022-07-20,59,Other,Georgeview
2463,Kenneth James,gmathews@gmail.com,542-743-5539,2023-06-18,53,Female,East Jeffreyport
2464,Joseph Dudley,elizabeth70@gmail.com,267-915-8780,2022-09-20,36,Male,Jadeton
2465,Leslie Dominguez,vknapp@gmail.com,949-208-2808,2024-02-11,36,Other,Harrisonchester
2466,Patrick Hoffman,toddbrown@gmail.com,233-695-0545,2024-07-30,41,Male,South Emily
2467,Stephanie Bradley,joshuapierce@gmail.com,633-794-4263,2021-12-30,27,Other,Mendozaland
2468,Donna Klein,fgalvan@gmail.com,820-688-8843,2021-12-31,63,Male,Chambersstad
2469,Sergio Castillo,lisaadams@gmail.com,534-853-1444,2021-05-22,39,Male,South Kimberly
2470,Cynthia Collins,patrick94@gmail.com,631-296-4570,2023-05-15,63,Female,Lake Brad
2471,Kelly Young,caseypoole@gmail.com,537-609-4212,2023-08-08,32,Female,Lambertborough
2472,Christina Chandler,pamela29@gmail.com,851-980-3123,2020-06-13,56,Female,East Sarah
2473,Zachary Mcdaniel,zsanders@gmail.com,292-587-4502,2024-08-22,41,Female,Amyview
2474,Gregory Lawson,michael61@gmail.com,548-402-5132,2022-11-28,47,Male,Perkinsland
2475,Dr. Jeffrey Garcia,kimberly44@gmail.com,560-202-2599,2021-08-19,53,Female,Lake Christinechester
2476,Cheyenne Green,jimenezjessica@gmail.com,880-892-3285,2024-09-05,48,Other,Tateton
2477,Jessica Smith,erikpatel@gmail.com,669-443-6663,2023-02-09,44,Other,Flynnfort
2478,Wendy Davidson,garyspencer@gmail.com,538-883-7043,2024-02-10,35,Female,New Deborahberg
2479,Andrea Wu,carrerin@gmail.com,907-823-0533,2023-11-08,61,Female,Port Bryanbury
2480,Heather Rangel,anthonymathis@gmail.com,559-986-6788,2022-07-16,61,Female,North John
2481,Jillian Hunt,lyoder@gmail.com,422-235-2434,2020-07-29,60,Female,Lake Thomasfort
2482,David Cunningham,danieljohnson@gmail.com,873-997-2335,2021-12-23,27,Other,Millsland
2483,Lawrence Hartman,dhorn@gmail.com,659-208-2015,2022-06-25,54,Other,Lake Erin
2484,Stephen Rodriguez,nobrien@gmail.com,204-628-0506,2022-06-28,39,Male,Christinabury
2485,Michelle Mcgee,richardsonjason@gmail.com,665-954-5638,2022-11-30,40,Other,South Laurie
2486,Kelsey Ford,lauren04@gmail.com,538-522-2476,2022-03-11,56,Female,New Samantha
2487,Jeffrey Mcdonald,markmorris@gmail.com,827-891-5737,2020-10-28,32,Male,Garnertown
2488,Corey King,thomas42@gmail.com,635-324-5651,2022-10-12,48,Female,East Helenberg
2489,Jason Hughes,toddjesus@gmail.com,311-294-9042,2023-08-18,55,Male,Madisonville
2490,Shannon Hall,richardsonmark@gmail.com,956-555-7946,2024-04-17,40,Other,New Monicaside
2491,Michelle Cooper,todd42@gmail.com,551-777-0396,2021-09-28,18,Other,Emilyshire
2492,Carolyn Lamb,sherri08@gmail.com,519-661-6158,2020-03-08,39,Other,South Matthew
2493,Joseph Smith,sarahowen@gmail.com,378-968-3410,2022-04-01,51,Female,Johnsonton
2495,Stephanie Allen,rdonovan@gmail.com,260-437-4394,2021-06-26,39,Other,Harrisonstad
2496,Jason Johnson,fletcherkelsey@gmail.com,490-802-3891,2020-12-16,31,Female,Lake Christinastad
2497,Alexis Dougherty,juliaserrano@gmail.com,298-347-6133,2023-11-10,52,Female,South Martha
2498,Eric Henderson,dmartinez@gmail.com,563-520-7370,2020-09-29,47,Male,South Valerie
2499,Diane Kim,steven10@gmail.com,612-559-7940,2020-06-30,55,Other,New Williamshire
2500,Terri Hernandez,rphillips@gmail.com,482-212-1818,2021-06-22,38,Male,New Jennifermouth
2501,Crystal Allen,sarahking@gmail.com,960-265-6484,2022-08-02,31,Other,Port Christineborough
2502,Brenda James,jsmith@gmail.com,952-500-7366,2024-04-06,59,Female,Donaldhaven
2503,Joshua Collins,greeneric@gmail.com,619-950-3009,2021-11-11,61,Female,Lake Karen
2505,Gina Marshall,akelley@gmail.com,431-516-8304,2023-05-17,46,Other,Port Melissastad
2506,Amber Knox,rvega@gmail.com,509-747-2323,2021-10-10,54,Other,West Christopher
2507,Jennifer Wagner,mstephens@gmail.com,358-355-2793,2020-10-09,34,Male,Ramirezfurt
2508,Jacob Ferguson,pschroeder@gmail.com,623-370-8751,2021-02-17,50,Other,Emilyport
2509,Jennifer Horne,daltonchristopher@gmail.com,922-507-2164,2023-02-18,64,Other,Mathisview
2510,Amanda Morales,amber02@gmail.com,976-313-7632,2023-05-01,54,Female,Port Jesse
2511,Michele Burke,kjames@gmail.com,268-417-2738,2020-08-01,38,Female,Tammyton
2512,Mario Estes,scottwhite@gmail.com,507-432-8015,2023-09-02,43,Male,New Billy
2513,Rachel Riddle,theresazimmerman@gmail.com,268-844-0959,2021-05-27,63,Other,Port Alexander
2514,Devon Miller,mhall@gmail.com,343-618-4061,2020-03-29,18,Male,North Misty
2515,James Williams,lesliekaufman@gmail.com,795-505-9087,2022-04-13,25,Male,Lake Jason
2516,Daniel Compton,fsmith@gmail.com,871-244-4341,2022-10-24,50,Other,Cruzburgh
2517,Michelle Copeland,cathysmall@gmail.com,263-597-4263,2021-06-08,25,Female,Smithhaven
2518,Steven Nelson,acopeland@gmail.com,586-508-6759,2020-02-27,34,Female,South Linda
2519,Brittany Meyers,oturner@gmail.com,929-695-6943,2021-06-13,25,Female,Tonyafort
2520,Jeremy Taylor,martinsweeney@gmail.com,425-289-3461,2020-01-27,44,Female,Mitchellmouth
2521,Mary Gomez MD,colemanchristopher@gmail.com,294-510-4012,2023-11-30,31,Male,Smithshire
2522,Jordan Barnes,alanmccullough@gmail.com,264-513-7013,2022-08-23,64,Male,East Rachelburgh
2523,Paula Thomas,salinasjavier@gmail.com,238-213-3814,2020-03-10,36,Female,Johnmouth
2524,Cody Burnett,deborahmiller@gmail.com,727-434-7790,2023-04-29,53,Male,Colehaven
2525,James Jones,jeffreypotter@gmail.com,715-916-6782,2020-04-20,31,Female,Greenstad
2526,Meghan Gordon,tdowns@gmail.com,991-873-8078,2023-08-28,21,Female,Jeffreychester
2527,Cheryl Trujillo,michaelsmith@gmail.com,582-434-9262,2021-12-05,25,Female,West Anthonyland
2528,Cynthia Martin,lawsonvincent@gmail.com,820-316-5243,2023-06-30,59,Female,Matthewchester
2529,Shannon Andrews,kaitlyn82@gmail.com,903-688-7342,2020-12-28,35,Female,Leeview
2530,Tonya Dixon,duncankevin@gmail.com,255-892-1747,2022-11-30,54,Female,Dorseybury
2531,Jason Thomas,shannonvalenzuela@gmail.com,845-257-6104,2023-03-07,26,Female,Weekstown
2532,Garrett Colon,joshua88@gmail.com,223-669-9073,2020-02-23,61,Female,Port James
2533,Michael Hansen,taylorjohn@gmail.com,854-967-3978,2023-09-03,56,Other,Port Davidport
2534,Ryan Crawford,randybrock@gmail.com,307-535-4734,2020-12-18,24,Male,East Shane
2536,Julie Hurst,wendy07@gmail.com,280-428-5741,2021-06-03,31,Other,New Dustinmouth
2537,James Foster,ohammond@gmail.com,485-416-4489,2024-07-22,46,Other,Ellenton
2538,Ryan Randall,changgary@gmail.com,991-664-6322,2024-08-29,50,Female,Port Katelynville
2539,Eric Vega,bradkennedy@gmail.com,280-302-6182,2022-11-07,56,Female,New Jillland
2540,Ashley Burke,jenniferrobinson@gmail.com,214-711-6988,2023-03-08,30,Other,Howardhaven
2541,Jasmine Armstrong,jamesrandolph@gmail.com,864-597-9549,2022-07-13,60,Female,South Adam
2542,Erica Harris,jhurley@gmail.com,879-311-1567,2023-01-19,41,Other,Port Gary
2544,Bernard Brown,murillodavid@gmail.com,960-937-0598,2020-09-30,64,Male,East Christopher
2545,Richard Bowman,patricia45@gmail.com,263-903-9522,2023-09-07,27,Other,Hayesland
2546,Christopher Dyer,oclark@gmail.com,578-418-6387,2023-01-14,21,Male,Port Jeffreymouth
2548,Kyle Cooper,jennifer18@gmail.com,335-830-1936,2024-01-30,27,Female,Port Nicholas
2549,Wendy Levine,james75@gmail.com,611-941-0109,2020-05-20,45,Male,Markshaven
2550,Matthew Rodriguez,christina07@gmail.com,887-624-4299,2021-11-12,52,Male,Port Kenneth
2551,Jennifer Jones,fryeheidi@gmail.com,918-714-3534,2023-08-23,51,Female,Pricebury
2552,Gary Smith,daviddean@gmail.com,591-690-2741,2020-08-24,52,Male,Lynchview
2553,Angela Brown,justinjones@gmail.com,252-792-7847,2021-03-04,38,Male,Humphreybury
2554,Heather Noble,timothyhansen@gmail.com,726-679-5735,2022-05-02,58,Other,Port Derrick
2556,Richard Salas,jennifer52@gmail.com,202-818-1567,2024-08-17,53,Other,Port Charlesborough
2557,Martin Wilson,maria80@gmail.com,433-569-9669,2021-12-07,19,Male,West Jonathan
2558,Alex Santiago,clopez@gmail.com,460-348-9221,2020-05-02,32,Male,Port Jennifertown
2559,Barbara Horn,martinezjennifer@gmail.com,886-704-8882,2021-03-19,30,Male,New Jeremy
2560,Dr. Joshua Castillo,michelle10@gmail.com,423-385-7722,2024-07-16,47,Male,Lake Erika
2561,Sean Rich,suzanne30@gmail.com,755-926-9088,2020-07-18,52,Male,South Brandon
2562,Mrs. Kaitlin Romero,mathew69@gmail.com,423-904-0219,2024-05-20,50,Other,Kaylaport
2563,Samuel Hernandez,eblack@gmail.com,927-467-7759,2020-09-09,50,Male,Rojasfort
2564,Amanda Bowen,zheath@gmail.com,845-336-2311,2022-08-16,58,Male,West Gabrielleshire
2565,Mrs. Deborah Gibbs,bernardcook@gmail.com,771-953-4790,2021-06-15,19,Male,Hernandezstad
2566,Frank Lindsey,josephjohnson@gmail.com,891-275-0122,2024-07-05,65,Female,Anitamouth
2567,Sarah Torres,garciajeffrey@gmail.com,221-769-2514,2021-02-23,49,Female,Susanshire
2568,Austin Davis,rodriguezalexis@gmail.com,778-443-6657,2020-08-09,42,Other,East Evanmouth
2569,Lisa White,julie49@gmail.com,357-275-7256,2024-08-08,44,Other,New Kimberlyview
2571,Megan Nelson,finleybenjamin@gmail.com,201-726-9650,2020-06-25,22,Male,Lake Edwardstad
2572,Brianna Bass,harveyandrew@gmail.com,784-238-1023,2021-08-15,18,Female,East Annette
2573,Jeffrey Collins,amybaker@gmail.com,837-361-2476,2020-02-02,31,Female,Port Cindy
2574,Jacqueline Thomas,steven28@gmail.com,800-710-4221,2022-02-02,20,Female,West Megan
2575,Alejandro Webb,sonya44@gmail.com,607-871-4483,2024-03-11,48,Female,Patriciaburgh
2576,Peter Lopez,hwilson@gmail.com,269-820-0824,2022-04-07,60,Male,Morganshire
2577,Kayla Evans,lisa15@gmail.com,813-202-0005,2023-03-14,40,Other,Lynnberg
2578,Ronald Perry,goodmanlinda@gmail.com,370-612-4435,2023-05-03,44,Female,East Matthewville
2579,Carl Chapman,james20@gmail.com,534-245-4367,2024-05-02,46,Other,Pittsmouth
2580,Margaret Bridges,durankaren@gmail.com,658-973-9912,2020-08-18,57,Female,Justinberg
2581,Wendy Kim,osims@gmail.com,698-549-1715,2020-07-06,61,Female,Port Johnchester
2582,Mr. Jason Patterson,chrisclark@gmail.com,932-383-6338,2020-02-27,44,Female,Whiteland
2583,Joshua Hogan,iweber@gmail.com,939-404-6684,2023-04-14,26,Male,North Jonathon
2584,Caitlin Lee,greenchase@gmail.com,722-570-2518,2023-12-24,26,Male,North Hannahfort
2585,Randy Hunt,cwalker@gmail.com,338-308-1552,2024-06-23,38,Male,Stephenburgh
2586,Janice Gonzalez,brent46@gmail.com,202-940-1416,2021-06-14,46,Male,Sandraside
2587,Blake Chapman,kristenkoch@gmail.com,507-522-0035,2024-03-27,31,Male,New Brittanyfurt
2588,Christina Adkins,alexisjohnson@gmail.com,419-365-8843,2021-12-20,42,Male,Gregoryberg
2589,Stephanie Bradley,onealrichard@gmail.com,219-482-8598,2020-12-20,61,Other,Marcusburgh
2590,Amber Jones,aprildaniels@gmail.com,226-708-2008,2024-08-03,21,Female,West Ryanmouth
2591,Pamela Hall,josephallen@gmail.com,410-397-5264,2022-04-16,45,Female,New Mariahton
2592,Steven Smith,garnerashley@gmail.com,703-817-9956,2022-11-13,57,Other,Lauratown
2593,Ann Leonard,hopkinsfelicia@gmail.com,947-829-3570,2021-03-07,24,Female,Lopezview
2594,Elizabeth Jones,tonyhoffman@gmail.com,704-453-0191,2021-12-22,37,Other,Morrisonport
2595,David Shaw,reynoldsmichelle@gmail.com,207-996-5176,2021-08-19,51,Male,Joshualand
2596,Donald Woods,rwalker@gmail.com,290-326-0112,2021-12-26,51,Male,Woodview
2597,Jordan Mccall,samuel71@gmail.com,829-301-2179,2020-01-08,40,Male,Stevenmouth
2598,Melissa Hall,albert61@gmail.com,452-585-5598,2020-12-30,33,Male,Amandahaven
2599,Robert Leonard,kerrybennett@gmail.com,473-323-5440,2024-06-28,39,Male,West Daniel
2600,John Williams,tamara98@gmail.com,257-497-5446,2023-07-14,32,Male,Petersonton
2601,Lindsay Robinson,woodwarddeborah@gmail.com,702-988-4748,2024-09-04,33,Male,West Richard
2602,Valerie Black,chambersandrew@gmail.com,966-650-9809,2023-11-12,20,Female,East Ritaview
2603,Audrey Dyer,andreawilson@gmail.com,605-705-3475,2023-12-02,23,Other,Caldwellchester
2604,Brittney Moore,andrew22@gmail.com,709-668-0579,2023-11-08,19,Other,East Danafort
2605,Stephanie Harrison,stephaniesmith@gmail.com,354-499-6761,2023-07-13,56,Male,Karenstad
2606,Christopher Padilla,wlane@gmail.com,847-956-8573,2023-05-01,52,Male,Port Nicholashaven
2607,Lori Zavala,eric46@gmail.com,451-628-0197,2022-06-26,26,Male,Oconnorton
2608,Chloe Vang,qherrera@gmail.com,474-610-0909,2021-09-30,63,Male,South Aaron
2609,Ashley Johnson,randyhernandez@gmail.com,226-352-0160,2021-03-05,45,Female,Donnashire
2610,Donald Moreno,kevin73@gmail.com,612-268-5609,2023-04-28,60,Male,Meganbury
2611,Benjamin Richardson,markzimmerman@gmail.com,396-769-6589,2020-08-25,35,Male,Nguyenville
2612,Paul Sosa,melissamontgomery@gmail.com,449-420-9697,2020-12-12,20,Female,North Hollystad
2613,Eric Davis,scottkelley@gmail.com,358-671-0591,2021-04-17,19,Male,Lambview
2614,Denise Watson,kenneth19@gmail.com,842-590-1185,2022-05-20,52,Male,North Elizabethburgh
2615,Steven Vance PhD,christinegreen@gmail.com,650-989-7401,2021-01-20,61,Female,New Christyfurt
2616,Jason Mcfarland,victor56@gmail.com,263-790-5932,2024-08-29,55,Female,Robertomouth
2617,Christina Koch,hallloretta@gmail.com,547-238-3153,2021-06-15,22,Male,Warrenshire
2618,Jacob Ward,sandersalisha@gmail.com,411-899-4020,2022-07-10,39,Other,Port Jasmine
2619,Carolyn Gonzalez,brownpamela@gmail.com,355-434-4235,2022-06-07,58,Other,North Annmouth
2620,Zachary Garcia,kayla84@gmail.com,792-693-8754,2023-04-11,32,Male,Tanyaside
2621,Jordan Webb,ldavis@gmail.com,577-490-8497,2023-08-23,27,Other,Normanmouth
2622,Tony Thomas,walter57@gmail.com,647-848-9226,2022-10-08,36,Other,South Thomas
2623,Christopher Boyd,pruittrenee@gmail.com,634-702-7371,2023-11-17,36,Other,Markchester
2624,Cody Kelly,hestrada@gmail.com,595-694-6760,2020-10-20,31,Other,Kellymouth
2625,Mary May,pvasquez@gmail.com,405-817-4424,2024-07-31,29,Male,Shawnborough
2626,Joseph Long,underwooddebra@gmail.com,965-444-5210,2020-06-07,36,Female,Jamesmouth
2627,Theresa Jones,tsweeney@gmail.com,399-472-3763,2022-10-08,49,Female,Wagnerton
2628,Denise Ramos,jenniferwilliams@gmail.com,537-517-9634,2022-08-02,35,Other,Osborneville
2629,Mike Boyd,ryan61@gmail.com,323-265-1691,2021-04-16,61,Male,Brewermouth
2630,Jamie Dixon,qandrade@gmail.com,312-299-3398,2023-05-12,31,Other,Amberton
2631,William Fields,qdickson@gmail.com,790-467-7339,2021-02-10,19,Female,Reidburgh
2632,Timothy Norman,zimmermansandra@gmail.com,267-856-1527,2020-04-16,41,Female,Lake Susanchester
2633,Beverly Young,imills@gmail.com,344-211-1915,2023-02-20,60,Male,Perryburgh
2634,Karina Brown,nperkins@gmail.com,368-565-3941,2022-08-13,63,Male,Reginaldland
2635,Benjamin Weaver,yestes@gmail.com,210-978-3804,2024-02-18,56,Male,Ryanport
2636,Cheyenne Martin,andersonjoann@gmail.com,357-569-8936,2022-11-01,50,Male,Bartlettview
2637,Jesse Garcia,posborne@gmail.com,352-521-3111,2022-02-07,46,Other,Johnsonburgh
2639,Mark Chen,marquezlisa@gmail.com,407-636-9333,2024-02-24,63,Female,North Christopherfurt
2640,Tina Russell,ellisbenjamin@gmail.com,902-655-4040,2023-10-09,43,Female,Matthewfurt
2641,Tim Proctor,lmarquez@gmail.com,930-767-3500,2020-07-10,50,Male,New April
2642,Preston Gonzalez,andrewdrake@gmail.com,843-287-7067,2021-05-08,52,Male,North Calebfort
2643,Kayla Davis,dbrown@gmail.com,858-996-2214,2022-11-08,42,Female,Christinemouth
2644,Randy Gutierrez,wklein@gmail.com,599-527-6232,2022-01-27,38,Female,Gregoryberg
2645,Mark Wright,david54@gmail.com,350-421-0420,2021-11-21,19,Female,Lake Georgeview
2646,Brittany Torres,vramirez@gmail.com,273-588-3057,2023-03-13,41,Male,Lake Robert
2647,Scott Nguyen,uforbes@gmail.com,247-523-4931,2022-12-21,19,Other,Steelemouth
2648,Hannah Pacheco,nathanmacias@gmail.com,302-294-3062,2024-03-21,56,Female,Mirandaborough
2649,Elizabeth Banks,jacobtaylor@gmail.com,281-226-1609,2022-10-01,42,Female,Sharonland
2650,Carrie Carroll,cheryl26@gmail.com,868-256-1257,2020-02-16,41,Other,Port Johnstad
2651,Jennifer Rogers,wkerr@gmail.com,499-993-0368,2021-10-10,43,Female,New Brian
2653,William Turner,careyfrank@gmail.com,883-376-7532,2022-08-28,21,Female,Port Roseport
2654,Jessica Mcdonald,vcarter@gmail.com,803-432-7041,2021-10-23,46,Female,West Scott
2655,Bonnie Martin,hmartinez@gmail.com,450-824-2514,2024-08-06,55,Female,Taylormouth
2656,Jonathan Dillon,kellywilson@gmail.com,430-347-3535,2020-07-18,48,Female,Allenside
2657,Bryan Riley,perezdebra@gmail.com,702-570-6943,2023-12-11,42,Male,Dianechester
2658,James Hall,gina22@gmail.com,402-942-6611,2021-04-13,36,Other,Patrickhaven
2659,Candice Rogers,michaelglover@gmail.com,549-689-8428,2023-12-12,61,Other,Connerville
2660,Laura Hughes,jonathanhensley@gmail.com,672-393-7386,2021-12-14,63,Female,Evelynfurt
2661,Denise Ward,kathy96@gmail.com,766-695-6051,2022-09-18,34,Other,Lake Nathaniel
2662,Maxwell Lee,lisa63@gmail.com,272-200-8975,2022-03-03,65,Male,East David
2663,Michelle Chung,russellanna@gmail.com,436-355-2970,2020-03-25,19,Male,Armstrongside
2664,Joseph Ward,adamschristopher@gmail.com,905-824-9620,2020-09-08,19,Male,Bentonfurt
2665,Chelsea Sharp,brandon05@gmail.com,275-681-3010,2024-09-12,41,Other,Jonesmouth
2666,Taylor Jones,leeward@gmail.com,852-416-8912,2021-09-19,59,Female,Lake Michelle
2667,Janet Nguyen,markevans@gmail.com,695-583-6395,2023-06-21,59,Male,Steelefurt
2668,Daniel Harris,sara35@gmail.com,705-808-8556,2024-04-24,44,Female,South Connor
2669,Martha Martin,yvonnerivas@gmail.com,238-629-5786,2021-07-14,41,Other,Danielport
2670,Joseph Sullivan,hoganjonathan@gmail.com,310-208-5279,2022-02-06,19,Male,Dianaside
2671,Zachary Thomas,hmendoza@gmail.com,881-956-5552,2020-05-22,30,Female,Lake Christopherhaven
2672,Craig Garcia,xcruz@gmail.com,466-728-0308,2020-09-26,44,Male,Lydiaville
2673,James Le,brian14@gmail.com,849-493-1848,2020-01-17,46,Other,Steeleshire
2674,Brittany Lawson,greenerika@gmail.com,484-850-3280,2023-11-17,18,Male,South Jasonmouth
2675,Karen Mitchell,hallvictor@gmail.com,978-538-4854,2024-07-19,53,Male,Brooketon
2676,Diane Gamble,riveratina@gmail.com,645-379-0956,2021-08-30,35,Female,Carrshire
2677,Susan Oliver,csalazar@gmail.com,286-739-8991,2023-02-03,61,Female,Jeffreyborough
2678,Allison Benjamin,patrickhoward@gmail.com,694-811-8303,2024-05-17,28,Other,Emmaburgh
2679,Craig Ray,andrewmiller@gmail.com,561-372-4438,2023-04-30,43,Female,Fullerchester
2680,Sarah Garcia,matthew09@gmail.com,329-768-1571,2022-05-31,18,Other,West Isaacchester
2681,Steve Brown,mccoyjohn@gmail.com,490-239-2626,2023-05-13,41,Other,Murphychester
2682,Jacob Martin,tbeck@gmail.com,637-439-6266,2021-03-06,36,Male,Riosborough
2683,Eric Gallegos,petersashley@gmail.com,947-221-3839,2021-12-19,53,Other,Mcleanview
2684,Tracy Taylor,julie57@gmail.com,985-509-1905,2020-08-29,57,Other,Gwendolynborough
2685,Helen Singleton,cfrost@gmail.com,630-371-7075,2022-06-13,21,Other,Amberstad
2686,Lucas Campbell,frankbowers@gmail.com,843-783-8440,2024-05-21,30,Female,Whiteheadfort
2687,Marc Navarro,nwhite@gmail.com,322-205-5715,2020-10-01,20,Other,Michaelmouth
2688,Carlos Hart,tpaul@gmail.com,496-434-1845,2020-01-24,63,Other,Welchmouth
2689,Kathleen Chaney,jacob73@gmail.com,948-304-9786,2024-06-26,20,Other,Wellsville
2690,Robert Moore,sandranorton@gmail.com,320-834-2401,2022-12-20,20,Other,Lake Matthewborough
2691,Leah Mills,stephanie04@gmail.com,558-262-9623,2023-01-28,61,Other,Mcdanielchester
2692,Michael Barry,ogonzalez@gmail.com,263-224-8271,2021-05-08,38,Female,Port Gregory
2693,Samuel Williams,utaylor@gmail.com,423-927-5318,2020-12-01,32,Male,South Christopher
2694,Joshua Curtis,xcooper@gmail.com,517-829-1243,2020-10-09,61,Other,Matthewside
2695,Glenn Morris,jsmith@gmail.com,442-232-1358,2021-07-17,18,Other,Alexanderton
2696,Lori Taylor,benjamincoleman@gmail.com,382-531-0419,2023-03-24,49,Female,Danielton
2697,Austin Newton,john40@gmail.com,535-588-0592,2023-06-11,30,Other,Port Eric
2698,James Holt,walkerandrea@gmail.com,240-675-3533,2023-06-16,41,Other,North Frederick
2699,Peter Mitchell,jonathan70@gmail.com,961-567-5475,2020-10-21,51,Other,East Michael
2700,Benjamin Gibbs,oconnellstephanie@gmail.com,418-700-4823,2023-01-16,28,Female,Farmerton
2701,Carl Smith,qwalker@gmail.com,311-504-3213,2021-09-17,43,Other,Lake Karenstad
2702,James Martin,barbara01@gmail.com,404-569-8494,2023-10-26,27,Other,North Reneehaven
2703,Corey Buckley,josephweeks@gmail.com,559-822-7284,2023-05-28,55,Male,Lake Paigehaven
2704,Gregory Hall,tonyabeard@gmail.com,262-224-4170,2022-07-18,63,Female,Curryton
2705,Janice Higgins,keithpatel@gmail.com,361-604-9632,2024-06-16,36,Other,New Cameronside
2706,Troy Jackson,nathanortiz@gmail.com,967-262-1401,2020-09-16,50,Female,New Jacqueline
2707,Brian Coleman,ztaylor@gmail.com,958-590-1813,2022-01-11,40,Other,Nicholasland
2708,Matthew Ortiz,millertiffany@gmail.com,833-866-1547,2020-01-28,28,Male,South Sheilaview
2709,Jose Rogers,gfoster@gmail.com,445-226-4297,2021-09-08,46,Other,West Jamesville
2710,Luis Richmond,rnelson@gmail.com,381-825-2453,2023-06-21,30,Female,Amymouth
2711,Zoe Rogers,lewiskimberly@gmail.com,265-926-1913,2020-11-06,21,Other,Lake Samantha
2712,Leonard Chase,goodwinkeith@gmail.com,889-954-8052,2020-09-12,33,Female,Latoyachester
2713,Amanda James,russosherry@gmail.com,947-416-0459,2020-05-23,35,Other,Port Stephen
2714,Karen Bowen,ehill@gmail.com,391-810-1639,2023-08-16,50,Other,North Molly
2716,Jonathan Crosby,pwoods@gmail.com,937-409-2989,2021-01-31,58,Other,South Meganchester
2717,Michael Walker,amanda22@gmail.com,944-954-0339,2023-07-12,44,Female,West James
2718,Andrea Ellis,harrischeryl@gmail.com,271-825-9732,2022-01-20,50,Female,North Anthony
2719,Melissa Martinez,christophersmith@gmail.com,607-315-5926,2023-06-23,31,Other,New Mark
2720,John Scott,charlesvance@gmail.com,466-214-4389,2021-05-06,49,Male,North Lauramouth
2721,Kelly Haynes,bsullivan@gmail.com,585-300-3886,2022-04-17,50,Male,South Gregory
2722,Jennifer Acevedo,elizabeth53@gmail.com,938-329-6064,2022-01-22,32,Female,West Nicholas
2723,David Brown,velasquezelijah@gmail.com,440-395-3033,2024-03-23,26,Other,Raymondfurt
2724,Todd Nelson,victor10@gmail.com,205-297-9030,2021-12-31,34,Female,Lake Lisa
2725,Cathy Ortiz,prattmark@gmail.com,956-243-0240,2021-05-05,27,Female,North Lisa
2726,Lauren Martin,hoffmanchristine@gmail.com,715-897-3930,2024-06-15,19,Other,South Lindsayhaven
2727,Keith Franklin,rware@gmail.com,345-523-8359,2023-05-17,62,Female,Christophertown
2728,Jennifer Woodward,mosesloretta@gmail.com,403-426-4305,2022-02-10,51,Male,Deannafort
2729,Marc Zimmerman,anna71@gmail.com,360-637-5373,2022-11-16,44,Female,Thomasburgh
2730,Matthew Simmons,dawn27@gmail.com,232-493-0693,2021-03-21,25,Female,Port Nicole
2731,Timothy Cook,matthew16@gmail.com,301-395-5351,2020-06-18,19,Other,New Veronica
2732,Adam Singh,zpeterson@gmail.com,829-667-6869,2023-01-24,57,Other,East Philip
2733,Matthew Ross,samantha62@gmail.com,207-905-3020,2021-05-08,28,Male,New Kerry
2735,Jacob Montgomery,graydustin@gmail.com,707-731-8164,2021-06-08,26,Other,South Carlosport
2736,Manuel Williams,xmedina@gmail.com,689-877-0286,2024-08-01,19,Other,West Nicholasland
2737,Andre Hill,timothy29@gmail.com,223-443-1111,2022-11-05,48,Female,North Kevinmouth
2738,Lindsey Williamson,leslie31@gmail.com,628-553-0855,2021-02-21,47,Female,Port Kellychester
2739,Arthur Owens,hlove@gmail.com,686-953-6838,2023-05-20,23,Other,Vincentview
2740,Robin Bowen,kobrien@gmail.com,662-634-9930,2020-05-26,59,Female,New Erinmouth
2741,Clayton Bailey,martinkyle@gmail.com,885-284-3295,2024-09-10,62,Other,Rosetown
2742,Michael Navarro,qbradley@gmail.com,769-532-6346,2021-09-13,34,Male,South Jeremy
2743,Laura Thomas,brittanysullivan@gmail.com,220-822-0324,2024-08-11,59,Male,Port Richardmouth
2744,Kristen Smith,jon49@gmail.com,331-622-8472,2020-04-23,59,Other,North Patrickshire
2745,Kristen Jones,patricia80@gmail.com,841-347-8804,2024-02-21,51,Female,East Josephburgh
2746,Mary Roy,jcarson@gmail.com,879-762-2534,2023-01-30,61,Female,East Erin
2747,Angela Collins,hayeschad@gmail.com,241-708-5415,2023-11-03,54,Other,Kiddland
2748,Glen Nichols,aaronmedina@gmail.com,588-531-8854,2020-09-21,37,Female,Patriciachester
2749,Christine Carlson,joneseric@gmail.com,707-412-1586,2022-05-17,31,Female,Lake Michael
2750,Christopher Perez,ortegaaaron@gmail.com,940-611-3452,2024-10-03,49,Male,Matthewchester
2751,Ricardo Romero,brownjason@gmail.com,452-753-1460,2020-03-23,29,Other,Tonymouth
2752,Sabrina Rios,melaniehiggins@gmail.com,221-329-3616,2023-05-23,34,Other,Port Linda
2753,Jeffrey Valencia,susangrant@gmail.com,654-348-2950,2024-03-18,55,Male,Port Jeffreyside
2754,Tracy Davis,jonessharon@gmail.com,667-772-5307,2024-01-20,64,Female,Port Kevinborough
2755,Christopher Keith II,gscott@gmail.com,921-217-5916,2023-04-08,24,Female,Vickietown
2756,Lisa Robinson,forddaniel@gmail.com,974-468-4971,2023-06-30,57,Female,East Stephenchester
2757,Tommy Perry,colejulie@gmail.com,296-498-9803,2021-05-15,33,Female,Fergusonmouth
2758,Courtney Jordan,npotts@gmail.com,223-881-1318,2024-07-23,31,Other,Jimenezport
2759,Ryan Thomas,odunlap@gmail.com,488-669-2126,2024-05-05,33,Other,West Katrinaside
2760,Jamie Kim,amy48@gmail.com,351-255-1031,2021-12-11,27,Male,Margaretmouth
2761,Jaime Rodriguez,grant52@gmail.com,621-968-3711,2023-02-12,44,Female,Cynthiatown
2762,Yolanda West,darren10@gmail.com,934-979-2865,2021-03-20,38,Other,Lake Amy
2763,Trevor Schroeder,jasonraymond@gmail.com,-10-800-,2023-07-01,60,Other,North Cynthiastad
2764,Scott Mcdonald,catherine54@gmail.com,987-929-0647,2022-07-24,29,Female,West William
2765,Debbie Woods,jaclyn96@gmail.com,206-782-3876,2024-04-05,61,Other,Lake Rachel
2766,Ashley Pratt,john73@gmail.com,951-243-6566,2021-11-09,32,Female,Lake Jennifer
2767,Brenda Navarro,ohernandez@gmail.com,932-260-1381,2022-11-24,35,Male,Brownton
2768,Caleb Michael,andrew55@gmail.com,433-876-3321,2021-12-10,44,Female,Sabrinaville
2769,Holly Smith,brandon04@gmail.com,668-340-7462,2021-07-12,30,Other,Victoriaville
2770,Marcia Johnson,anita19@gmail.com,540-464-0392,2021-01-13,48,Male,Melendeztown
2772,Donald Jenkins,fheath@gmail.com,326-314-9649,2022-03-15,33,Female,West Malloryton
2773,Joshua Savage,kelseyflores@gmail.com,641-630-3628,2021-01-14,23,Other,Lake Margaret
2774,Maria Williams,lisamiller@gmail.com,331-202-9172,2020-05-06,38,Female,Hartchester
2775,Laurie Lloyd,larry77@gmail.com,535-738-2544,2021-11-30,47,Male,Smithview
2777,Sarah Mcdonald,april86@gmail.com,505-702-7054,2020-05-09,32,Other,New Nathan
2778,Robert Mullins,hebertariel@gmail.com,556-553-3973,2020-05-24,27,Male,Shaunside
2779,Dr. Jessica Schaefer,jacquelinesimmons@gmail.com,260-242-4779,2021-02-11,38,Other,Sanchezberg
2780,Michael Schaefer,bonderin@gmail.com,278-964-6243,2020-02-01,29,Female,East Maureen
2781,Henry Elliott,taylor33@gmail.com,719-801-0977,2023-01-19,24,Other,Jordanton
2782,Carol Yang,conleyandrew@gmail.com,822-561-5232,2022-12-16,40,Other,North Jillfort
2784,Terry Martin,shannonthompson@gmail.com,380-887-7244,2020-01-15,20,Other,East Michael
2785,Jody Snyder,sotojulie@gmail.com,553-224-8381,2020-12-16,24,Male,Lake Travis
2786,Randall Martinez,zbrown@gmail.com,774-782-6315,2023-12-13,33,Female,Amandahaven
2787,William Mosley,browneric@gmail.com,323-734-6584,2022-04-02,44,Male,North Kimberlymouth
2788,Laura Carr,erictran@gmail.com,786-512-4133,2020-11-19,62,Other,Lake Jonathan
2789,Steven Gray,allisonwilliam@gmail.com,332-566-1030,2022-02-09,49,Male,Brownview
2790,Aaron Murphy,traci37@gmail.com,680-221-8961,2022-10-03,19,Male,Mcknightborough
2791,James Lowe,ocole@gmail.com,353-811-8848,2022-07-08,49,Male,Davidport
2792,Jennifer Leblanc,thompsonmanuel@gmail.com,508-277-3318,2023-05-19,27,Male,Aprilton
2793,Guy Martinez,parkmelissa@gmail.com,235-582-4730,2021-08-14,21,Female,Jonesfurt
2794,Jesse Robinson,ginaalexander@gmail.com,480-553-7253,2022-08-09,42,Male,Jimmyville
2795,Ashley Richardson,nicolegiles@gmail.com,786-293-5223,2021-03-15,41,Other,New Susanchester
2796,James Kelly,stephensjulie@gmail.com,383-211-7271,2024-01-10,34,Female,North Tracybury
2797,Victor Mckinney,nicholas42@gmail.com,533-529-8479,2024-04-21,36,Male,Rodriguezfurt
2798,James Tucker,nicholas66@gmail.com,457-420-1170,2023-03-05,40,Male,Mcdanielton
2799,Patrick Ray,brianwilson@gmail.com,971-505-5043,2021-05-31,49,Female,Mcguireborough
2800,Robert Jones,palmercorey@gmail.com,692-900-2361,2023-01-03,41,Other,Woodwardmouth
2801,Hector Harmon,saraskinner@gmail.com,473-911-0075,2024-01-05,21,Female,West Arianamouth
2802,Jose Jordan,solisjustin@gmail.com,475-600-1783,2024-06-06,43,Male,Myersshire
2803,Mark Campbell,taylorjames@gmail.com,463-302-4366,2022-11-14,25,Other,North John
2804,Christina Williams,careykevin@gmail.com,810-440-8545,2021-01-11,52,Male,Harrismouth
2805,Dr. Shannon Wright,martinezkaren@gmail.com,534-277-3940,2020-10-31,23,Female,Gonzalezberg
2806,Jacqueline Sutton,shannon33@gmail.com,530-833-2695,2020-04-08,27,Other,Jessicamouth
2807,Richard Garza,jennifer37@gmail.com,614-502-0616,2023-12-12,25,Other,Smithview
2808,Lisa Russell,wjohnson@gmail.com,679-631-9233,2021-01-21,62,Other,North Dawnport
2809,Rebecca Brooks,aliciaharris@gmail.com,454-268-1118,2023-02-19,25,Other,North Lisaville
2811,Matthew Turner,simonjamie@gmail.com,475-582-8720,2022-12-05,29,Other,South Christophertown
2812,Michael Paul,belindacordova@gmail.com,481-648-5958,2023-11-03,25,Male,Natalieview
2813,Wayne Young,steven71@gmail.com,741-839-0673,2024-02-19,63,Male,East Brittanyborough
2814,Penny Munoz,dylan05@gmail.com,952-291-2441,2021-09-03,26,Other,East Lawrencebury
2815,Seth Mathews,nhudson@gmail.com,375-914-5874,2020-03-16,19,Other,Baileychester
2816,Anna Hanson,anna06@gmail.com,241-758-9248,2022-12-15,26,Male,Port Kevin
2817,Ronald Kelly,deanjones@gmail.com,446-694-9670,2020-06-13,45,Other,Port Wesley
2818,Alan Carter,jayhayden@gmail.com,207-522-2396,2020-02-25,32,Female,Port Audrey
2819,Nathan Peters,jamesmary@gmail.com,795-803-5377,2024-08-16,29,Other,East Maryton
2820,Mrs. Sheila Hoffman,sarah03@gmail.com,553-499-1667,2024-02-25,39,Male,South Andrew
2821,Lawrence Taylor,thill@gmail.com,378-603-5192,2024-04-08,57,Male,Lauraport
2822,Jesus Smith,zsanders@gmail.com,730-711-0507,2024-08-31,24,Other,North Curtisport
2823,Patricia Horton,matthew77@gmail.com,760-485-7451,2021-03-27,18,Other,Calvinville
2824,Nicholas Hardin,brian46@gmail.com,844-597-0981,2022-04-12,64,Male,Kennethberg
2825,Jeffery Garcia,dominiquejames@gmail.com,925-920-6367,2022-06-17,37,Male,Courtneyton
2826,Sergio Coleman,debra13@gmail.com,949-555-1015,2023-06-28,32,Other,Bakerberg
2827,Erika Blankenship,teresa56@gmail.com,556-514-1783,2022-09-11,21,Female,Deannaburgh
2828,Matthew Boyd,angelamitchell@gmail.com,353-503-7029,2020-12-21,40,Other,New Anthony
2829,Ryan Jackson,osbornechad@gmail.com,501-819-8665,2022-05-19,35,Female,Kaitlynborough
2830,Carlos Medina,williammorrison@gmail.com,367-462-8793,2020-07-30,18,Female,Rileyside
2831,Andrew Sutton,matthew34@gmail.com,941-552-5241,2021-11-08,18,Female,Huntborough
2832,Stephanie Hardy,vpowers@gmail.com,689-201-0622,2022-05-14,55,Other,Daniellechester
2833,Stacy Hawkins,moorejesse@gmail.com,692-568-6967,2024-06-20,33,Female,Rodriguezland
2834,Adam West,ekeller@gmail.com,641-496-2472,2023-10-09,48,Other,South Douglas
2835,Melissa Flores,rhonda98@gmail.com,306-287-2381,2023-08-13,52,Female,Lake Clifford
2836,Austin Bonilla,christopherroberson@gmail.com,711-337-2675,2020-12-26,41,Other,Amberbury
2837,Jason Allen,charlesmurphy@gmail.com,759-202-5901,2023-02-26,22,Female,New Patricia
2838,Michelle Alvarado,christine42@gmail.com,271-481-3621,2023-09-20,44,Male,East Sarahberg
2839,Elizabeth Webb,joseph87@gmail.com,864-352-5839,2022-04-16,34,Other,Lake Paulhaven
2840,Rachel Palmer,john09@gmail.com,372-751-1307,2020-03-16,29,Male,Lake Nicholasberg
2841,Breanna Watkins,christopher80@gmail.com,991-772-5574,2023-12-02,37,Other,South Jamesshire
2842,Ian Taylor,leonardronald@gmail.com,661-907-1336,2021-09-10,56,Male,South Allison
2843,Tina Myers,parkercarlos@gmail.com,919-855-7821,2022-06-06,57,Other,Christiechester
2844,John Armstrong,tiffanytucker@gmail.com,596-398-6221,2022-11-19,33,Male,Port Judy
2845,Patricia Carroll,diana62@gmail.com,293-969-7716,2021-10-21,51,Female,North Troy
2846,Ruth Brown,phillip42@gmail.com,706-907-9061,2020-09-14,64,Other,East Rebecca
2847,Jaime Francis,owensashley@gmail.com,652-847-8725,2023-09-17,59,Male,East Robert
2848,Karen Price,cherylglover@gmail.com,585-703-3115,2021-06-05,24,Male,New Edwardshire
2850,Kyle Carter,aliciafoster@gmail.com,343-893-4109,2022-06-06,56,Male,Markview
2851,Brandy Williams,xavierherrera@gmail.com,689-880-2655,2023-09-03,22,Female,New Danaside
2852,Alexis Martinez,ruth05@gmail.com,925-710-6889,2022-04-15,54,Male,Lake Joanna
2853,Kayla Brown,fmunoz@gmail.com,226-599-4517,2020-07-08,57,Female,Jasonmouth
2854,Steven Jones,tony46@gmail.com,691-921-6025,2024-05-06,38,Female,West Robinburgh
2855,Natalie Brooks,mia61@gmail.com,318-541-5140,2020-01-10,36,Male,Aprilmouth
2856,Robert Brown,coopermelissa@gmail.com,840-765-9011,2021-03-12,39,Male,West Amandashire
2857,Jennifer Curry,ljones@gmail.com,807-518-2523,2022-05-29,18,Other,Kingfort
2858,Lisa Lyons,john37@gmail.com,993-919-0400,2022-11-16,63,Male,North Lori
2859,Michelle Ray,davidgarcia@gmail.com,396-564-0567,2021-04-24,25,Female,East Jodichester
2860,Sandra Simmons,william35@gmail.com,675-462-0207,2024-07-17,51,Female,Howardtown
2861,Steven Powell,buchananjason@gmail.com,395-762-0904,2024-08-24,53,Male,Peckland
2862,Carlos Brown,schneidertonya@gmail.com,473-298-2723,2024-05-25,55,Female,East Robertborough
2863,Tracy Hutchinson,williamsonanthony@gmail.com,547-677-0164,2021-09-30,40,Other,Brooksfurt
2864,Robert Howard,nicolewilcox@gmail.com,-11-284-,2023-12-05,28,Male,West Tiffany
2865,Nicole Kim,oschultz@gmail.com,647-378-9921,2020-09-07,49,Other,South Rebeccaton
2866,Anna Ramirez DVM,vwilliams@gmail.com,711-595-4916,2021-12-09,22,Male,Chenchester
2867,Joshua Wolf,sroberts@gmail.com,692-302-8849,2021-05-19,28,Female,North Julieborough
2868,George Stevens,michealcollins@gmail.com,916-462-4889,2020-09-10,48,Male,North Justinborough
2869,Elizabeth Romero,ryan49@gmail.com,669-481-3095,2024-05-08,29,Male,East Samuel
2870,Ryan Frazier,pwalker@gmail.com,696-643-1050,2021-04-10,49,Other,Lake Amandaland
2871,Adam Camacho,jonathon17@gmail.com,601-873-8514,2021-11-06,62,Male,East Leahland
2872,Wanda Miller,tortiz@gmail.com,478-254-9764,2024-03-06,26,Other,Nicolestad
2873,Michelle Grant,kristenjohnson@gmail.com,266-547-3796,2023-12-06,48,Male,Griffithhaven
2874,Rachel Robinson,tara97@gmail.com,286-207-0489,2024-04-24,64,Male,Stephenview
2875,Jennifer Kerr,fwilson@gmail.com,668-597-6132,2023-08-09,44,Male,Veronicamouth
2876,Nathan Estrada,justinpage@gmail.com,237-526-3260,2021-04-27,30,Female,Mcdonaldchester
2877,James Carson,kimkathryn@gmail.com,592-348-3590,2022-01-18,46,Female,Port Emily
2878,Clifford Harris,jonathan58@gmail.com,211-710-4781,2022-06-04,50,Male,South Mckenzie
2879,Lauren Owens,noblejames@gmail.com,477-541-4342,2024-02-12,52,Male,Kevinland
2880,Kimberly Sloan PhD,mauriceallen@gmail.com,682-949-6350,2022-02-14,20,Female,Jaimefurt
2881,Paul Tucker,martinromero@gmail.com,799-541-2402,2024-03-12,47,Female,Howardview
2882,Kimberly Gonzales,hkelly@gmail.com,782-923-1329,2024-07-31,49,Other,West Rebeccahaven
2883,Kristen Lee,millerbrett@gmail.com,695-439-7815,2024-04-10,39,Male,Port Jenniferchester
2884,Michael Gordon,pereztyler@gmail.com,254-882-7251,2022-09-14,65,Other,Guzmanshire
2885,Michael Garcia,eedwards@gmail.com,649-315-9787,2023-11-27,20,Female,West Steven
2886,Kendra Dean,rweber@gmail.com,690-985-9049,2023-09-12,42,Male,Lake Cliffordmouth
2887,Ricardo Rosales,phelpssandra@gmail.com,302-988-5706,2024-03-02,23,Male,Moodychester
2888,Steve Thompson,farnold@gmail.com,376-985-1902,2023-08-08,41,Female,Port Loriland
2889,Gerald Jones,ekent@gmail.com,227-637-2792,2021-06-15,29,Other,New Molly
2890,Wesley Rice,benjaminpatterson@gmail.com,504-565-7705,2022-10-19,21,Female,Boyerport
2891,Judith Patterson,marshalljulia@gmail.com,361-698-4125,2024-08-29,20,Female,East Patricia
2892,John Garcia,nlee@gmail.com,776-366-4308,2023-12-31,44,Other,East Kennethfort
2893,Larry Scott,pamelabarron@gmail.com,833-924-4299,2021-08-02,61,Other,North Jasonberg
2894,Luis Brewer,catherine68@gmail.com,433-229-7457,2023-02-13,65,Other,Lake Logan
2895,Matthew Hammond,cody97@gmail.com,745-588-6666,2020-09-04,21,Female,Gutierrezfurt
2896,Tiffany Atkins,whamilton@gmail.com,362-863-2887,2021-09-19,61,Male,Port James
2897,Joshua Gregory,isherman@gmail.com,652-530-1843,2021-03-13,58,Male,Nguyenfort
2898,Mr. Lee Roberts,vazquezkevin@gmail.com,423-352-1801,2024-04-01,48,Female,Port Amandabury
2899,Brenda Griffith,ehoover@gmail.com,860-492-6959,2023-08-02,26,Female,South Melanie
2900,Andrea Perez,lisali@gmail.com,651-971-6774,2024-05-21,24,Other,Lake Robertstad
2901,Danielle Gregory,kathy60@gmail.com,940-826-6207,2020-07-24,62,Other,West Matthewchester
2902,Juan Pope,fboyd@gmail.com,512-952-9997,2022-09-25,45,Other,Jessicaview
2903,Steven Coleman,elizabethmorris@gmail.com,844-635-2909,2020-06-12,53,Other,Bauershire
2904,Bruce Smith,katrina25@gmail.com,495-605-8353,2023-10-07,47,Female,New Amber
2905,Natasha Nguyen,garciatracy@gmail.com,651-792-5482,2024-10-02,62,Female,Popestad
2906,Jason Ashley,fullerangela@gmail.com,559-547-0348,2022-01-31,53,Male,Wolfville
2907,Andrew Rangel,rpotter@gmail.com,780-421-9557,2024-03-28,37,Female,Kevinhaven
2908,Gregory Green,lochoa@gmail.com,282-679-6756,2023-02-06,34,Female,Christopherside
2909,Anthony Gilbert,travis75@gmail.com,894-755-1331,2023-06-28,34,Male,Andrewview
2910,Michelle Torres,yschultz@gmail.com,269-483-5662,2020-11-23,32,Female,Elizabethhaven
2912,Pedro Cooper,richard22@gmail.com,522-619-5009,2023-10-19,24,Female,Ronaldport
2913,Kristen Allen,tavery@gmail.com,482-345-1205,2022-01-22,51,Female,West Angelaburgh
2914,Cheryl Dyer,dthompson@gmail.com,656-452-0910,2020-05-14,28,Other,Port William
2915,Patrick Pearson,orozcosteven@gmail.com,660-571-5406,2024-05-14,52,Female,Lindaview
2916,Craig Castro,manuel37@gmail.com,301-343-5233,2021-05-16,49,Female,East Jacob
2917,Sarah Jennings,waynemcgee@gmail.com,917-611-4100,2022-09-17,38,Male,North Jeffrey
2918,Deborah Smith,rgarcia@gmail.com,465-916-4777,2022-09-27,25,Other,Lake Stephanie
2919,John Trevino,hvasquez@gmail.com,254-997-8341,2021-01-01,57,Male,North Brandon
2920,Devin Lewis,joshuawilson@gmail.com,680-663-9678,2024-03-21,21,Male,North Alanburgh
2921,Robert Martin,paul81@gmail.com,607-397-6236,2023-07-08,47,Female,Richardsview
2922,Joseph Miller,timothy59@gmail.com,467-741-1668,2023-08-09,45,Male,Lindaborough
2923,Walter Frye,linda08@gmail.com,991-383-3358,2020-01-22,35,Female,Port Daniellemouth
2924,Michael Watkins,william42@gmail.com,221-500-3028,2024-01-09,32,Other,North Benjamin
2925,Kyle Smith,qedwards@gmail.com,933-889-9092,2022-10-15,35,Male,Lorifort
2926,Wesley Cook,jeffreyramos@gmail.com,573-552-3156,2022-04-07,30,Female,Lisafurt
2927,Robert Merritt,alexismartin@gmail.com,282-280-2207,2022-11-22,25,Female,Port Zacharyfort
2928,Valerie Davis,gjohnson@gmail.com,817-390-1987,2023-03-28,25,Male,Adamsside
2929,Brendan Johnson,curtiskelly@gmail.com,946-534-4161,2020-04-18,35,Other,Roweport
2930,Kevin Johnson,davisdennis@gmail.com,496-534-7954,2020-01-01,55,Female,North Brianview
2931,David Carter,patriciahudson@gmail.com,371-545-3700,2023-04-15,64,Other,Susantown
2932,James Rogers,wcoleman@gmail.com,239-818-6118,2024-02-06,38,Female,Melissaport
2934,Ryan Park,sarahbryant@gmail.com,907-254-1415,2023-10-19,48,Other,Johnsonburgh
2935,Hailey Martin,gregoryherring@gmail.com,534-492-4894,2024-01-19,51,Male,South Deannastad
2936,Angela Nielsen,gibbschristine@gmail.com,355-369-3510,2022-01-25,26,Other,Carrollhaven
2937,Jennifer Warner,wfloyd@gmail.com,386-457-9018,2022-12-05,21,Other,Erikaland
2938,Andrew Kerr,velazquezbrandy@gmail.com,779-215-3399,2022-05-08,62,Male,West Kara
2939,Robert Mills,danielle99@gmail.com,612-640-0067,2023-08-24,27,Female,South Scott
2940,Christopher Harper,matthewerickson@gmail.com,393-415-4620,2021-01-02,23,Female,Mccoyton
2941,Robin Brown,christopherfuentes@gmail.com,624-737-8389,2023-11-24,29,Male,Brianberg
2942,Jason Silva,helen56@gmail.com,952-851-5189,2023-11-22,25,Other,West David
2943,Travis Sanchez,robert12@gmail.com,579-265-2240,2021-08-01,28,Other,Smithhaven
2944,Darrell James,allen92@gmail.com,404-951-3200,2023-09-27,46,Male,Mckayland
2945,Adriana Rodriguez,ntaylor@gmail.com,312-848-1556,2020-02-07,44,Other,Lake Erin
2946,Dr. Anthony Navarro,joseph81@gmail.com,576-820-5379,2020-03-07,56,Female,West Markmouth
2947,Julie Brown,davidsonmelinda@gmail.com,950-447-9185,2021-04-28,28,Male,Rhondatown
2948,Maria Thompson,qpeters@gmail.com,752-544-0299,2020-05-02,21,Female,North Amy
2949,Vincent Knight,troy41@gmail.com,905-409-5374,2021-07-17,43,Male,North Paulton
2950,Connor Evans,parkdalton@gmail.com,790-750-9399,2021-04-27,24,Other,Burgessville
2951,Philip Conway,smason@gmail.com,733-221-7895,2021-05-31,48,Female,Moranbury
2952,Kelly Davis,melissa47@gmail.com,634-577-4411,2022-08-02,43,Male,Robertshaven
2953,Tammy Davis,janicecole@gmail.com,919-383-1683,2023-02-04,59,Female,South Joseph
2954,James Blevins,chad73@gmail.com,274-941-0909,2021-08-18,48,Female,Sonyaburgh
2955,Taylor Smith,wilsonbrian@gmail.com,530-291-0776,2020-11-24,21,Male,Port Marybury
2956,Jacob Roman,dcarter@gmail.com,969-610-5996,2021-05-13,18,Female,Williamborough
2957,Brandon Vang,tfernandez@gmail.com,423-516-0777,2022-06-08,61,Female,Port Shellybury
2958,Jose Brown,andrew16@gmail.com,582-419-9604,2024-05-05,48,Male,New Brad
2959,Carlos Mclean,jimmy90@gmail.com,631-907-0582,2020-09-18,60,Female,North Cassandra
2960,Beth Nelson,robertsontracy@gmail.com,669-436-1241,2023-01-11,60,Other,Johnburgh
2961,Nicholas Smith,tgomez@gmail.com,742-920-5768,2023-01-14,42,Female,Davidhaven
2962,Joel Brown,patricia65@gmail.com,253-472-0574,2020-04-28,56,Other,Youngberg
2963,Jennifer Pugh,robert38@gmail.com,816-522-8952,2023-09-14,35,Female,North Williamburgh
2964,Janet Mendez,julie41@gmail.com,565-466-9446,2023-06-06,55,Other,West Hannah
2965,Emily Riley,aprilclarke@gmail.com,378-955-2109,2021-06-21,62,Male,South Lisa
2966,Lisa Carey,jenniferclark@gmail.com,991-501-2990,2023-08-13,32,Male,Donaldland
2967,Jennifer Hamilton,sotocraig@gmail.com,272-916-5840,2022-12-14,61,Male,North Lauramouth
2968,Adam Hood,glenflowers@gmail.com,551-927-4582,2021-09-17,63,Female,Port Matthewmouth
2969,Michael Bowen,daniellynch@gmail.com,238-278-5316,2024-04-19,57,Male,Robertmouth
2970,William Russell,gonzaleselizabeth@gmail.com,944-931-8886,2024-02-25,28,Male,Davidsonmouth
2971,Tony Hale,krystal12@gmail.com,544-238-8281,2023-07-30,19,Male,Lake Jennifer
2972,Brandon Rodriguez,fmorales@gmail.com,496-399-0106,2022-08-15,38,Male,Sanchezmouth
2973,Sandra Stephens,combsandrew@gmail.com,938-381-9353,2023-12-31,63,Female,West Tracey
2974,Lauren Mclean,chambersstephanie@gmail.com,640-795-1282,2020-07-28,35,Other,East Sharon
2975,Douglas Mcdonald,dbishop@gmail.com,481-636-5900,2023-05-26,18,Female,Smithview
2976,Anna Taylor,jessicagarcia@gmail.com,484-523-4439,2022-10-02,59,Female,Port Randy
2977,Jennifer Baker,jonesjohn@gmail.com,415-457-3134,2021-04-27,57,Other,Mckeeland
2978,Courtney Cunningham,grantperez@gmail.com,552-367-8775,2022-10-26,23,Female,North Daniel
2979,Martin Villanueva,taylorvillarreal@gmail.com,963-282-7783,2023-04-06,28,Female,Rickyshire
2980,Dennis Evans,vmitchell@gmail.com,836-589-2582,2020-02-14,28,Male,North Katie
2981,Timothy Mitchell,michael03@gmail.com,502-747-8899,2020-07-28,19,Male,East Andrew
2982,Paul Snyder,tiffanymorris@gmail.com,748-799-4903,2020-06-08,47,Other,North Meganland
2983,Spencer Pearson,judywhite@gmail.com,950-989-1363,2022-04-06,47,Male,East John
2984,Robert Jackson,lisaperez@gmail.com,722-767-3486,2024-08-23,30,Other,Kristenchester
2985,Jennifer Blankenship,joneshaley@gmail.com,323-390-7106,2024-01-10,31,Male,Lake Robertberg
2986,Barbara Howell,veronicaguzman@gmail.com,898-705-2972,2021-06-11,21,Other,Vanessamouth
2987,Barbara Thomas,zday@gmail.com,983-663-6271,2024-01-04,30,Male,Jessicatown
2988,David Johnston,fosterjames@gmail.com,331-653-2931,2022-01-03,34,Male,North Jennifer
2989,Amy Reyes,victoria32@gmail.com,201-838-6029,2021-01-04,36,Other,Daveton
2990,Mallory Fowler,vrichard@gmail.com,336-621-7265,2023-05-26,31,Other,West Jacqueline
2991,Kathleen Duke,thompsonchristina@gmail.com,676-546-6927,2022-02-04,43,Male,Malonemouth
2992,Jeffrey Gibson,sanchezjill@gmail.com,542-745-6904,2021-02-07,24,Male,Hallland
2993,Amber Stone,paul11@gmail.com,495-456-7394,2022-03-27,53,Other,West Steventown
2994,Katie Herrera,barnesbonnie@gmail.com,867-992-0493,2023-02-05,36,Male,Ortizburgh
2995,Lisa Peters,hartgabriel@gmail.com,437-501-1195,2020-02-12,48,Other,South Dominiqueshire
2996,Pamela Wade,harringtonmichele@gmail.com,914-281-5685,2020-10-31,55,Other,Peterbury
2997,Benjamin Chan,nmunoz@gmail.com,961-775-1419,2021-03-16,31,Male,West Brianberg
2998,Katrina Stanley,jeromeyang@gmail.com,941-921-0536,2020-01-16,25,Male,Lake Brittanyshire
2999,Stephen Gonzalez,ronald13@gmail.com,593-298-7447,2023-05-03,51,Male,North Randy
3000,Megan Rodriguez,turnermark@gmail.com,856-616-3152,2024-09-27,41,Female,West Nathanside
3001,John Wiggins,codyrandall@gmail.com,458-597-2060,2024-05-09,56,Female,New Jeffreychester
3002,Bob Benson,njohnson@gmail.com,747-697-7278,2020-06-23,64,Female,Petersville
3003,Madison Coffey,stevensonglenn@gmail.com,624-808-6477,2021-06-18,49,Male,Port Stuart
3004,Travis Drake,smithdana@gmail.com,943-373-6127,2023-10-06,61,Male,Debbieland
3005,Pamela Thompson,garrettpope@gmail.com,542-347-5880,2023-11-17,52,Other,Richardmouth
3007,Janice Williams,michelle49@gmail.com,712-974-9651,2024-05-06,43,Other,Lauramouth
3008,Susan Lopez,pwilliams@gmail.com,576-752-6652,2023-10-17,36,Male,Port Anthony
3009,Matthew Collins,gmoore@gmail.com,599-538-7807,2024-05-29,54,Other,New Lesliehaven
3010,Danny Davis,martinezandrea@gmail.com,862-990-3339,2022-01-18,30,Other,Lake Steven
3011,Gregory Jones,patrickcobb@gmail.com,627-829-9618,2020-02-21,40,Male,Port Leslie
3012,Helen Wilson,lauradixon@gmail.com,639-246-9656,2020-08-30,44,Female,Christineton
3013,Maria Gray,nvaughn@gmail.com,547-857-5538,2020-10-14,38,Female,Lake Andrew
3014,Michael Miller,savannahoneill@gmail.com,600-476-1019,2023-02-08,39,Male,Michaelfurt
3016,William Hickman,imartinez@gmail.com,828-916-9419,2023-09-28,54,Male,North Stevenside
3017,Ryan Oneal,salasmaria@gmail.com,352-600-9303,2024-07-16,59,Other,New Timothy
3018,Kevin Hayes,glasskim@gmail.com,246-724-3539,2022-05-09,35,Other,South Bryanside
3019,Paige Howell,ebutler@gmail.com,336-789-3802,2020-01-13,47,Male,Simmonsmouth
3020,Meagan Gutierrez,penny56@gmail.com,746-466-7454,2021-02-13,35,Female,Johnsonside
3021,Samantha Santos,brittany14@gmail.com,616-895-8751,2022-11-20,59,Female,East Deborah
3022,Taylor Harris,petersjennifer@gmail.com,750-455-9897,2023-01-17,51,Other,New Keith
3023,Sharon Waters,mcculloughlarry@gmail.com,436-572-1130,2024-09-22,28,Other,Lake Brianland
3024,Thomas Jackson,kgibson@gmail.com,301-326-9965,2022-09-16,29,Male,Maryland
3025,Kim Mcdonald,qmarshall@gmail.com,447-792-4682,2022-10-17,36,Female,Williamfurt
3026,Julie Lee,gonzalezjennifer@gmail.com,674-597-6758,2024-05-28,58,Female,Carmenburgh
3028,Lynn Simon,oknapp@gmail.com,967-583-6283,2021-06-19,63,Male,South Kelly
3029,Courtney Robertson,peterssierra@gmail.com,294-871-4980,2023-06-06,19,Other,Port Tanyaton
3030,Tina Brown,maryyoung@gmail.com,547-723-7765,2020-02-14,46,Female,Christopherside
3031,Lawrence Munoz,mackheather@gmail.com,993-912-8433,2024-10-03,45,Male,Amandafurt
3032,Erik Barker Jr.,smithdeborah@gmail.com,827-978-7358,2023-06-09,18,Male,Coffeyview
3033,Jennifer Bryan,kyle49@gmail.com,670-458-2063,2024-01-07,19,Male,Anthonystad
3034,Brett Hayes,njames@gmail.com,434-455-1717,2023-08-14,40,Female,Markport
3035,Marco Schneider,ynorman@gmail.com,545-977-5618,2021-07-02,51,Other,Harperville
3036,Brandon Jackson,aprilbarry@gmail.com,684-748-8279,2022-08-02,37,Other,Jonathanshire
3037,Wesley Blair,kathryngarcia@gmail.com,252-879-1811,2022-03-28,62,Other,North Jennifer
3038,Douglas Wade,dmurphy@gmail.com,781-675-7119,2023-07-18,59,Other,Sanchezborough
3039,Candice Davis,kaylaclark@gmail.com,732-725-7029,2024-08-12,18,Male,Edwardmouth
3041,Steven Scott,odavis@gmail.com,213-230-1817,2020-06-25,31,Female,Walkerside
3042,Linda Jimenez,lee24@gmail.com,463-461-1755,2020-11-30,43,Other,New Michaelmouth
3043,Terry Johnson,kristina01@gmail.com,215-344-4256,2022-09-21,28,Male,Lake Elizabeth
3044,Travis Cross,haneylaura@gmail.com,334-696-0121,2022-04-27,44,Other,Daniellestad
3045,Martin Anderson,morenoraymond@gmail.com,307-805-0190,2023-11-05,32,Other,North Johnfurt
3047,Melissa Gallegos,davidmoody@gmail.com,531-940-4350,2023-05-31,58,Other,Jamesmouth
3048,Jean Whitney,moranwendy@gmail.com,888-926-2608,2024-06-29,53,Female,South Jacob
3049,Jessica Campbell,williamstodd@gmail.com,322-536-6864,2021-08-15,51,Female,Briannaburgh
3050,Todd Ray,brownantonio@gmail.com,570-427-9411,2024-02-27,25,Female,Taylorville
3051,John Zuniga,figueroamichael@gmail.com,661-814-2298,2024-08-02,22,Male,Amychester
3052,Brenda West,idavis@gmail.com,566-221-7394,2021-01-16,37,Male,Johnsonstad
3053,Derrick Travis,samanthaclark@gmail.com,802-271-3692,2021-11-17,33,Female,Port Gabrielle
3054,Amanda Owens,sparker@gmail.com,456-373-6761,2022-02-18,46,Other,Kimberg
3055,Beverly Burns,jessicadavis@gmail.com,-10-120-,2023-12-30,46,Male,East Leslie
3056,Michael Jordan,jessica78@gmail.com,801-762-9791,2020-01-17,33,Female,Michaelfurt
3057,Holly Smith,ycampbell@gmail.com,507-928-3023,2024-06-05,26,Female,North Brendachester
3058,Carol Mcdonald,kellyparker@gmail.com,498-498-3211,2023-09-05,51,Other,Baldwinfort
3059,Mario Jones,adriantaylor@gmail.com,508-290-1380,2023-12-07,19,Male,Lake Anthonyside
3060,Julie Elliott,newtondenise@gmail.com,879-715-6315,2023-10-13,34,Other,New Larryfort
3061,Alexander Sparks,khoward@gmail.com,237-518-0548,2022-03-07,62,Female,Donnaside
3062,Debra Perez,ashley93@gmail.com,878-559-2618,2020-02-09,36,Female,Raymondton
3063,Jonathan Schmitt,david09@gmail.com,748-816-6927,2022-01-16,49,Male,Freemanstad
3064,Justin Frey,juliahardy@gmail.com,635-795-3072,2022-04-06,36,Other,Bakerfort
3065,Tiffany Michael MD,richard42@gmail.com,727-434-4047,2022-01-29,23,Male,Allenchester
3066,Jamie Hammond,johnsonashley@gmail.com,907-448-4830,2021-03-23,55,Other,Andersonmouth
3067,Gary Wheeler,courtney48@gmail.com,927-710-8412,2022-12-30,48,Male,North Yvonneland
3068,Colleen Jacobs,brewerwanda@gmail.com,836-226-9098,2020-05-12,64,Male,Contrerasshire
3069,Beverly Johnson,djackson@gmail.com,740-762-4659,2021-10-22,31,Male,Martinezshire
3070,Brenda Curtis,michellejohnston@gmail.com,840-333-4634,2020-11-19,51,Male,Port Aaronberg
3071,Michelle Phillips,paul41@gmail.com,940-206-0576,2024-03-17,29,Other,Williamfort
3072,Kurt James,griffithmonica@gmail.com,759-515-5067,2023-04-01,27,Female,Samanthahaven
3073,Amanda Miller,raymond71@gmail.com,344-948-1480,2024-01-26,49,Female,Richardsonmouth
3074,Cheryl Gonzalez,smithkathy@gmail.com,209-441-5275,2020-05-01,24,Female,North Melanie
3075,Todd Terry,kurtjacobson@gmail.com,917-889-4442,2020-05-26,59,Other,South Melissaside
3076,Christopher Johnson,molly00@gmail.com,211-318-8323,2021-02-11,31,Female,North Michael
3077,Robert Owen,ewang@gmail.com,681-421-2604,2021-01-13,48,Female,West Nancy
3078,Mrs. Alyssa Perez,watsonandre@gmail.com,791-241-5087,2024-09-02,33,Female,Paulbury
3079,Casey Ramirez,mary04@gmail.com,827-472-2449,2021-01-30,63,Male,New Paul
3080,Charles Erickson,james21@gmail.com,864-749-3761,2021-09-02,25,Male,Gilbertchester
3081,Zachary Stewart,timothy95@gmail.com,722-709-5268,2022-08-17,63,Male,Courtneybury
3082,Dr. Jamie Montgomery,diane81@gmail.com,904-648-8999,2020-10-23,29,Female,East Cheyenne
3083,Jennifer Martinez,shawnathompson@gmail.com,-10-615-,2023-12-07,18,Male,West Andrewberg
3085,Katherine King,patrick06@gmail.com,738-961-3416,2020-04-03,41,Female,Jacksonburgh
3086,Zachary Stevenson,ebarry@gmail.com,410-314-3593,2024-06-28,47,Female,Andrewburgh
3087,Andrew Brown,nross@gmail.com,728-475-1964,2020-09-27,59,Other,South Joshuafort
3088,Veronica Woods,martinjared@gmail.com,321-525-8144,2023-04-14,62,Male,East Kristy
3089,Brandon Freeman,amanda21@gmail.com,970-389-1949,2024-04-12,26,Female,West Donaldland
3090,Mark Mays,adamsdennis@gmail.com,203-705-2432,2022-05-25,61,Male,Hannafort
3091,Katie Duke,andrejennings@gmail.com,526-469-8704,2022-11-28,35,Other,North Anthony
3092,Michael Shaw,jessica14@gmail.com,619-656-3040,2021-10-05,42,Male,Mirandafort
3093,Timothy Cisneros,perezleslie@gmail.com,880-403-8744,2024-06-06,59,Male,South Kristen
3094,Erin Barton,vicki20@gmail.com,370-330-6532,2020-05-29,18,Female,Port Johnhaven
3095,Lauren Buchanan,leenathan@gmail.com,604-371-7306,2022-12-09,22,Other,North Richardland
3096,Mary Woods,watsonsheila@gmail.com,510-628-6839,2023-06-11,31,Male,West Wendytown
3097,Robert Hanna,bowmanmichael@gmail.com,527-218-9683,2021-04-29,18,Male,Angelaburgh
3098,Harold Henson,brandonjohnson@gmail.com,705-818-4675,2022-04-20,57,Female,Blackside
3099,Jaime Potter,mcdonaldvalerie@gmail.com,274-560-8405,2023-03-21,65,Male,Thorntonton
3100,Charlene Ryan,jonessamuel@gmail.com,447-249-7209,2023-02-02,49,Female,North Jacquelineborough
3101,Sarah Johnson,jeanrodriguez@gmail.com,375-955-8219,2021-03-28,45,Other,Lake Kimberlyville
3102,Tyler Thomas,carolhodges@gmail.com,325-643-4485,2024-04-21,47,Male,Ramseychester
3103,Samuel Mcneil,abrooks@gmail.com,458-651-5516,2020-10-29,31,Other,North Christopher
3104,Kimberly Baldwin,derekwallace@gmail.com,879-603-9037,2023-03-05,34,Other,East Jason
3105,Joseph Miller,uroberts@gmail.com,559-315-0916,2023-10-07,49,Male,Lake Sarahville
3106,Philip Price,spark@gmail.com,964-657-7702,2021-01-25,35,Other,Hughesburgh
3107,Clayton Phillips,yjones@gmail.com,280-902-2758,2021-01-21,32,Female,East David
3108,Benjamin Rios,teresalittle@gmail.com,959-744-0256,2020-12-23,61,Female,Elliottburgh
3109,Stephanie Johnson,nelsonzachary@gmail.com,601-355-7516,2022-01-21,41,Female,Carriemouth
3110,Alison Gonzales,teresa23@gmail.com,434-415-4083,2022-01-12,18,Male,East Ian
3111,Theresa Garrett,john14@gmail.com,305-491-1417,2023-06-09,51,Other,Larryside
3112,Benjamin Stone,grahamcolin@gmail.com,212-954-0925,2021-06-03,56,Other,West Nicolefurt
3113,Gregory Martin,ehouse@gmail.com,488-821-7464,2024-09-19,25,Female,Murraychester
3115,Yvette Foley,kevin95@gmail.com,206-893-1941,2020-05-25,54,Female,Torresville
3116,Meagan Wright,mpowell@gmail.com,223-639-7709,2021-09-27,48,Other,West Seanside
3117,Amy Hughes,fryemarissa@gmail.com,629-363-0106,2023-05-18,58,Female,Riversfurt
3118,Mary Henry,zbradley@gmail.com,694-678-0169,2020-09-22,36,Female,Anthonyton
3119,Christina Lucas,ashleyparker@gmail.com,377-972-4008,2024-07-23,51,Male,West Tamichester
3120,Timothy Smith,sarah47@gmail.com,496-902-9967,2024-04-27,56,Male,Matthewberg
3121,Ms. Kathryn Martin,jeffreymorris@gmail.com,978-385-8858,2024-05-26,27,Other,Kellymouth
3123,Michael Marshall,jacobstiffany@gmail.com,713-348-6039,2023-11-02,20,Other,Port Tara
3124,Richard Moore,johnsonanthony@gmail.com,582-862-4674,2023-07-24,52,Female,East Mary
3125,Casey Roman,amandalewis@gmail.com,738-507-7194,2024-06-23,26,Other,Stoutton
3126,Kelsey Stout,owenchristopher@gmail.com,517-490-7706,2023-02-08,58,Female,West Erinshire
3127,Latoya Sandoval,brendanoliver@gmail.com,768-755-2113,2021-10-12,33,Other,Ronaldchester
3128,Alex Long,paula94@gmail.com,446-977-3503,2022-04-11,19,Male,Port Lawrence
3129,Alexis Fisher,williamsrobert@gmail.com,871-632-3638,2021-06-26,25,Female,East James
3130,Regina Adams,rbowen@gmail.com,310-570-0296,2023-05-02,18,Other,West Christopher
3131,Diane Harrison,daniel11@gmail.com,454-617-4871,2021-04-27,18,Other,Port Joseph
3132,Kyle Weeks,dustingibson@gmail.com,247-941-7127,2021-08-13,52,Other,West Christopher
3133,Sherry Carney,nguyenlaura@gmail.com,362-944-4826,2023-07-14,41,Male,Nicholaston
3134,Joshua Daniels,ramirezkathryn@gmail.com,241-480-1952,2022-11-09,20,Other,Edwardsville
3135,Robert Velez,justinbryan@gmail.com,474-858-0780,2024-09-21,23,Other,East Jared
3136,Charles Miller,pwolfe@gmail.com,512-956-8432,2020-09-27,45,Male,Shellyview
3137,Christopher Henderson,phowell@gmail.com,302-866-2234,2021-10-30,57,Other,East Rogerland
3138,Jacqueline Owens,bmoore@gmail.com,716-403-1816,2021-12-15,59,Female,Craneview
3139,Eric Harper,parksmelinda@gmail.com,870-289-5236,2020-10-14,56,Other,Christopherport
3140,Brooke Freeman,parkerjoseph@gmail.com,541-739-1354,2021-12-22,21,Female,Danielport
3141,Alicia Dalton,todd50@gmail.com,918-902-1399,2023-11-02,45,Other,Atkinston
3142,Mikayla Cook,shane27@gmail.com,290-456-2617,2024-08-27,36,Female,East Megan
3143,Thomas Hardin,ballen@gmail.com,468-689-5115,2024-10-02,42,Male,Ericberg
3144,Edward Padilla,hollowayvanessa@gmail.com,641-804-4642,2021-11-11,21,Female,Lake Cynthia
3145,William Dominguez,tandrews@gmail.com,882-347-8867,2020-07-20,27,Male,Port Donna
3146,Suzanne Thomas,codywatts@gmail.com,988-678-4175,2023-03-31,25,Other,Stephensmouth
3147,Sarah Jackson,jose59@gmail.com,537-577-4384,2023-06-26,26,Male,Carrilloville
3148,Steven George,martinwendy@gmail.com,782-783-4903,2023-07-10,59,Male,Port Jessica
3149,Adam Yoder,katelynmunoz@gmail.com,371-456-3848,2023-06-04,54,Other,North Juliehaven
3150,Monique Charles,nathan42@gmail.com,493-692-9976,2023-05-13,61,Male,North Robertton
3151,Samantha Hart,hudsonvernon@gmail.com,229-751-6000,2021-01-11,30,Female,Lake David
3152,Billy Hunt,griffinryan@gmail.com,965-805-9714,2021-04-14,43,Female,East Courtney
3153,Dr. Betty Lopez,mason75@gmail.com,202-697-4791,2020-12-18,34,Female,East Samantha
3154,Holly Baker,lisa58@gmail.com,549-254-9645,2021-06-21,41,Female,Howardshire
3155,Zoe Flores,jenniferlucas@gmail.com,374-236-2510,2022-07-05,61,Other,Mathishaven
3156,Jessica Hall,chelseabrown@gmail.com,917-757-8911,2022-11-20,36,Female,West Stephentown
3157,Jessica Hunt,jeffreymendoza@gmail.com,585-329-1006,2021-01-04,19,Male,Ryanbury
3158,Michael Smith,gaguilar@gmail.com,952-766-8479,2023-10-31,38,Female,Gibsonview
3159,Terri Brooks,tammyboyd@gmail.com,905-855-4224,2023-10-16,38,Male,Garytown
3160,Joseph Griffin,tyoung@gmail.com,264-342-7459,2022-03-29,20,Male,Colemantown
3161,Beth Gonzalez,clarkalexander@gmail.com,333-699-3288,2021-03-23,18,Male,North Ryanhaven
3162,Lynn Medina,robert40@gmail.com,332-375-4044,2022-05-21,29,Other,Baileyland
3163,Stephanie Berry,ugreer@gmail.com,271-616-5039,2024-01-06,22,Other,Beckshire
3164,Samantha Mitchell,ybridges@gmail.com,206-845-6977,2023-12-24,29,Other,Marystad
3165,Kimberly Wilson,wjohnson@gmail.com,656-413-5661,2020-02-18,40,Male,Charleston
3166,Justin Barnes,fcole@gmail.com,562-942-2889,2021-11-19,40,Other,Jeffersonport
3168,Julie Ramirez,brenda06@gmail.com,531-220-8851,2023-11-07,49,Male,Danielburgh
3169,Travis Holland,vjones@gmail.com,210-737-5895,2020-07-24,26,Male,North Spencerburgh
3170,Kim Weiss,marknielsen@gmail.com,390-722-4760,2022-12-25,26,Other,Hollystad
3171,Bethany Tucker,john08@gmail.com,525-442-8685,2023-04-05,52,Male,South Alyssaside
3172,Keith Morrison,thomasjesse@gmail.com,295-622-1890,2020-11-25,65,Female,Samuelfort
3173,Richard Lopez,daniel14@gmail.com,808-899-1428,2022-02-14,40,Male,New Allison
3174,Nicole Murphy,glevine@gmail.com,998-897-6140,2021-10-07,32,Other,Sellerston
3175,Jonathan Johnson,ruizmichele@gmail.com,253-961-7230,2020-11-21,36,Male,Ochoaside
3177,Paul Bean,rossdaniel@gmail.com,306-826-9243,2021-11-12,26,Female,Colehaven
3178,Johnny Martin,cstout@gmail.com,589-477-8972,2022-08-19,55,Other,Rodriguezview
3179,Christy Williams,roy10@gmail.com,307-865-1923,2020-07-04,42,Male,South Charlesview
3180,Earl Zimmerman,nhayes@gmail.com,898-312-4626,2020-01-24,34,Male,New Thomasview
3181,Robert Marshall,duanewarner@gmail.com,361-777-7629,2022-10-05,21,Other,Kaylachester
3182,Theresa White,markmartin@gmail.com,442-390-7669,2022-06-15,20,Male,Melissaview
3183,Christopher Munoz,danielle69@gmail.com,709-786-8693,2023-01-10,63,Male,Rodrigueztown
3184,Robert Castillo,contrerasheather@gmail.com,390-664-5659,2020-12-16,21,Female,Chadborough
3185,Alexandra Hoover DDS,ochoaricky@gmail.com,444-948-3577,2022-09-21,58,Other,Port Craigville
3186,Mr. Mark Brown,storres@gmail.com,991-687-0904,2020-02-19,18,Male,Lake Wendy
3187,Bethany Hunter,mcastro@gmail.com,230-276-1601,2021-04-08,58,Male,Allisonville
3188,Jacqueline Price,cwilliams@gmail.com,336-795-6315,2021-07-02,19,Female,North Lonnie
3189,Leah Riley,ncruz@gmail.com,818-942-7512,2020-10-16,56,Male,Port Morgan
3190,Sean Mendez,hilljonathon@gmail.com,306-385-9060,2024-03-26,21,Female,South Mary
3191,Kathleen Mills,erinsmith@gmail.com,629-858-4708,2024-06-25,47,Male,East Patrickville
3192,Jesse Phelps,sramirez@gmail.com,891-970-7334,2024-04-14,24,Female,Port Alex
3193,Paula Lara,dawnlyons@gmail.com,634-746-9055,2022-03-30,37,Other,North Rhonda
3194,Bonnie Bass,fischerwilliam@gmail.com,511-292-7295,2021-07-25,48,Other,Port Patriciaburgh
3195,Jeremiah Barker,marcus96@gmail.com,395-230-1671,2024-09-07,53,Female,Evanston
3196,John Meadows,qlopez@gmail.com,633-435-1241,2020-03-18,18,Other,East Codytown
3197,Carla Smith PhD,ogarcia@gmail.com,406-821-9904,2023-10-01,56,Female,Port Melissa
3198,Jennifer Miller,kimmorse@gmail.com,511-320-8610,2022-10-11,31,Other,Valerieborough
3199,Jonathan Lopez,chandoris@gmail.com,952-700-9354,2022-05-24,31,Female,North Debratown
3200,Nichole Robinson,bbaker@gmail.com,445-872-7898,2021-02-02,61,Other,Sarahton
3201,Anna Chambers,jose20@gmail.com,961-433-4935,2024-05-23,31,Other,Phillipsside
3202,Jennifer Wagner,paul58@gmail.com,738-232-0524,2022-12-31,32,Male,North Christina
3203,Kimberly Baker,sharon90@gmail.com,885-440-6342,2021-07-22,65,Male,Susanstad
3204,Stephen Harris,cherrydanielle@gmail.com,442-957-7215,2021-11-22,40,Male,New Paul
3205,Katherine Martinez,erin12@gmail.com,853-800-2195,2021-02-12,52,Female,North Connie
3206,Alyssa Alvarez,hardyjose@gmail.com,917-309-6268,2023-05-13,38,Other,Coleton
3207,Denise Collins,bryan48@gmail.com,615-278-2766,2022-11-04,62,Female,East Elizabeth
3208,Dawn Strickland,lori46@gmail.com,492-409-5248,2020-09-18,43,Other,Lake Melissaton
3209,Jacob Bennett,fholt@gmail.com,359-829-0599,2022-03-25,35,Female,Leslieside
3210,Daniel Parrish,qwatson@gmail.com,990-453-0953,2021-10-03,61,Female,Stephensonview
3211,Jeffrey Reed,mitchellbutler@gmail.com,910-849-3290,2023-11-09,42,Male,Ryanchester
3212,Kimberly Santiago,kevinbaker@gmail.com,672-368-5499,2022-03-19,35,Other,Christopherborough
3213,Rachel Clark,zturner@gmail.com,495-668-3558,2021-06-05,19,Female,Port Michaelberg
3214,Andrea Russell,robert70@gmail.com,648-679-2277,2023-12-24,45,Female,Dennistown
3216,Debra Romero,samuel09@gmail.com,739-884-1515,2021-05-04,40,Other,New Susanhaven
3217,Wyatt Lane,chelsey71@gmail.com,499-328-2044,2020-07-10,52,Other,Morachester
3218,Anthony Morris,peterstuart@gmail.com,578-583-8013,2024-06-14,47,Male,Kevinbury
3219,Robert Sanchez,ymills@gmail.com,535-661-7802,2022-04-22,56,Other,Crossmouth
3220,Tina Green,fgallagher@gmail.com,869-760-5668,2021-12-07,24,Other,New Kevin
3221,Francisco Patterson,kimberlybrooks@gmail.com,405-864-5234,2023-06-26,35,Female,Lake Davidshire
3222,Richard Navarro,mariashepherd@gmail.com,501-237-9339,2023-04-10,37,Other,Marioville
3223,Christina Williams,clarence40@gmail.com,903-800-1281,2021-04-26,28,Other,Port Joseview
3224,Lisa Lewis MD,evansmichael@gmail.com,922-846-5573,2021-08-31,41,Other,Alisonmouth
3225,Cathy Reynolds,amber58@gmail.com,468-531-4175,2023-11-07,29,Female,New Marcia
3226,Shawn Quinn,williamskenneth@gmail.com,228-478-1966,2022-01-12,34,Female,Nataliemouth
3227,Rebecca Smith,zjohnson@gmail.com,832-753-1511,2022-09-08,62,Female,Lake Robertmouth
3228,Christopher Lutz,meganhart@gmail.com,505-683-9047,2023-06-30,34,Female,Patrickside
3229,Anita Miller,latoya64@gmail.com,275-638-0499,2024-09-06,51,Female,Port Jamiestad
3230,Felicia Adams,wileyjulia@gmail.com,412-936-2920,2020-08-02,54,Other,Parkfurt
3231,Keith Gaines,perkinsjohn@gmail.com,998-896-9312,2024-05-19,56,Female,South Deborahland
3232,Joan Jones,allensarah@gmail.com,534-800-9617,2020-04-25,52,Other,Kennedyhaven
3233,Dana Peterson,qhughes@gmail.com,826-367-7775,2023-12-22,27,Male,East Dustin
3234,Austin Lindsey,usherman@gmail.com,893-953-7805,2021-07-18,46,Female,Bautistaton
3236,Wendy Sullivan,daniel02@gmail.com,537-868-3432,2020-07-24,59,Other,West Joel
3237,Justin Martinez,kurt91@gmail.com,317-765-9622,2020-03-23,43,Female,East Cathy
3238,Anne Garcia,kayla15@gmail.com,449-964-6247,2024-02-20,35,Male,Donaldstad
3239,Maria Young,douglas52@gmail.com,877-300-1728,2023-09-21,47,Female,Mcintoshfurt
3240,Michael Smith,jaredknight@gmail.com,746-757-3442,2023-07-10,35,Other,New Rachelhaven
3241,Amanda Hawkins,dlevine@gmail.com,938-722-7934,2021-05-07,60,Female,Millerstad
3242,Alexander Miller,dowens@gmail.com,209-371-6643,2022-11-06,26,Male,North Davidport
3243,Arthur Black,garciateresa@gmail.com,712-987-8143,2024-01-11,34,Other,East Tonyton
3244,Denise Richards,liallison@gmail.com,440-834-6960,2023-11-04,46,Male,Port Thomasville
3245,Miguel Scott,penny46@gmail.com,308-527-8195,2021-07-21,51,Other,East Daniel
3246,Patrick Reed,smithchad@gmail.com,815-373-3151,2020-12-29,37,Male,Barajasmouth
3247,Laura Frazier,bporter@gmail.com,875-716-3740,2021-01-27,31,Other,Lake Jamesland
3248,Michelle Golden,iflynn@gmail.com,976-279-0813,2022-05-14,47,Female,Thorntonview
3249,Sean Lopez,ray45@gmail.com,413-814-9832,2020-07-21,56,Male,Port Thomas
3250,Rachel King,brandonbrown@gmail.com,408-303-0500,2023-06-11,25,Female,Andersonland
3251,Caroline Singh,andrewvelez@gmail.com,671-885-4038,2023-11-26,19,Other,Daniellefurt
3252,Isaiah Campbell,mark22@gmail.com,989-466-7913,2023-06-09,47,Other,Mclaughlinland
3253,Monica Robinson,jsanders@gmail.com,978-422-7250,2022-01-23,41,Female,West Melissa
3254,Samuel Barry,chasemichael@gmail.com,736-489-2358,2022-03-10,39,Other,East Markside
3255,Angelica Shaw,amypruitt@gmail.com,550-758-8588,2024-08-23,18,Female,Kingfort
3256,Tammy Garcia,qmcmahon@gmail.com,-11-033-,2022-01-27,34,Male,Whitehaven
3257,Timothy Howard,christineking@gmail.com,725-315-7200,2020-11-30,40,Male,Port Ryanshire
3258,Richard Williams,rmaxwell@gmail.com,658-279-8109,2020-03-05,64,Male,South Jason
3259,Dawn Stafford MD,wanderson@gmail.com,987-249-3931,2024-01-29,30,Other,Brendaberg
3260,Zachary Foster,susan23@gmail.com,220-973-6683,2021-07-11,26,Male,New Michael
3262,Raymond Caldwell,mortonjames@gmail.com,252-218-4096,2023-09-12,45,Other,Heidifort
3263,Kelly Burke,dhumphrey@gmail.com,643-804-6955,2020-08-28,65,Other,Jessicaview
3264,Victoria Mccormick,jonathan03@gmail.com,588-949-3669,2023-08-08,46,Female,Ruizville
3265,Adrienne Brewer,zwinters@gmail.com,292-706-7228,2023-05-22,40,Male,Chavezberg
3266,Joshua Boone,james39@gmail.com,950-613-8094,2021-12-28,40,Female,Schroederchester
3267,Holly Richardson,sbarnes@gmail.com,435-447-5366,2022-10-14,43,Other,Morrisbury
3268,Karen Boyd,escobardavid@gmail.com,486-854-5931,2024-07-10,64,Female,South Debra
3269,Katelyn Montoya,lori52@gmail.com,682-340-1190,2023-06-04,32,Other,South Royport
3270,Tracy Wilson,acostabrooke@gmail.com,975-556-7629,2023-08-19,29,Female,Reeseton
3271,Meredith Frank,stephanie39@gmail.com,890-401-8628,2021-12-01,52,Other,Watsonland
3272,Gabriela Cohen,johnsonkenneth@gmail.com,358-397-6181,2020-06-16,44,Other,Henryberg
3273,James Walker,stevenweber@gmail.com,669-590-3348,2023-03-10,22,Male,Tonyastad
3274,Lauren Garcia,walkerchristopher@gmail.com,572-526-5322,2022-05-04,44,Female,Lake Sophia
3275,Zachary Hall,riverstheresa@gmail.com,417-344-5582,2022-05-16,61,Male,East Teresaberg
3276,Frank Tapia,samanthabates@gmail.com,693-981-7392,2022-08-19,55,Other,Lake Julie
3278,Sarah Thomas,andrea23@gmail.com,450-526-1046,2020-10-17,39,Female,Hodgesstad
3279,Mary Barnes,petersbenjamin@gmail.com,323-310-9352,2023-04-22,36,Male,Maryton
3280,Donald Ballard,davidzamora@gmail.com,630-632-5162,2021-06-28,58,Male,Bethanyfurt
3281,Sarah Smith,houstonmichael@gmail.com,955-713-7355,2022-08-08,45,Other,West Danielfort
3282,Edward Gordon,yvonnephillips@gmail.com,701-829-6725,2020-03-25,20,Female,Johnside
3283,Joshua Mcdonald,kimberly72@gmail.com,464-917-9448,2020-04-06,19,Female,Lake Matthewmouth
3284,Julie Garcia,ibrown@gmail.com,727-359-4835,2023-04-13,39,Male,South Natalie
3285,Bernard Freeman,richardsonpatrick@gmail.com,299-320-9512,2022-08-18,51,Other,Jessicatown
3286,Chad Downs MD,brooke30@gmail.com,962-421-3626,2024-09-07,19,Other,Lake Michelle
3287,Shawn Heath,gallegoserika@gmail.com,908-799-5104,2024-04-30,47,Male,South Taylor
3288,Joseph Cantu,tbernard@gmail.com,723-472-6443,2023-06-26,39,Other,Ericksonmouth
3289,Karen Hale,estuart@gmail.com,226-741-8614,2024-04-10,45,Female,Martinmouth
3290,Helen Zamora,evelynthomas@gmail.com,402-923-2802,2020-08-23,41,Male,Ronaldstad
3291,Jennifer Lee,jill81@gmail.com,438-527-1641,2023-03-13,64,Female,West Charles
3293,Adrian Koch,phillip07@gmail.com,754-216-8704,2021-04-16,22,Male,Cathyport
3294,Jeffrey Wong,marvin31@gmail.com,931-877-7594,2023-06-15,43,Female,Lake Cassandra
3295,David Marks,amberrivera@gmail.com,891-769-4316,2022-10-28,46,Male,Ericbury
3296,Tanner Johnson,david31@gmail.com,807-996-4461,2022-05-17,44,Female,Fieldsberg
3297,Jennifer Baldwin,pbonilla@gmail.com,543-326-9689,2022-07-10,47,Other,North Marcberg
3298,Crystal Wright,kbrennan@gmail.com,312-934-8302,2021-06-11,19,Female,Valdezville
3299,Barbara Anderson,craig08@gmail.com,340-768-9809,2023-02-02,33,Female,South Aaron
3300,Brooke Bell,tommy46@gmail.com,644-568-9246,2020-07-16,58,Male,West Alexander
3301,Sandra Mcgee,tstewart@gmail.com,881-448-7991,2020-02-17,38,Female,New Stacy
3302,Rachel Lowe,cindy08@gmail.com,935-356-5332,2024-03-22,21,Other,Alejandratown
3303,Daniel Henry,heather22@gmail.com,264-742-5842,2023-03-30,48,Male,West Benjamin
3304,Gregory Ray,holtchristopher@gmail.com,613-491-8468,2021-10-18,56,Other,Lake Chadhaven
3305,Sherri Harris MD,garrett60@gmail.com,373-882-3472,2024-03-13,63,Other,Amytown
3306,Craig Lindsey,vmurphy@gmail.com,748-575-9285,2022-02-24,60,Male,Lake Vincent
3307,Melissa Wiggins,jessicajohnson@gmail.com,859-636-0261,2020-06-08,65,Other,New Vincenttown
3308,Joseph Duke,steeleroger@gmail.com,408-645-4106,2021-11-02,60,Female,Bennettland
3309,Traci Thompson,kimberly30@gmail.com,585-852-8527,2020-02-22,21,Male,West Williamfurt
3310,Sherri Rowe,trichardson@gmail.com,884-567-5917,2023-06-05,53,Other,Lake Joseph
3311,Chad Ray,gabrielleprice@gmail.com,594-952-4033,2020-08-13,49,Other,Reevesport
3312,Charlotte Curtis,dillonhines@gmail.com,760-647-5421,2021-11-29,59,Other,New Debbiehaven
3313,Elizabeth Hanson,judy58@gmail.com,469-989-6773,2021-04-17,44,Other,Gordonview
3314,Miguel Bryant,jessecastillo@gmail.com,788-954-7489,2020-08-16,45,Female,Angelahaven
3315,Tonya Kramer,jeremymiranda@gmail.com,471-649-5227,2023-03-05,24,Other,Port Glen
3316,Nicholas Knight,paula15@gmail.com,445-503-3878,2024-08-23,46,Other,Angelaville
3317,Norman Martinez,boyleerica@gmail.com,620-929-8444,2020-03-19,29,Other,Lake Vickie
3318,Robert Townsend,istafford@gmail.com,744-815-5558,2022-03-15,31,Male,Robertberg
3319,John Jones,jlopez@gmail.com,933-598-9878,2022-10-24,54,Female,West William
3320,William Wise,richard61@gmail.com,455-945-1811,2020-03-20,33,Male,New Jonathanborough
3321,Tyler Heath,tracyreid@gmail.com,903-612-6738,2021-10-08,61,Other,Jodiport
3322,Tracy Allen,garyjarvis@gmail.com,567-635-4687,2020-11-25,45,Male,Buckleyside
3323,Miss Monique Francis DDS,tinabarker@gmail.com,868-653-9092,2022-12-02,57,Other,Amymouth
3325,Tara Rodgers,martinezalison@gmail.com,315-990-8485,2023-02-19,60,Other,South Tommyville
3326,Ann Murphy,lauriebecker@gmail.com,868-430-0184,2021-09-15,21,Other,East Dustinmouth
3327,Kim Chapman,harrisjon@gmail.com,797-889-7657,2020-08-03,51,Male,Harrisonstad
3328,Michael Harris,kcannon@gmail.com,265-573-8098,2020-01-21,25,Male,Randallland
3329,Stacy Smith,yvasquez@gmail.com,709-441-2136,2021-05-08,53,Other,Matthewview
3330,Taylor Thornton,stephenmurray@gmail.com,339-804-2929,2020-10-19,28,Male,East Meganfurt
3331,Roy Cowan,wendy65@gmail.com,837-257-5912,2023-03-11,20,Other,Lake Joan
3332,Katelyn Stokes,martinezerica@gmail.com,465-298-0180,2024-04-27,55,Female,Sanderstown
3333,Natalie Diaz,duane15@gmail.com,615-820-5295,2022-11-27,60,Female,Port Elizabeth
3334,Mary Thompson,vmiller@gmail.com,829-648-1876,2023-10-30,63,Female,East Ericaville
3335,Lorraine Luna,kristycurry@gmail.com,356-445-8032,2023-03-21,55,Female,South Brianville
3336,Jessica Gay,klyons@gmail.com,945-847-8241,2024-07-12,35,Male,Lake Daniel
3337,Douglas Johnson,tiffany48@gmail.com,291-390-7255,2023-02-04,22,Female,Jillview
3338,Brittany Perez,zanderson@gmail.com,256-773-9789,2022-04-14,20,Female,West Donald
3339,Ronald Martinez,billywilliams@gmail.com,387-226-2723,2023-06-02,48,Other,South Katieburgh
3340,Hayley Orozco,yestrada@gmail.com,944-770-0019,2021-05-06,29,Male,South Jacob
3341,Angela Ramos,ythomas@gmail.com,244-995-1755,2023-02-06,59,Other,Marymouth
3342,Sandra Roberts,josephgonzalez@gmail.com,571-981-0935,2023-11-10,28,Male,South Christie
3343,Juan Stewart,umiller@gmail.com,450-204-3017,2023-10-17,48,Other,West Kelly
3344,Robert Smith,ericschwartz@gmail.com,348-557-2431,2022-08-04,24,Female,West Jennifer
3346,William Jones,dale08@gmail.com,398-431-0669,2023-07-23,59,Female,Millerchester
3347,Mr. Tyler Baker,cynthiaclark@gmail.com,626-631-1778,2024-06-06,30,Male,Port Christopherport
3348,Christopher Cooper,csimpson@gmail.com,960-702-6131,2023-10-02,30,Male,West Lynn
3350,Valerie Chen,robinlee@gmail.com,509-690-1788,2024-01-14,61,Female,Marcusfort
3351,Robert Moss,hflowers@gmail.com,887-955-8809,2021-10-24,25,Female,Walkerport
3352,Brenda Pope,sjohnson@gmail.com,633-509-4031,2020-10-16,22,Female,South Mitchell
3353,Laurie Landry,erikrussell@gmail.com,305-233-7627,2021-10-13,61,Male,Boothland
3354,Timothy Duncan,heatherlee@gmail.com,258-598-9843,2024-08-20,19,Other,West Michael
3355,Madison Leach,jennifer48@gmail.com,665-616-1612,2024-06-13,41,Female,Port Jessicaland
3356,Janet Palmer,ricedonald@gmail.com,597-282-3082,2021-11-16,31,Male,Lake Samanthaburgh
3358,Connie Poole,qhawkins@gmail.com,407-634-4639,2022-05-19,20,Other,South Lindsey
3359,Brianna Wilson,johntapia@gmail.com,495-699-0811,2023-10-21,50,Female,Bassmouth
3360,Stephanie Smith,greenegary@gmail.com,390-636-0278,2022-08-05,60,Female,Lake Danielle
3361,Steven Bush,bradleyjulie@gmail.com,426-873-6006,2021-04-08,27,Female,New Carrieville
3362,Kyle Edwards,gstrickland@gmail.com,410-562-1859,2023-05-31,23,Other,Port Tammyborough
3363,James Archer,tonya83@gmail.com,267-219-1224,2020-06-20,25,Male,Paulbury
3364,Amber Gonzalez,taylor79@gmail.com,253-921-1517,2020-03-07,56,Female,Danielhaven
3365,Anthony Sims,frankvincent@gmail.com,808-888-8612,2021-08-19,37,Female,Lake Tonyshire
3366,David Crawford,qpope@gmail.com,641-548-5983,2022-11-12,26,Female,Williamsland
3367,Juan Castillo,ochoatheresa@gmail.com,212-240-4997,2023-03-06,23,Other,New Tiffanyville
3368,Michelle Rice,carrie74@gmail.com,723-480-7560,2021-07-08,65,Other,Bradleyview
3369,Cynthia Pham,john05@gmail.com,731-243-1145,2023-12-12,47,Female,Hugheston
3370,Tina Walker,jbarker@gmail.com,726-416-1922,2024-06-20,57,Female,Kingtown
3371,Thomas Clark,allenkristen@gmail.com,748-779-2343,2022-09-27,49,Female,Cindyborough
3372,Ryan Caldwell,sarah10@gmail.com,809-318-7096,2023-02-28,27,Male,West Joeltown
3373,Andre Morgan,logancox@gmail.com,550-894-7922,2021-12-19,39,Male,Heidiberg
3374,Ryan Wright,ricelisa@gmail.com,701-916-9334,2022-12-28,27,Other,Michaelberg
3375,Jenna Ayala,michael49@gmail.com,536-925-9611,2020-06-11,34,Male,East Sandraton
3376,Mark Vargas,alexander01@gmail.com,795-535-8666,2022-08-31,27,Male,Lake Josephstad
3377,Deborah Austin,reidjennifer@gmail.com,723-670-2588,2022-12-13,39,Other,Jasonmouth
3378,Alexis Smith,dsmith@gmail.com,402-839-2681,2020-10-21,18,Male,North Lesliehaven
3379,Dorothy Barnett,vmedina@gmail.com,449-298-6172,2020-04-21,34,Male,North Andrea
3380,Juan Carpenter,kennedyelijah@gmail.com,444-866-2441,2024-07-21,61,Male,East Brendanville
3381,Bryan Brady,peter00@gmail.com,310-914-1113,2022-04-03,49,Male,North Elizabeth
3382,Robert Kennedy,hawkinsjohn@gmail.com,832-748-6248,2024-02-08,63,Other,Julieville
3383,Rhonda Tucker,bakerdawn@gmail.com,485-910-0889,2023-04-23,39,Other,Jenniferburgh
3384,Scott Johnson,nicholsjennifer@gmail.com,849-927-0190,2022-08-11,59,Other,Lake Matthewbury
3385,Robert Gonzales,yrodriguez@gmail.com,737-836-8442,2023-07-25,53,Female,Port Nancybury
3386,William Wilson,nwalker@gmail.com,378-848-0056,2023-03-20,35,Female,West Kelseyshire
3387,Gary Williams,dmcconnell@gmail.com,217-802-4451,2024-01-20,44,Other,Riveramouth
3388,Mary Brown,kwilliams@gmail.com,951-717-3245,2024-03-04,55,Other,Port Veronica
3389,Jason Roth,esmith@gmail.com,358-446-9002,2020-01-29,26,Female,Woodtown
3390,Wayne Adams,davisgeorge@gmail.com,898-606-0488,2022-04-29,56,Other,Brucechester
3391,Christine Willis,tcarroll@gmail.com,430-350-3294,2023-08-10,31,Male,South Jessica
3392,Mrs. Renee Jones,dmorrison@gmail.com,507-788-6362,2024-01-02,55,Female,Kyleside
3393,Stephanie Costa,salasthomas@gmail.com,981-594-8336,2024-05-14,61,Male,Dianahaven
3394,Dr. Kelly Love,jrice@gmail.com,904-430-8761,2020-05-29,30,Other,Port Barbarashire
3395,John Bates,tanyajacobson@gmail.com,288-652-9966,2021-10-01,43,Male,Stricklandshire
3396,Melissa Benson,evanssandra@gmail.com,503-372-8220,2024-01-26,50,Other,Jonesside
3397,Dennis Jones,weissrachel@gmail.com,774-466-4944,2023-07-25,20,Male,Jenniferport
3398,Elizabeth Williams,ohenry@gmail.com,243-862-3872,2022-10-21,23,Other,Port Victor
3400,Dr. Dylan Parker,kevin69@gmail.com,281-326-8666,2024-04-07,28,Other,Johnsonland
3401,Lucas Barry,sparksstacie@gmail.com,988-951-7862,2022-06-06,63,Other,Lake Christinefurt
3402,Heidi Davis,ulewis@gmail.com,704-809-6593,2021-03-30,53,Male,Maxshire
3403,Jessica Reyes,jcook@gmail.com,956-439-6854,2024-03-27,61,Female,Michelleton
3404,David Williams,michaelbarker@gmail.com,883-602-3223,2021-04-10,24,Male,Carolburgh
3405,Christopher Fowler,susan23@gmail.com,235-430-3723,2020-04-12,29,Male,Jessicaborough
3406,Holly Wheeler,jonathansharp@gmail.com,647-994-6943,2021-10-07,28,Other,Johnton
3407,Tiffany Gregory,tiffany02@gmail.com,216-381-9173,2021-01-08,19,Male,Port Antonio
3408,Robert Hill,angelamedina@gmail.com,779-971-9699,2022-02-19,59,Other,Laurenville
3409,Gregory Miller,joshua48@gmail.com,274-823-6926,2020-05-23,33,Male,Port Nicholasborough
3410,Sean Horton,hblake@gmail.com,952-558-9003,2022-04-21,63,Male,East Patricia
3411,William Brown,brittany60@gmail.com,541-234-6809,2020-04-18,61,Female,Jillville
3412,Laura Shaffer,williamsdylan@gmail.com,679-585-3912,2023-06-07,48,Other,Josephtown
3413,Mr. Frank Cook DVM,rfuller@gmail.com,239-600-5614,2020-02-24,29,Female,Floresland
3414,Stephen Peters,nguyendaniel@gmail.com,505-393-7139,2021-06-09,47,Other,Danielfurt
3415,Jennifer Rodriguez,maryperkins@gmail.com,763-741-0129,2021-03-29,45,Female,Davidfort
3416,Tracy Parrish,williamstina@gmail.com,242-709-0229,2022-07-30,27,Male,Virginiaburgh
3417,Danielle Moore,ashleymartin@gmail.com,329-542-8852,2021-06-20,51,Male,Port Brandonchester
3418,Wayne Wilkerson,carterbriana@gmail.com,286-908-7869,2021-06-20,41,Female,Ruizview
3419,Michael Ashley,campbellmichael@gmail.com,823-435-2797,2022-08-06,47,Other,Jeanborough
3420,Maria Cobb,mallory77@gmail.com,926-673-7100,2020-06-14,38,Male,Thomaschester
3421,Travis Weaver,shannon59@gmail.com,791-875-3063,2023-01-12,26,Male,Martinezbury
3422,Tracy Frederick,kyoung@gmail.com,202-689-8350,2022-07-06,34,Female,Knappmouth
3423,Lonnie Robinson,michaeljohnson@gmail.com,438-425-5432,2024-01-17,33,Male,Lake Kevin
3424,Kerry Hinton,logan79@gmail.com,794-976-9350,2024-09-11,43,Other,East Michael
3425,Danielle Mason,watsontheresa@gmail.com,334-596-4960,2023-09-11,45,Female,Lake Jasonmouth
3426,Troy Johnson,chandlercrystal@gmail.com,897-932-7069,2020-12-30,41,Male,Davenportton
3427,Nicole Peters,vparker@gmail.com,654-540-0643,2020-10-09,51,Female,Grimeston
3428,Jenna Olson,haleyamanda@gmail.com,910-970-1455,2022-10-29,63,Male,Jonesland
3429,Monica Estrada,hawkinsstephanie@gmail.com,501-805-9983,2023-02-01,41,Male,Port Alexandra
3430,Matthew Gomez,coxjeffrey@gmail.com,720-578-8682,2022-05-27,57,Female,West Christopher
3431,Daniel Perez,yspencer@gmail.com,730-997-9158,2023-02-20,65,Other,Greenfurt
3432,Savannah Garrison,pphillips@gmail.com,514-596-2000,2024-01-09,39,Other,Port Tonyton
3433,Dr. Brooke Mann,dawsonsteven@gmail.com,688-312-1862,2021-12-01,59,Female,South Mariaberg
3434,Christine Elliott,hannah85@gmail.com,567-624-9981,2022-07-22,43,Female,Lake Tonytown
3436,Mark Dixon,josephbecker@gmail.com,964-569-8446,2022-01-04,28,Female,Millerland
3437,Rachel Logan,alison21@gmail.com,897-661-3825,2022-05-28,20,Female,East Isaiahton
3438,Debra Brown,ksullivan@gmail.com,625-223-3124,2021-10-12,49,Other,Markton
3439,Julia Holder,michaelcook@gmail.com,672-962-6714,2022-02-21,50,Other,Kathleenland
3441,Curtis Santiago,jillbrown@gmail.com,200-720-4253,2023-03-21,50,Other,Adamsmouth
3442,Rachel Estes,gabriellenelson@gmail.com,526-594-1738,2022-06-07,39,Male,Tranmouth
3443,John Ortiz,lcollier@gmail.com,293-851-0520,2020-01-15,33,Other,Port Duaneborough
3444,David Davis,greenfrederick@gmail.com,683-910-4137,2022-11-21,49,Other,Lake Sydneyberg
3445,James Peters,gibsonholly@gmail.com,482-313-3181,2023-08-21,61,Male,Shawmouth
3446,Marilyn Ortega,nvalencia@gmail.com,543-531-3179,2023-11-29,49,Female,West Shannonmouth
3447,Sean Williams,dylanhall@gmail.com,720-891-4429,2020-05-19,56,Other,East Anthonyburgh
3448,Jason Miller,shawnvasquez@gmail.com,990-632-5001,2021-04-08,20,Male,Brandonland
3449,Mary Thomas,stephanie44@gmail.com,442-805-3134,2024-09-30,40,Female,North Kimberly
3450,Charles Flores,sarahmarshall@gmail.com,600-554-0205,2022-04-01,40,Male,Paulview
3451,Christopher Cannon,kimrachel@gmail.com,284-551-2042,2021-01-16,23,Other,Jamieview
3452,Lauren Odom,edwinnguyen@gmail.com,878-857-6163,2020-10-01,23,Female,Quinnview
3453,Rodney Sims,robersongregory@gmail.com,403-579-7957,2020-05-14,46,Female,New Juan
3454,Grant Branch,hilljennifer@gmail.com,295-633-1820,2020-10-30,54,Male,North Kimberlyview
3455,Scott Lopez,garrettlance@gmail.com,664-206-3364,2024-04-23,23,Female,New Jenniferbury
3456,Jacqueline Fisher,johnmiranda@gmail.com,625-379-6119,2020-08-10,51,Male,South Billyberg
3457,Heather Delgado,makayla63@gmail.com,385-549-5311,2023-05-18,57,Female,South Davidfort
3458,Sheri Waters,davidluna@gmail.com,386-961-7407,2023-04-01,49,Other,Taylortown
3459,Derek Mendez,shelia45@gmail.com,398-224-7265,2023-05-06,38,Male,Johnhaven
3460,Mark Mills,jeremy55@gmail.com,362-620-0099,2020-11-22,36,Female,Solomonmouth
3461,Derek Flores,raysarah@gmail.com,626-456-6595,2023-07-28,49,Female,Port Paul
3462,Ethan Adams,joshuanash@gmail.com,315-244-5397,2020-12-19,39,Male,Adkinsfurt
3464,Megan Delgado DDS,richard51@gmail.com,672-424-8881,2024-01-25,52,Female,South William
3466,Timothy Hughes,tammyleonard@gmail.com,776-340-4855,2023-12-18,57,Other,New Sophiafort
3467,Sean Ho,ninahahn@gmail.com,632-210-5382,2020-10-02,54,Female,Jasonfurt
3468,Joshua Perry,brittany07@gmail.com,653-658-9726,2020-02-12,20,Male,Lake Davidbury
3469,Sean Green,anna36@gmail.com,643-647-6360,2022-02-02,39,Male,North Rebekah
3470,Kristin Schmitt MD,michaelcohen@gmail.com,668-619-6944,2021-10-21,47,Other,Victormouth
3471,Marissa Zimmerman,scott82@gmail.com,223-869-1588,2023-11-12,62,Other,Antoniohaven
3472,Abigail Pennington,christophershepard@gmail.com,472-640-4039,2022-02-19,54,Male,Dianemouth
3473,Rhonda Wilkinson,hunter20@gmail.com,870-466-3794,2024-07-22,32,Female,Lake Kathleenchester
3474,Natasha Johns,carrollamy@gmail.com,766-437-4968,2022-12-20,59,Female,South Kevintown
3475,Elizabeth Rodgers,bradley18@gmail.com,748-584-2433,2023-10-03,59,Female,North David
3476,Michael Webb,justin92@gmail.com,645-561-3385,2021-07-21,36,Other,Port Teresa
3477,Adam Jones,brooke35@gmail.com,482-635-8787,2022-11-02,61,Other,Michaelhaven
3478,Dawn Smith,lhardin@gmail.com,660-998-7463,2023-10-14,34,Female,Robinport
3479,Kristen Watson,njackson@gmail.com,940-487-0455,2022-05-26,58,Male,New Kelsey
3480,Mr. Peter Hurst,mcculloughkevin@gmail.com,752-371-0953,2023-06-08,55,Female,East Melissa
3481,Rebecca Russell,donna85@gmail.com,926-889-4851,2023-05-29,27,Male,Lake Chadton
3482,Dennis White,reyesjames@gmail.com,273-979-8730,2024-08-19,35,Female,Murilloberg
3483,Steven Soto,katrina78@gmail.com,283-834-7660,2022-02-04,47,Other,Christopherside
3484,Charles Flynn,danamoses@gmail.com,298-962-4933,2022-03-01,49,Female,Johnsonmouth
3485,Oscar Hardin,fkaufman@gmail.com,883-523-9063,2020-10-08,43,Female,Bryantshire
3486,Christina Jones,christopherbrown@gmail.com,298-529-0517,2022-12-27,34,Female,North Sally
3487,Daniel Gross,catherine52@gmail.com,496-760-6727,2021-08-27,25,Other,Lake Johnberg
3488,Laura Huerta,ramirezjasmine@gmail.com,642-826-5666,2021-03-16,63,Male,South Douglasstad
3489,Cassandra Boone,rochasavannah@gmail.com,899-352-8657,2023-04-03,55,Female,Sarahfurt
3491,Jason Travis,autumn75@gmail.com,911-955-5206,2023-07-16,41,Other,West Alexis
3492,Sandra Ramirez,batkins@gmail.com,804-300-2223,2021-02-25,18,Female,Pollardtown
3493,Gabriel Ford,adamsethan@gmail.com,651-447-2784,2022-10-03,47,Other,Lake Lindaview
3494,Sherry Ali,meganschneider@gmail.com,316-294-3646,2023-07-29,63,Male,Westburgh
3495,Keith Reed,sergio35@gmail.com,960-316-5691,2020-02-03,51,Other,Lopezshire
3496,Jill Smith,fryejamie@gmail.com,499-874-4081,2020-11-15,30,Male,South Lucas
3497,Judy Shaw,ariasshelby@gmail.com,705-867-4728,2021-12-01,64,Other,North Daniel
3498,Luke Hicks,roseerika@gmail.com,777-999-1576,2020-09-01,56,Male,North Scottfurt
3499,Derek Vasquez,graybailey@gmail.com,735-915-5659,2021-02-26,52,Female,East Cynthia
3500,Michele Thompson,uhernandez@gmail.com,230-667-7792,2021-06-02,65,Female,Bakermouth
3501,Christy Ford,hmiller@gmail.com,396-695-1955,2021-07-12,32,Male,Lake Samanthachester
3502,Jacob Small,russellkimberly@gmail.com,960-299-5820,2023-07-19,58,Male,East Tracymouth
3503,Joseph Brown,donaldpruitt@gmail.com,353-736-4337,2024-05-25,53,Other,Cannonville
3504,Thomas Valencia,jordanbrady@gmail.com,473-925-6464,2023-02-07,33,Female,New Kimberly
3505,Dylan Ross,dawnrice@gmail.com,476-275-8346,2024-09-11,56,Female,Roberthaven
3506,Katrina Martin,cynthia40@gmail.com,638-769-1700,2021-12-10,31,Other,West Melissa
3507,Nicole Moore,mejiadonna@gmail.com,576-853-8180,2020-04-15,39,Other,Roweville
3508,Amanda Alvarado,jdelgado@gmail.com,606-630-1168,2023-08-01,43,Female,Port Patricia
3509,Sharon Hammond,jenniferstout@gmail.com,414-548-9652,2024-04-02,53,Male,New Seanshire
3510,Heather Pruitt,smithjudy@gmail.com,374-961-5707,2023-01-20,18,Female,West James
3511,Andrew Mccarthy,garciaphilip@gmail.com,781-671-4756,2022-03-05,21,Other,New Emily
3512,Steven Brown,katherinelara@gmail.com,309-248-9617,2020-12-06,33,Female,East Andrew
3513,Michele Ramirez,rcamacho@gmail.com,531-959-5486,2024-07-15,33,Other,South Gregoryside
3514,Jennifer Clark,heatherlynch@gmail.com,832-555-9164,2022-09-11,53,Male,Mcphersonberg
3515,Denise Smith,rthomas@gmail.com,602-559-9188,2023-09-12,20,Male,South Scott
3516,Terry Mcneil,timothy97@gmail.com,292-703-5950,2023-07-13,46,Other,East Reginaldside
3517,Anna Campbell,danielswendy@gmail.com,756-226-7052,2021-12-19,48,Female,Poncestad
3518,Jonathon Hicks,blee@gmail.com,445-437-4646,2021-03-27,30,Male,North Beth
3519,Victoria Cabrera,allenlee@gmail.com,315-429-7405,2022-09-29,47,Male,Christensenhaven
3520,Caitlin Gonzalez,sheri18@gmail.com,464-901-7088,2023-07-27,43,Male,New Leah
3521,James Sandoval,aroth@gmail.com,616-264-7793,2020-08-14,64,Other,Jaclynmouth
3522,Jacqueline Reyes,vturner@gmail.com,635-545-9489,2024-09-16,27,Other,Robertport
3523,Mary Carson DVM,jacquelinerocha@gmail.com,258-267-2466,2023-11-10,35,Other,Kristenchester
3524,Brianna Mitchell,zachary05@gmail.com,822-798-1113,2022-04-22,42,Male,Lake Jeffrey
3525,Thomas Horn,jenkinsdarrell@gmail.com,223-379-7493,2021-01-29,26,Other,Richardton
3526,Nicholas Oconnor,peter55@gmail.com,934-685-7998,2021-03-12,41,Female,Craigview
3527,Rachel Gonzalez,kelly89@gmail.com,321-413-9930,2021-07-14,59,Male,Chamberschester
3528,Matthew Baker,rogersmartin@gmail.com,596-464-3722,2021-07-23,53,Male,Williamview
3529,Sandra Paul,barnettvicki@gmail.com,981-484-3047,2022-01-19,34,Male,Riveraberg
3530,Stephen Cummings,philipcurry@gmail.com,439-510-3708,2022-04-22,55,Female,Kristamouth
3531,Adrian Fleming,rita77@gmail.com,689-985-6070,2021-05-13,56,Other,Tapiaport
3532,Daniel Sanchez,tony91@gmail.com,395-360-1998,2021-01-26,39,Male,West Carlosville
3533,Megan Ruiz,petersonjeffrey@gmail.com,981-315-5943,2020-07-24,25,Female,West Amymouth
3534,Audrey Ryan,fosterlisa@gmail.com,226-248-7485,2023-10-21,56,Female,Port Darrellport
3535,Shane Pugh,raymondhill@gmail.com,554-392-9573,2022-11-14,64,Male,East April
3536,Sandra Barton,rgomez@gmail.com,321-291-0072,2024-02-03,40,Female,East Lindsaymouth
3537,Jennifer Vargas,espinozamark@gmail.com,369-665-1568,2020-10-25,40,Male,Codyfurt
3538,Megan Thompson,bcarpenter@gmail.com,865-326-3929,2021-03-21,18,Other,Angelaville
3539,Amanda Rivas,bellsandra@gmail.com,811-576-4438,2022-02-23,63,Male,Kimberlyfurt
3540,Cassandra Duran,crosslarry@gmail.com,561-666-0000,2022-05-29,26,Other,Jimenezstad
3541,Ricky Frazier,christopher43@gmail.com,830-446-1338,2020-04-28,38,Female,Michaelland
3542,John Murphy,vhayden@gmail.com,706-692-6759,2021-09-09,27,Male,West Jason
3543,Jorge Bean,melissasmith@gmail.com,585-312-4165,2021-05-26,41,Male,Lake William
3544,Francisco Barnes,gcox@gmail.com,884-986-6149,2024-01-03,28,Male,Higginshaven
3545,Katherine Robinson,jasmine60@gmail.com,513-890-5219,2022-12-13,26,Other,Singletonfort
3546,Joy Carroll,piercekathryn@gmail.com,764-967-4732,2024-02-04,43,Other,East Cindy
3547,John Hunt,ybarnes@gmail.com,212-375-3482,2020-04-26,60,Female,Wayneton
3548,Brett Nash,dhaley@gmail.com,841-271-1398,2022-09-18,19,Male,Crystalchester
3549,Terry Rodriguez,dcastro@gmail.com,926-315-8018,2021-04-18,37,Female,Wadeburgh
3550,Terri Acosta,keithanderson@gmail.com,264-858-5184,2023-04-13,44,Male,Michaeltown
3551,Angela Sanchez,qmartin@gmail.com,848-601-0816,2023-10-24,65,Male,Port John
3552,Marcia Casey,leecatherine@gmail.com,563-290-3530,2021-09-14,37,Male,Port James
3553,Brian Simmons,sandra43@gmail.com,-11-460-,2023-06-15,55,Female,New Aaronberg
3554,Michael Woods,colemanjacob@gmail.com,441-569-7307,2022-11-03,28,Female,Jamesberg
3555,Justin Hansen,xtravis@gmail.com,721-863-3517,2021-09-28,55,Female,East Jason
3556,Jamie Buck,tyrone75@gmail.com,860-504-8225,2022-08-28,33,Other,Johnhaven
3557,Rodney Mckinney,gooddaniel@gmail.com,208-349-7661,2020-04-02,48,Male,Theresaside
3558,Elizabeth Ray,richard33@gmail.com,291-813-2340,2022-10-25,20,Female,Joanneshire
3559,Alexander Horn,amycrane@gmail.com,674-847-8488,2020-03-25,34,Male,Lisahaven
3560,Susan Hughes,baileysean@gmail.com,967-704-2957,2021-06-15,48,Male,Danielville
3561,Tina Ramirez,bsmith@gmail.com,868-259-6760,2023-04-25,49,Male,North Sarah
3562,Vincent Knight,franklinsean@gmail.com,701-485-3466,2021-05-18,38,Female,Justinfurt
3563,Robert Hawkins,hcarter@gmail.com,874-816-4502,2022-04-08,24,Other,Sherryport
3564,Grace Wagner,shernandez@gmail.com,648-437-5295,2022-10-11,19,Female,Lawsonview
3565,Elizabeth Evans,aaron07@gmail.com,714-981-9491,2022-04-14,24,Male,Colemanville
3566,Eric Barnes,alexanderrusso@gmail.com,518-640-2366,2020-10-14,58,Female,North Destinymouth
3567,Robert Wilkins,hoffmanangela@gmail.com,521-317-1484,2024-08-26,30,Female,Martinfurt
3569,Allison Hatfield,nicholschristopher@gmail.com,657-746-1027,2021-01-28,51,Male,Sierrabury
3570,Kayla Martin,ibailey@gmail.com,835-611-1903,2024-04-19,63,Male,Elliottmouth
3571,Stephen Daniel,lisaknox@gmail.com,540-230-1567,2024-01-10,52,Other,West Rhonda
3572,Donald Clark,phillipsshelley@gmail.com,977-974-0933,2022-12-06,25,Other,Port Michelletown
3573,Alexander Mitchell,liheather@gmail.com,724-590-5429,2021-01-12,26,Other,South Austinchester
3574,Katelyn Mora,bentonjennifer@gmail.com,935-534-7867,2021-04-30,55,Male,New Tanyaport
3575,Jill Cameron,laurencox@gmail.com,943-339-8902,2022-02-08,53,Male,South Alicia
3576,Mary Lee,lewisjulie@gmail.com,828-824-3022,2024-06-13,26,Male,Frankview
3577,Matthew Walker,brodriguez@gmail.com,810-412-4192,2022-11-30,55,Male,Rodriguezstad
3578,Omar Watkins,toddbaker@gmail.com,793-965-3541,2020-04-09,20,Other,East Suzannechester
3579,Stephanie Cruz,cristina61@gmail.com,433-234-3591,2021-04-17,19,Male,Vanceside
3580,Paige Hancock,william54@gmail.com,434-444-1870,2024-05-21,42,Female,North Reginald
3581,Cynthia Huynh,walterselijah@gmail.com,923-851-5065,2021-10-27,39,Male,New Ryanville
3582,Elizabeth Marks,clarkannette@gmail.com,203-824-0049,2020-09-29,53,Other,Lisabury
3583,Anne Wilson,rterry@gmail.com,215-804-3188,2022-05-31,55,Female,North Kimberlyview
3584,Emily Myers,floresjacob@gmail.com,464-517-3169,2020-07-12,51,Male,Cuevasberg
3585,Stephen Calderon,twest@gmail.com,951-377-3299,2020-01-24,27,Female,Josephhaven
3586,Dr. Charles Sexton,mark52@gmail.com,747-258-0686,2022-01-30,20,Other,Cunninghamtown
3587,Robert Elliott,katherine08@gmail.com,275-433-1622,2024-09-09,61,Other,Lake Colleen
3588,Steven Walker,armstrongkathleen@gmail.com,254-483-9939,2023-11-08,49,Female,West Thomasport
3589,Martha Sweeney,howellkathryn@gmail.com,977-386-8771,2023-03-31,53,Male,North David
3590,Jamie Montgomery,jenniferbauer@gmail.com,747-814-1967,2024-07-04,47,Other,Alvarezberg
3591,Gina Gonzalez,miranda34@gmail.com,450-216-3837,2024-08-02,64,Female,Harrisonhaven
3592,Mr. Richard Wilson,amandaward@gmail.com,856-313-0111,2020-07-09,49,Male,Keithberg
3593,Carlos Hoover,gwendolyn81@gmail.com,656-574-1686,2022-04-06,34,Other,Russellhaven
3594,Gregory Pruitt,nkeller@gmail.com,596-773-8178,2024-02-04,39,Female,Burkemouth
3595,Christina Ortiz,deniseguerra@gmail.com,332-680-3106,2023-11-15,27,Female,Downshaven
3596,Victor Gordon,rachael44@gmail.com,683-726-2775,2020-02-26,64,Male,Lake Patricia
3597,Virginia Gonzales,johnlopez@gmail.com,838-276-3106,2023-10-25,60,Other,New Jenniferbury
3598,Molly Ortiz,macdonaldsarah@gmail.com,279-754-2678,2024-03-04,63,Other,Dianeburgh
3599,Lisa Martinez,brent40@gmail.com,818-939-5005,2020-02-02,34,Male,Everettborough
3600,Ashley Wilson,michele61@gmail.com,480-315-2000,2021-03-23,48,Male,Port Stevenberg
3601,Jacob Doyle,oanthony@gmail.com,988-356-0146,2022-06-03,45,Male,Johnsonfurt
3602,Javier Buckley,patrickmorgan@gmail.com,392-552-5408,2022-02-11,36,Female,Stewartland
3603,Alexandra Lewis,lawrencenguyen@gmail.com,228-352-5429,2023-06-14,65,Female,West Jessica
3604,Bruce Huerta,lcook@gmail.com,236-320-1464,2020-08-06,21,Male,Avilaview
3605,Mikayla Pena,thomaswilliam@gmail.com,533-725-0269,2022-10-15,64,Female,Tammyfurt
3606,Abigail Hammond,kimberlybell@gmail.com,864-392-0316,2023-02-19,45,Male,East Kimberly
3607,Charles Hess,simmonscasey@gmail.com,618-625-9652,2020-08-19,37,Other,Alexton
3608,Tammy Morris,bellamanda@gmail.com,286-623-4113,2021-01-08,62,Other,Torresmouth
3609,Stephen Jones,curtis23@gmail.com,862-645-6679,2021-10-14,31,Female,East Brandi
3610,Mr. Christopher Manning MD,tiffanybooker@gmail.com,482-440-0557,2023-07-11,28,Female,North Randallfort
3611,Benjamin Anderson,jeffrey44@gmail.com,224-730-5959,2021-02-20,61,Male,South Natalie
3612,Brad Wilson,robertmorales@gmail.com,214-446-4308,2023-11-20,34,Male,West Latasha
3613,Mark Jacobson,molly16@gmail.com,594-851-9273,2024-05-30,37,Female,Judyville
3614,Angela Johnson,angela53@gmail.com,532-466-7854,2020-10-02,19,Male,Lake Emily
3615,Benjamin Perez,allenjoshua@gmail.com,749-937-0064,2022-01-29,42,Other,North Lisa
3616,Kathryn Torres,sharonlarson@gmail.com,460-586-2952,2024-03-15,39,Male,Port Wesley
3617,Brenda Oconnor,ramirezdavid@gmail.com,335-780-5266,2023-06-23,43,Female,Woodborough
3618,Michael Estrada,castillobelinda@gmail.com,476-918-4971,2022-03-11,32,Female,Lake Timothy
3619,Brittney Moss,rfisher@gmail.com,933-621-9652,2021-09-07,59,Female,New Mark
3620,James Romero,thomaskramer@gmail.com,243-557-3282,2020-11-04,64,Other,East Meghan
3621,Jeffrey Mcguire,michelleortiz@gmail.com,221-849-6658,2020-10-01,51,Other,Princeborough
3622,Mark Middleton,katieross@gmail.com,591-401-4235,2021-02-10,48,Other,Marieside
3623,Mallory Horton,omurphy@gmail.com,653-362-4903,2024-04-06,26,Other,Oconnorshire
3625,Austin Cortez,sarahpeters@gmail.com,456-415-8259,2023-07-20,42,Female,Johnsonshire
3626,Walter Mitchell,jerryrobinson@gmail.com,793-290-0369,2022-09-19,45,Female,Meyerfurt
3627,Andrea Miles,jdawson@gmail.com,272-787-8373,2022-10-05,18,Other,Angelaside
3628,Tiffany Kelley,whitematthew@gmail.com,945-427-7901,2021-09-27,64,Female,Barkerchester
3629,Carol Powell,scottseth@gmail.com,247-859-6417,2021-02-01,65,Female,Lake Rebecca
3630,Stacy Lewis,george67@gmail.com,464-298-3634,2020-11-14,31,Other,Kathleenmouth
3631,Marcus Adams,carterjennifer@gmail.com,657-402-0615,2024-09-08,52,Female,South Christine
3632,Jessica Hamilton,lrivera@gmail.com,463-677-6854,2024-08-10,42,Male,Mullinsstad
3633,Julie Harris,hayden32@gmail.com,983-633-6469,2023-05-11,31,Female,Thompsonville
3634,Nicole Mercado,harristyler@gmail.com,576-556-4471,2023-08-05,35,Female,Christophertown
3635,Timothy Alvarez,gloriawang@gmail.com,897-372-1917,2020-08-18,27,Female,Alyssabury
3636,Tracy Lopez,megan38@gmail.com,382-510-8872,2021-10-12,39,Other,New Caleb
3637,Carlos Hernandez,jonathan26@gmail.com,283-606-5166,2021-10-11,39,Male,Greentown
3638,Christopher Parrish,berrytimothy@gmail.com,937-361-0440,2020-10-01,34,Other,Cunninghamberg
3639,Charles Wheeler,vvasquez@gmail.com,946-216-3934,2024-06-14,26,Male,Beardtown
3640,Laura Mitchell,mcleanstephanie@gmail.com,816-234-5059,2023-06-04,60,Other,Marquezburgh
3641,Catherine Rocha,briggschristina@gmail.com,609-412-1895,2023-12-01,38,Male,Eugenetown
3642,Kerry White,wileyemily@gmail.com,764-473-4486,2022-09-02,31,Other,Harringtonhaven
3643,Jerry Jones,william13@gmail.com,251-233-6753,2022-11-25,56,Male,Kentside
3644,Jonathan Ray,millerwilliam@gmail.com,272-303-7719,2024-05-09,24,Other,Mckinneyhaven
3645,Jeffery Elliott,uleach@gmail.com,222-551-8328,2022-04-17,52,Other,New Nathanielland
3646,Cody Evans,frankdavis@gmail.com,826-743-1234,2022-05-04,27,Male,Matthewsbury
3647,Amy Williams,norriselizabeth@gmail.com,204-394-3145,2021-09-06,43,Other,Phyllismouth
3648,Emily Davis,daviskara@gmail.com,354-953-1277,2023-09-02,65,Female,East Emily
3649,Christopher Robinson DDS,jessestone@gmail.com,242-536-8583,2020-07-17,44,Other,Davidsonhaven
3650,Kevin Meyer,ustark@gmail.com,691-245-7109,2021-04-25,65,Male,Port Audreychester
3651,Regina Mills,matthew24@gmail.com,807-641-8936,2024-01-27,38,Female,Barrerachester
3652,Eric Garcia,huangsuzanne@gmail.com,673-837-6699,2022-10-17,64,Other,North Natalieborough
3653,Teresa Jackson,deannaoneill@gmail.com,486-845-4763,2024-09-24,42,Other,Ramosland
3654,Nancy Jordan,donna34@gmail.com,505-827-3680,2021-03-14,39,Female,East Lisafort
3657,Timothy West MD,jennifer06@gmail.com,867-987-8707,2022-12-05,34,Other,Elaineton
3658,Christopher Smith,cameron77@gmail.com,394-346-9744,2020-04-12,56,Female,Wisehaven
3659,Mariah Hansen,caldwellmatthew@gmail.com,465-520-6158,2023-01-06,44,Male,Johnfort
3660,Debra Clark,curtis39@gmail.com,215-267-2504,2023-10-04,53,Female,Jensenburgh
3661,Kristina Murphy,felicia86@gmail.com,780-340-3349,2020-02-20,39,Male,Kimburgh
3662,Anthony Guerrero,smithterri@gmail.com,486-883-9095,2020-11-04,32,Male,Jameshaven
3663,Crystal Hernandez,jefferymerritt@gmail.com,401-327-9772,2024-01-15,36,Female,Woodbury
3664,Hayley Strickland,jeffery27@gmail.com,918-680-6725,2020-12-19,53,Female,Lake Davidbury
3665,Jose Duran,joseph01@gmail.com,994-597-8416,2023-06-14,59,Male,New Allison
3666,Eric Patterson,nicholescott@gmail.com,538-434-1138,2021-09-15,53,Female,Mejiashire
3667,Carol Kennedy,donna56@gmail.com,886-471-3554,2022-10-05,29,Male,Lake Jonathanville
3668,Tracy Warren,adamsdennis@gmail.com,391-565-7417,2022-07-11,35,Male,Georgefurt
3669,Rebecca Wilson,fsparks@gmail.com,749-620-0811,2023-02-21,50,Male,West Brianfurt
3670,Crystal Parks,ecase@gmail.com,907-575-2653,2024-06-29,37,Other,Tonyland
3671,Belinda Mcintosh,hsnyder@gmail.com,342-938-7522,2020-03-31,62,Female,South Megan
3672,Phyllis Wright,jeremiah17@gmail.com,917-765-0395,2020-09-16,52,Female,Sarabury
3673,Devon Ramirez,gregoryanthony@gmail.com,727-658-6025,2020-04-06,43,Other,South Mary
3674,Daniel Stewart,schmittjill@gmail.com,835-470-9078,2022-10-26,40,Male,Lauriefurt
3675,Jim Gilmore,karenlee@gmail.com,871-319-6947,2024-09-29,45,Female,East Sandra
3676,Christopher Hall,fisherteresa@gmail.com,334-877-6907,2020-02-23,18,Other,East Kimberlyshire
3677,Paul Castillo,jensenpeggy@gmail.com,312-692-6662,2021-11-04,24,Female,South Gary
3678,Allison Crawford,ndavidson@gmail.com,514-337-1126,2024-07-11,27,Female,Mooreborough
3679,Stephanie Williams,mark37@gmail.com,368-594-7664,2021-03-22,26,Female,Port Gail
3680,Michael Joseph,harveyjennifer@gmail.com,747-938-1116,2020-11-11,46,Male,East Catherineville
3681,Anna Thomas,johnsonjason@gmail.com,722-259-1174,2020-07-09,22,Male,South Todd
3682,Denise Jones,arobles@gmail.com,388-844-4267,2023-01-22,61,Other,Lake Tarahaven
3683,Dr. Ricardo Gibbs,boydjeffrey@gmail.com,921-284-5832,2024-09-15,45,Other,West Todd
3684,Michael Richardson,scottarmstrong@gmail.com,796-322-8559,2024-07-24,26,Male,Brownland
3685,Sean Jones,amandamoore@gmail.com,581-964-0464,2024-07-20,60,Other,Thomaston
3686,Karen Baker,qgarcia@gmail.com,857-659-5245,2023-07-11,55,Male,East Natasha
3687,Gabrielle Hale,stephanie70@gmail.com,796-439-9184,2022-04-01,24,Male,Hardymouth
3688,Katherine Day,patrickmiller@gmail.com,248-294-4197,2021-03-23,23,Female,Wilkinsonburgh
3689,Mary Murphy,murphychristina@gmail.com,852-510-4139,2020-12-14,35,Other,New Scott
3690,Richard Roberts,williamrobinson@gmail.com,489-514-7921,2022-12-29,18,Male,Port Jamestown
3691,Glen Mitchell,hendersonbrian@gmail.com,455-480-6428,2024-06-19,21,Female,South Krystal
3692,Amanda Goodwin,llawrence@gmail.com,735-743-7354,2022-04-13,50,Female,Cisnerosstad
3693,Erica Jones,nicole72@gmail.com,839-515-5638,2021-03-19,22,Other,Chadberg
3694,Edward Stewart,brandonallen@gmail.com,679-410-7952,2020-11-07,59,Other,Leebury
3695,Cody Christensen,amy64@gmail.com,578-370-7155,2023-05-10,41,Male,Lake Kelseyview
3696,Amy Brown,williamseugene@gmail.com,300-507-7618,2023-01-10,36,Male,Port Lydiaville
3697,Anna Griffith,johnmiller@gmail.com,484-299-3095,2022-09-03,47,Female,Port Jessica
3698,Gary Garrett,manueljacobson@gmail.com,936-988-2453,2022-10-04,38,Male,Branchbury
3699,Evan Simmons,ycraig@gmail.com,961-887-9243,2020-05-20,20,Other,Morganmouth
3700,Samuel Elliott,brittany53@gmail.com,453-781-8196,2021-08-13,27,Male,Lake Diane
3701,Andrew Alexander,carpenterrandy@gmail.com,372-655-7382,2023-02-01,62,Female,East Michealport
3702,Timothy Schneider,sethriley@gmail.com,247-458-3092,2024-02-04,36,Male,North Stephenfurt
3703,Amanda Vaughan,ryanamanda@gmail.com,216-910-0173,2022-11-06,30,Other,Humphreyborough
3704,Jeremy Moore,benjamin89@gmail.com,236-366-2096,2020-05-29,29,Female,East Robert
3705,John Blair,hbennett@gmail.com,377-201-6330,2021-05-02,44,Male,Port Margaret
3706,Melissa Meyers,timothyharris@gmail.com,731-391-7516,2024-05-16,28,Female,Patrickton
3707,Michael Andrade,suzanne69@gmail.com,540-531-5675,2020-10-04,24,Other,Port Jamesland
3708,Donna Davis,camposstacy@gmail.com,411-758-9871,2022-01-04,42,Other,Lake Danielmouth
3709,Mr. Andrew Wang,leebreanna@gmail.com,434-462-4400,2023-05-17,25,Male,Port Sarah
3710,Michael Newton,jmay@gmail.com,949-308-0752,2023-12-12,25,Female,West Crystal
3711,Miss Kimberly Espinoza,elizabethwoodard@gmail.com,508-735-4787,2021-10-19,18,Male,Patriciastad
3712,Jamie Hicks,bridgesdouglas@gmail.com,228-213-3342,2024-04-15,18,Other,New Kevinmouth
3713,Jeffrey Taylor,wrandall@gmail.com,942-623-9348,2021-10-23,52,Female,West Donaldside
3714,Jennifer Klein,msmith@gmail.com,654-793-5720,2020-05-25,38,Other,Lynnstad
3715,Julia Wells,zacharystafford@gmail.com,577-353-6135,2024-07-07,40,Other,South James
3716,Brenda Watson,wagnererik@gmail.com,837-349-0266,2024-07-24,45,Other,New Tammyhaven
3717,Evelyn Jackson,laurawilliams@gmail.com,439-480-7743,2023-04-19,56,Female,East Mark
3718,Jennifer Thomas,zjohnson@gmail.com,892-279-6771,2021-04-14,34,Male,North Matthew
3719,Patrick Lee,hopkinsralph@gmail.com,583-848-4435,2022-09-11,32,Male,Spencermouth
3720,Billy Vargas,kimberly42@gmail.com,200-505-7490,2021-06-12,61,Female,North Lindseyshire
3721,Amy Calderon,brandi10@gmail.com,741-516-7097,2022-08-13,44,Female,Port Katelynhaven
3722,Shari Turner,camposaustin@gmail.com,793-645-3446,2021-11-07,55,Other,South Zachary
3723,Karen Gomez,allenkelli@gmail.com,992-615-3690,2024-01-12,28,Female,West Williamfurt
3724,Zachary Mullen,erin14@gmail.com,235-983-6171,2023-10-27,46,Other,East Justin
3725,Jonathan Guerrero,reynoldsangela@gmail.com,777-251-4101,2022-01-19,40,Other,Jeffersonstad
3726,James Willis,samantha35@gmail.com,804-635-6414,2023-09-17,21,Male,North Brandon
3727,Kimberly White,johnsonwilliam@gmail.com,233-929-5326,2022-06-16,27,Female,Davidland
3728,Brittany Good,lewismichelle@gmail.com,879-957-6072,2021-02-11,60,Male,Powellberg
3729,Patricia Miller,ramosmichael@gmail.com,884-262-7337,2020-12-10,24,Female,East Brettfort
3730,Sandra Wade,proberts@gmail.com,966-575-4434,2020-06-16,26,Other,Oliverborough
3731,Janet Vang,philip36@gmail.com,903-971-1317,2023-09-28,45,Male,Hectorbury
3732,Carol Smith,lfranco@gmail.com,302-383-3045,2022-12-28,19,Female,Robertmouth
3733,Jesse Moran,christopherparsons@gmail.com,279-679-6033,2024-03-10,41,Female,Riceshire
3734,Leslie Evans,rosariotonya@gmail.com,556-262-5502,2023-12-06,46,Male,Woodland
3735,Tim Frazier,shannon31@gmail.com,926-874-1631,2022-09-05,31,Male,East Carol
3736,William Hall,lonnieduncan@gmail.com,559-641-2988,2024-06-04,28,Female,South Amandaland
3737,Kelly Smith,mark68@gmail.com,295-394-3281,2023-08-15,63,Male,Sosaville
3738,Jody Patterson,travis14@gmail.com,477-960-8052,2021-08-14,24,Male,Tamaraport
3739,Susan Curtis,stacey38@gmail.com,775-539-3247,2020-07-14,64,Male,Gibsonchester
3741,Lisa Mcintosh,oconnellcharles@gmail.com,615-878-1964,2022-12-19,44,Male,South Johnfort
3742,Kimberly Smith,warrenkendra@gmail.com,688-280-4137,2024-01-28,54,Male,South Staceymouth
3743,Timothy Vazquez,melissaclark@gmail.com,493-505-5579,2021-01-02,56,Male,West Lynnfort
3744,Jeremy Guerrero,ureeves@gmail.com,673-536-1986,2022-09-18,65,Other,Hurstton
3745,Stephen Woods,lisa43@gmail.com,997-964-7388,2022-10-22,59,Female,Sandersville
3746,Suzanne Arellano,tamara57@gmail.com,885-591-2948,2023-09-28,38,Other,Port Chris
3747,Mary Baker,moniquedyer@gmail.com,821-943-6576,2022-01-23,24,Female,Lake Logan
3749,Morgan Shaffer,hernandezbradley@gmail.com,653-839-1148,2023-02-21,41,Female,Beckchester
3750,Monica Key,karensuarez@gmail.com,928-827-7597,2020-01-08,38,Other,Stonefort
3751,James Morris,jacksonbrenda@gmail.com,485-992-3950,2021-10-15,29,Male,West Samuel
3752,Eric Adams,stephaniebennett@gmail.com,696-733-0677,2023-11-03,46,Other,South Brandi
3753,Faith Stewart,john98@gmail.com,266-967-2067,2020-02-17,51,Female,Joneshaven
3754,Joan Jackson,qmullen@gmail.com,717-951-4605,2021-10-04,24,Other,East Alexandraland
3755,Mary Trujillo,sjenkins@gmail.com,809-924-3324,2020-01-08,25,Male,Lake Roger
3756,Amanda Perry,jacksonbailey@gmail.com,964-317-3847,2022-01-21,34,Female,Hartbury
3757,Sarah Evans,annbanks@gmail.com,435-560-5270,2024-02-02,55,Male,South Karenland
3758,Laura Hernandez,matthew93@gmail.com,377-830-0808,2023-08-28,44,Female,Tonyaport
3759,Dawn Oliver,craig95@gmail.com,834-621-9464,2020-12-16,39,Other,Lynnside
3760,Michelle Howard,garnerchristopher@gmail.com,239-782-1933,2024-07-14,54,Female,New Billyburgh
3761,Linda Perez,bensontina@gmail.com,530-413-5763,2020-04-10,51,Male,Wilsonmouth
3762,Crystal Riggs,jacquelinebrennan@gmail.com,425-318-5111,2022-04-23,51,Other,Mossburgh
3763,Barbara Maddox,xweiss@gmail.com,201-487-6341,2022-05-31,44,Male,Valdezberg
3764,David Roth,abrown@gmail.com,688-871-5999,2024-01-08,44,Male,Lake Sylvia
3765,Eric Smith,pamelarandall@gmail.com,955-338-6698,2024-06-16,58,Other,New Katherineberg
3766,Matthew Little,jensenjessica@gmail.com,905-352-9041,2023-10-06,47,Male,South Brenda
3767,Micheal Johnson,ianderson@gmail.com,765-481-6967,2021-01-27,25,Female,Cynthialand
3768,Yolanda Nielsen,lisakelly@gmail.com,570-442-7369,2023-10-09,43,Male,Austinmouth
3769,Catherine Perkins,henrycaleb@gmail.com,967-206-7815,2020-01-07,60,Female,Lake Stephanie
3770,Brian Quinn,hgillespie@gmail.com,613-493-6060,2022-06-21,65,Other,Evansfort
3771,Scott Turner,stevenvaughan@gmail.com,395-861-6836,2023-05-02,50,Male,Rosehaven
3772,Mark Smith,kochjason@gmail.com,767-452-8675,2024-05-05,33,Female,Victoriaville
3773,Samantha Wright,nicholashall@gmail.com,373-988-2988,2022-04-26,60,Male,Connorfurt
3774,Stephen Murray,hhuang@gmail.com,391-856-2093,2021-10-14,62,Male,Joseview
3775,Benjamin Jones,zbaker@gmail.com,413-254-4520,2022-05-28,26,Other,Whitakermouth
3776,Laura Kim,tina94@gmail.com,595-242-8236,2021-06-30,37,Other,Amberberg
3777,Richard Dillon,lisa15@gmail.com,807-573-2848,2021-08-19,64,Male,Lake Erinfort
3778,Andrew Ward,jaimegarner@gmail.com,867-940-8386,2024-01-15,36,Male,Thompsonview
3779,Kristy Alexander,brittany94@gmail.com,985-721-8884,2024-06-22,60,Male,Gutierrezhaven
3780,Jeffrey Tucker,michael26@gmail.com,456-491-9321,2020-09-22,22,Male,Lake Jesse
3781,Natasha Austin,michael80@gmail.com,992-683-8143,2020-12-16,22,Male,Lake Tracy
3782,Jennifer Williams,vcopeland@gmail.com,375-500-3886,2023-09-12,45,Other,Norriston
3783,Alan Bell,eric07@gmail.com,782-474-8266,2023-02-15,50,Female,Brianland
3784,Sean Pierce,wallsbryan@gmail.com,628-823-5066,2020-10-30,41,Other,Avilaville
3785,Bruce Summers,donna83@gmail.com,532-426-3199,2022-02-08,20,Male,New Cassieville
3786,Joshua Stewart,abigail60@gmail.com,820-236-1326,2023-12-25,42,Female,Kellerberg
3787,Brandi Hines,mlopez@gmail.com,410-972-5860,2023-05-04,49,Female,West Michael
3788,Rita Smith,wmckay@gmail.com,273-549-2489,2024-04-28,21,Other,Port Jeremiah
3789,John Torres,james01@gmail.com,830-947-1577,2021-02-20,52,Male,Justintown
3790,Meredith Hill,wterry@gmail.com,307-738-5638,2023-05-28,40,Other,Jonesfort
3791,Holly Freeman,michaelwashington@gmail.com,750-386-4792,2022-06-03,54,Other,New Brenda
3792,David Martinez,heatherjames@gmail.com,311-779-4111,2021-07-31,31,Female,West Darryl
3793,Bryan Ware,xblack@gmail.com,609-361-6795,2021-10-11,52,Male,South Markbury
3794,Sara Walsh,rmeyer@gmail.com,591-338-0498,2021-05-16,58,Female,Stevensmouth
3795,Lisa Moore,krivera@gmail.com,883-373-4975,2021-12-06,21,Male,Petermouth
3796,Timothy Savage,vegaemily@gmail.com,677-371-1746,2023-08-19,36,Female,Christinafort
3797,Nicole Moore,lopezchristina@gmail.com,616-894-4324,2023-09-16,44,Female,South Joel
3799,Krystal Mckinney,glen08@gmail.com,569-337-2820,2020-12-23,21,Male,New Brian
3800,Benjamin Flores,michellejohnson@gmail.com,712-919-8208,2022-08-06,33,Male,Jenkinsside
3801,Jeffrey Oliver,lauracox@gmail.com,441-955-2411,2020-12-29,24,Female,Jenniferside
3802,Mark Townsend,ronaldmaddox@gmail.com,271-313-6895,2021-09-09,19,Other,New Nicolefurt
3803,David Parsons,ruizlinda@gmail.com,694-991-0956,2020-10-21,52,Male,East Marcus
3804,Robin Tucker,leeaustin@gmail.com,690-780-2665,2022-04-07,37,Other,Kelseyshire
3805,Beth Schneider,ssawyer@gmail.com,888-619-2074,2024-01-20,39,Male,Youngstad
3806,Paula Dunn,shawkins@gmail.com,397-901-3445,2024-06-09,41,Female,South Travis
3807,Cynthia Robinson,andersonalexandra@gmail.com,502-273-5174,2022-12-16,20,Female,South Debra
3808,Kelly Foley,danielle12@gmail.com,391-780-5083,2024-09-28,36,Male,West Jacobborough
3809,Jerry Walls,fulleralicia@gmail.com,505-849-2146,2023-09-10,48,Male,Philliptown
3810,Christopher Hampton,pswanson@gmail.com,570-962-7727,2023-02-27,28,Male,East Matthewhaven
3811,Taylor Hill,rangelkayla@gmail.com,380-558-4543,2020-09-03,57,Female,East Stephanie
3812,Ashley Chen,snyderrobert@gmail.com,254-861-2379,2021-07-30,54,Other,East Lucas
3813,Ryan Mcclain,gabriel78@gmail.com,667-474-5017,2024-07-22,62,Male,East Joanna
3814,Michael Valdez,marcus53@gmail.com,707-966-4418,2020-08-28,31,Male,Castanedaview
3815,Brandon Price,sbyrd@gmail.com,547-921-7389,2024-05-16,47,Male,Lake Andrehaven
3816,Charles Strickland,ericharrison@gmail.com,619-401-9294,2022-04-22,22,Other,West Thomasstad
3817,Carla Irwin,james72@gmail.com,266-777-8742,2022-01-27,52,Male,Rhondafurt
3818,Dennis Sims,aguilarjames@gmail.com,921-315-9459,2022-07-21,39,Female,West Danielville
3819,Veronica Phillips,karen90@gmail.com,347-531-8363,2021-12-10,64,Other,Port Brittany
3820,April Williams MD,josephsimmons@gmail.com,919-802-4255,2021-07-09,48,Female,West Anna
3821,Travis Ramsey,forbesjohn@gmail.com,416-523-9883,2023-06-04,49,Female,West Katherineburgh
3822,Sarah Summers,edwincardenas@gmail.com,291-203-3120,2022-06-27,26,Male,West Jasonstad
3823,Spencer Torres,rhernandez@gmail.com,780-250-7621,2020-08-29,20,Male,New Joannaburgh
3825,Patricia Martinez DDS,nathaniel06@gmail.com,296-437-9662,2022-12-24,39,Other,New Keithville
3826,Tammy Church,katrinagarcia@gmail.com,705-479-2869,2022-09-13,37,Female,Amandahaven
3828,Rachel Carlson,daniel80@gmail.com,649-346-8087,2024-08-13,55,Female,West Crystal
3829,Ashley Miller,michelle68@gmail.com,611-929-9005,2023-12-29,64,Male,New Jennaborough
3831,Michael Trujillo,christopher13@gmail.com,808-428-2063,2022-07-10,37,Female,Fullerfort
3832,Scott Odonnell,michael76@gmail.com,212-344-4396,2021-08-28,60,Male,Lake Lisa
3833,John Martin,karenkim@gmail.com,543-440-4333,2021-10-09,62,Other,Travisview
3834,Victoria Smith,jonesphilip@gmail.com,905-856-0112,2023-12-04,54,Female,South Jeffreyport
3835,Christine Jennings,stephengibson@gmail.com,841-830-0446,2020-05-14,22,Female,North Brittany
3836,Megan Harrell,pamela27@gmail.com,501-912-6695,2021-11-12,54,Female,West Martha
3837,Chloe Barnes,kyle68@gmail.com,470-450-7303,2022-12-12,34,Other,Thomasview
3838,Christine Barr,summer10@gmail.com,510-603-8194,2020-09-04,56,Female,Port Thomas
3839,Tony Flowers,benjamincannon@gmail.com,-10-520-,2022-05-23,19,Female,Martinezhaven
3840,Jeffrey Smith,phillipsjeffery@gmail.com,787-643-7872,2021-03-13,28,Male,Grahamview
3841,Gregory Cook,ibrennan@gmail.com,959-974-1704,2022-01-11,62,Female,Lake Carolynside
3842,Juan Mcclain,rgeorge@gmail.com,535-760-7661,2022-03-02,42,Female,Port Danielshire
3843,Stacy Sanchez,mariah22@gmail.com,466-740-3633,2023-10-07,21,Other,Stanleyhaven
3844,Mrs. Jennifer Estrada,michaeldoyle@gmail.com,933-710-2555,2021-08-26,54,Other,Dustinmouth
3845,Joseph Cole,samantha29@gmail.com,251-993-8250,2021-10-09,37,Male,Port Travisberg
3846,Deborah Turner,jamestran@gmail.com,675-422-1044,2021-09-21,49,Other,Shannonland
3847,Joshua Li,jason00@gmail.com,505-242-3717,2022-09-04,34,Male,Baldwinville
3848,Ryan Finley,edward34@gmail.com,569-436-2384,2021-11-06,28,Other,East Lisachester
3849,Edward Butler,davidmejia@gmail.com,811-419-0272,2020-07-02,37,Male,Port Jennifertown
3850,Shawna Miller,acole@gmail.com,345-826-6201,2023-04-30,64,Male,Leahfurt
3851,Jonathan Barnes,greeneconnor@gmail.com,459-873-4399,2021-07-18,50,Male,West Roberttown
3852,Emily Roberts,williamsscott@gmail.com,934-326-0644,2022-01-10,64,Male,Jenkinsmouth
3853,Christina Compton,jenniferrobinson@gmail.com,658-711-8143,2020-11-10,60,Male,Jamesland
3854,Christopher Hudson,barnesjoanna@gmail.com,947-417-4343,2023-06-03,57,Female,Payneton
3855,Joseph Garcia,ohull@gmail.com,327-847-3631,2021-01-06,54,Female,Christinebury
3856,Shelby Lawson,nicholasrodriguez@gmail.com,270-571-9052,2022-12-27,38,Other,North Taylor
3857,Terrence Reed,angelica21@gmail.com,391-763-5924,2020-02-08,45,Other,Mirandachester
3858,Vanessa Wright,yolanda69@gmail.com,741-650-2556,2021-07-25,27,Other,Perezfurt
3859,Kristi Chang,dsawyer@gmail.com,971-791-0037,2020-12-11,55,Other,Port Nicholasstad
3860,Rachel Cox,shawnhuber@gmail.com,659-763-5465,2020-02-29,48,Female,South Michael
3861,Joe Johnson,gonzalezpatricia@gmail.com,566-794-6265,2024-01-03,55,Male,Susanville
3862,Vicki Torres,olsentammy@gmail.com,725-720-7141,2020-01-02,25,Female,Cuevasstad
3863,Richard Johnson,krobinson@gmail.com,990-936-0136,2020-09-18,26,Other,Kimberlyshire
3864,George Hunter,charlesjones@gmail.com,960-634-4278,2020-08-02,34,Other,New Emily
3865,Laura Clark,edward91@gmail.com,434-654-5127,2023-07-03,38,Male,Lake Sharonborough
3866,Luis Bradley,shaun52@gmail.com,931-587-5233,2021-10-31,60,Female,South Keithmouth
3867,Jeremy Franklin,mendeznicholas@gmail.com,772-778-0618,2021-04-07,58,Female,South Stacy
3868,Jonathan Fernandez,andrewchandler@gmail.com,365-663-9459,2023-10-26,24,Male,Johnsonton
3869,Jennifer Mccann,jacqueline45@gmail.com,564-534-3557,2021-04-13,59,Other,Scotthaven
3870,Timothy Mann,oharmon@gmail.com,872-575-8024,2022-11-23,46,Male,Smithport
3871,Leah Clark,thomaslinda@gmail.com,286-644-1162,2024-04-21,31,Female,Hansenstad
3872,Travis Conrad,zfitzgerald@gmail.com,510-984-8160,2023-09-07,30,Other,Port Rebeccaville
3873,Eric Hernandez,kimjasmine@gmail.com,550-301-8193,2023-06-04,46,Male,West David
3874,Pamela Odonnell,lori74@gmail.com,955-580-6465,2021-04-14,63,Male,West Christopher
3875,Shirley Clayton,kgarcia@gmail.com,288-873-6412,2024-01-18,24,Other,Middletonside
3876,Steven Anderson,wyattgaines@gmail.com,926-725-8311,2023-07-07,62,Female,Taylorland
3877,Antonio Leonard,scott48@gmail.com,982-799-7508,2024-08-02,48,Male,North Mary
3879,Mary Black,danielle36@gmail.com,226-470-7368,2024-04-21,19,Other,Robertmouth
3880,Francisco Maldonado,pmcdonald@gmail.com,613-415-1985,2023-11-08,60,Female,Lake Dianehaven
3881,Peter Orr,andrew37@gmail.com,787-513-2285,2022-10-11,37,Male,South Jamie
3882,Lindsay Rangel,fergusongabriel@gmail.com,239-230-0860,2024-10-04,18,Male,Lake Anna
3883,Natalie Carrillo,wyoung@gmail.com,826-937-9864,2020-05-20,60,Other,West Hollyhaven
3884,Mark Peters,yrobinson@gmail.com,715-244-9327,2022-01-19,49,Female,Antonioside
3885,William Harris,thudson@gmail.com,702-582-0052,2020-04-24,46,Male,Baileyville
3886,Diane Harris,jaredsawyer@gmail.com,839-742-1946,2023-11-12,31,Male,New Heidiside
3887,Patricia Peterson,analevy@gmail.com,692-587-3222,2023-03-26,59,Female,Port Dennisville
3888,Catherine Burton,jmeyer@gmail.com,399-685-8224,2021-04-12,63,Other,South Nicolas
3889,Holly Coleman,hduncan@gmail.com,244-527-6449,2022-09-08,60,Other,Aaronville
3890,Patricia Scott,mcrane@gmail.com,496-707-1640,2022-10-22,23,Male,Taylorfurt
3891,George Mccullough,stewartchristopher@gmail.com,933-335-2178,2021-03-17,41,Other,East Hunterbury
3892,Derrick Berry,steelelauren@gmail.com,782-756-1734,2024-07-07,44,Male,Karenbury
3893,Robin Walters,mariamoore@gmail.com,712-976-2067,2022-01-27,23,Male,North David
3894,Daniel Parrish,theresa85@gmail.com,609-912-1968,2022-08-25,46,Female,Port Bob
3896,Alexander Smith,guerrerolori@gmail.com,475-890-8669,2021-08-13,21,Female,East Robert
3899,Jessica Rodriguez,arellanokristin@gmail.com,970-310-0446,2020-09-17,23,Male,Katiehaven
3900,Andrew Klein,rtaylor@gmail.com,384-393-2659,2024-07-02,25,Other,West Edwardfort
3901,Erica Wilson,brenda04@gmail.com,727-681-1453,2023-03-31,19,Other,Katieberg
3902,Jennifer Little,erikaanderson@gmail.com,539-677-6327,2023-06-17,26,Female,Medinaville
3903,Leslie Freeman,jasongarcia@gmail.com,542-582-7775,2024-02-11,27,Female,New Christina
3904,Patrick Mcmahon,mlewis@gmail.com,470-645-5680,2021-10-12,25,Male,Port Michaelchester
3905,Paul Fernandez,kimberly66@gmail.com,624-698-5388,2023-11-06,45,Female,Jasonberg
3906,Phillip Malone,michelle44@gmail.com,274-346-1980,2021-06-06,39,Male,Bakerside
3907,Stephanie Watts,mckaynicolas@gmail.com,440-915-7599,2022-06-08,58,Other,Wendyview
3908,Lisa Brown,christopher76@gmail.com,894-565-2036,2024-07-30,36,Female,Herringborough
3909,Betty Norris,andersonrichard@gmail.com,885-805-3189,2020-07-26,56,Male,Silvaside
3910,Anne Stuart,caitlynalvarez@gmail.com,649-281-1106,2022-03-22,37,Female,Martinburgh
3911,Victoria Schwartz,castroheather@gmail.com,758-416-2288,2024-05-15,55,Male,Lake Sherriton
3912,William Anderson,powelltyler@gmail.com,702-997-7233,2023-07-29,65,Female,New Alison
3913,Jennifer Sellers,johnanderson@gmail.com,597-527-0077,2020-04-03,22,Other,North Lori
3914,Evelyn Luna,jamesrobertson@gmail.com,351-762-5852,2021-04-19,31,Female,Tammyville
3915,Tara Wallace,chelseycastaneda@gmail.com,444-365-7284,2021-02-18,40,Other,Robertsshire
3916,Deanna Moreno,margaretjones@gmail.com,542-436-3977,2024-03-10,21,Female,Paulachester
3917,Jasmine Trujillo,monicalopez@gmail.com,349-737-2428,2021-07-30,27,Male,North Stephanietown
3918,Willie Santiago,elaine52@gmail.com,548-514-3229,2021-09-19,21,Male,South Briannabury
3919,Kyle Robertson,nielsenerin@gmail.com,531-940-4530,2021-01-13,24,Female,Scottton
3920,Corey Levine,mmartinez@gmail.com,688-349-0640,2021-03-17,20,Female,Lake Kylefort
3921,Beth Clark,thomas87@gmail.com,435-521-1638,2022-06-10,47,Female,Meyerview
3922,Thomas Oconnor,robertgarrett@gmail.com,366-466-8985,2020-02-28,62,Other,Joshuastad
3923,Gina Carter,michael30@gmail.com,512-411-9668,2023-04-21,44,Female,Port Kylebury
3924,Jason Smith,jwilliams@gmail.com,276-252-0883,2021-09-24,36,Male,Port Beth
3925,Ronald Williams,matthewadams@gmail.com,492-999-5441,2022-01-21,56,Male,Lake Robert
3926,Christopher Johnson,robertbrown@gmail.com,929-698-8342,2020-02-24,39,Female,Jackland
3927,Lori Collins,holdenanna@gmail.com,838-557-4439,2024-02-25,36,Male,Maryton
3928,Hector Moore,hcruz@gmail.com,611-518-5590,2023-06-10,64,Female,Karenhaven
3929,Matthew Thompson,savannahgarcia@gmail.com,232-801-9957,2023-10-15,63,Female,Melissaton
3930,Kelsey Mercer,mcmahonrobin@gmail.com,548-896-7524,2022-09-05,26,Other,Michaelshire
3931,Preston Morgan,weissdavid@gmail.com,425-596-8396,2020-06-27,40,Female,Ethanport
3932,Andrea Durham,lisa99@gmail.com,838-597-2173,2020-10-09,63,Male,Dukeside
3933,Keith Jones,heathercallahan@gmail.com,735-249-9263,2022-07-28,63,Other,Lake Brian
3934,Amy Tanner,areynolds@gmail.com,500-223-6489,2020-07-09,34,Other,Johnmouth
3935,Erica Shelton,amanda42@gmail.com,590-927-9133,2024-10-02,50,Female,Port Curtisshire
3936,Lisa Roberts,natasharose@gmail.com,926-779-5977,2020-06-13,21,Other,Wheelerfurt
3937,Derek Reid,loweamber@gmail.com,-10-657-,2020-12-30,30,Female,Lynntown
3938,Jimmy Ramirez,nicole05@gmail.com,809-461-5857,2022-07-28,64,Male,Lindseyfort
3939,Cindy Mata,vortega@gmail.com,677-511-9400,2022-11-19,23,Female,South Daniel
3940,Brian Brown,dmorgan@gmail.com,267-467-9057,2020-02-25,35,Other,Port Holly
3941,Jasmine Warren,kdaniel@gmail.com,645-774-1230,2020-04-06,20,Other,South Andrewbury
3942,John Mathews,sarahgarcia@gmail.com,764-352-7143,2023-04-02,52,Male,Lake Maria
3943,Gregory Mosley,jwelch@gmail.com,589-469-4470,2024-01-03,46,Female,South Zacharyland
3944,Joshua Scott,ythomas@gmail.com,561-827-2760,2023-02-03,19,Male,Vazquezbury
3945,Samuel Long,christinasmith@gmail.com,918-810-6887,2022-11-18,24,Male,North Jennifer
3946,Keith Leonard,raynicole@gmail.com,750-293-6277,2024-03-11,34,Female,Scottfurt
3947,Nancy Davis,zhernandez@gmail.com,491-547-8277,2021-07-01,62,Other,Lake Cherylchester
3948,Matthew Crawford,amanda05@gmail.com,271-534-4555,2021-04-21,39,Other,Loriland
3949,Ashley Jordan,thomas95@gmail.com,350-300-4464,2021-07-23,25,Other,Rochaborough
3950,David Maynard,igarcia@gmail.com,504-585-2675,2023-10-05,33,Other,Davishaven
3951,Samuel Parker,dchristensen@gmail.com,714-717-4564,2024-03-21,30,Female,East Scottmouth
3952,Karen Weber,richard99@gmail.com,560-533-2162,2023-03-12,45,Male,New Williamberg
3953,Sarah Hamilton,joshua30@gmail.com,261-729-0454,2023-02-13,20,Female,West Lindsaybury
3954,Amanda Gentry,noah28@gmail.com,769-255-7996,2023-09-24,18,Male,South Alishahaven
3955,Martha Meyer,hannacynthia@gmail.com,869-819-9788,2020-06-29,53,Other,South Katherinemouth
3956,Jennifer Smith,rodriguezamy@gmail.com,447-297-4916,2021-02-19,34,Female,Nashborough
3957,Jason Williams,kathleengreen@gmail.com,510-319-8575,2023-08-13,56,Other,East Andrew
3958,Gabriel Johnson,stephaniecruz@gmail.com,622-620-0232,2024-05-17,47,Female,South Daniel
3959,Jenna Garrett,iwade@gmail.com,204-611-4314,2022-07-16,48,Female,Timothyfurt
3960,Autumn Davis,seanjackson@gmail.com,263-703-4337,2020-10-25,40,Female,Glendachester
3961,Stephen Powers,bhill@gmail.com,777-935-3330,2021-02-16,31,Other,Jessicamouth
3962,Donald Parks,wendy59@gmail.com,267-655-3434,2024-09-20,30,Male,Walkermouth
3963,Emily Ferguson PhD,lawrencedavis@gmail.com,749-656-6468,2023-07-14,26,Male,West Emilyberg
3964,Tammy Stevens,nicholascook@gmail.com,645-574-7668,2020-03-11,20,Male,Lake Tina
3965,Susan Valencia,ejackson@gmail.com,900-680-6637,2021-12-23,43,Other,Anthonyberg
3966,Tamara Becker,akoch@gmail.com,201-851-4737,2020-12-24,25,Male,New Richard
3967,Kelly Jones,vancelarry@gmail.com,811-770-2487,2020-08-01,25,Other,West Paul
3968,Ryan Dunn,taylorchad@gmail.com,739-348-3362,2020-05-14,34,Female,Lake Stephanie
3969,Marcus Thomas,williamsmichelle@gmail.com,784-714-0817,2022-11-26,26,Other,Gregoryville
3970,Eric Williams,edwardsdawn@gmail.com,215-498-3926,2020-10-30,38,Female,Jamesside
3971,Richard Morales,aaronstrong@gmail.com,556-718-7594,2022-04-24,33,Female,South Drewport
3972,Shawn Stephenson,courtney47@gmail.com,793-825-0573,2020-10-30,60,Other,Jaredside
3973,Laurie Garcia,edwardgregory@gmail.com,685-686-3716,2023-03-07,19,Female,West Josehaven
3974,Jeffrey Kelly,thomasdawn@gmail.com,239-547-8264,2020-11-08,36,Female,Walkerhaven
3975,Heather Richards,ghunter@gmail.com,999-689-3684,2022-01-02,34,Male,Jacquelinebury
3976,Jill Barnes,chavezlaura@gmail.com,271-938-2102,2020-11-01,32,Other,Davidmouth
3977,Darlene Smith,megansmith@gmail.com,705-694-2136,2022-01-28,62,Other,New Timothy
3978,Terri Alvarez,ipowell@gmail.com,933-315-7077,2022-07-17,19,Female,Knighthaven
3979,Christopher Horton,trobbins@gmail.com,530-431-8400,2020-07-04,43,Other,West Julieport
3980,David Wells,carsonsean@gmail.com,999-891-0678,2022-02-11,27,Other,East Samanthafurt
3981,Kyle Lam,shawnroberts@gmail.com,796-324-4721,2023-10-18,40,Other,East Tracychester
3982,Frederick Lyons,simpsonbeverly@gmail.com,632-529-4528,2022-03-30,63,Other,Paulport
3983,John Walker,dalealexander@gmail.com,493-885-2464,2022-03-01,37,Female,North Randy
3984,Kelly Conrad,tiffany75@gmail.com,797-568-6064,2022-11-21,31,Other,Kevinberg
3986,Denise Gibson,jesus46@gmail.com,600-271-6641,2020-05-28,48,Other,West Sandraburgh
3987,Vanessa Williams,brandi00@gmail.com,774-305-0462,2023-10-27,36,Male,Larrytown
3988,Robert Roth,andersonkristin@gmail.com,401-622-6081,2020-05-02,27,Other,Port Michaelberg
3989,Sandra Dudley,wendysmith@gmail.com,885-424-5965,2022-08-29,19,Female,South Kimberly
3990,Nathan Thomas,kristen05@gmail.com,299-397-8801,2024-06-07,43,Female,Lake Donna
3991,Holly Deleon,danielphillip@gmail.com,319-995-1820,2021-01-27,52,Other,Sandersmouth
3992,Jacob Jackson,andrew39@gmail.com,590-993-6623,2022-09-14,64,Female,Meyerburgh
3993,William Li,williamgonzalez@gmail.com,219-481-5237,2024-01-21,28,Male,Wrightchester
3995,Robert Jacobs,amandatucker@gmail.com,584-207-4572,2024-04-16,65,Other,Port Joseph
3996,Bryan Miller,dellis@gmail.com,785-227-2878,2024-06-14,50,Other,North Matthew
3997,Terri King,mstark@gmail.com,526-319-4006,2021-06-22,22,Female,Caitlinview
3998,Heather Schwartz,cheyenne97@gmail.com,534-814-3228,2021-12-16,19,Other,East Michaelburgh
3999,Mary Ellis,westcarrie@gmail.com,226-599-5294,2024-01-01,46,Male,Cookhaven
4000,Anna Cole,harrisonjessica@gmail.com,300-310-9691,2021-07-08,22,Other,Stephenborough
4001,Laurie Gregory,stacy86@gmail.com,535-687-7407,2021-07-22,36,Other,Lake Michael
4002,Daniel Dickson,vsuarez@gmail.com,899-672-4138,2020-12-11,18,Female,Wallton
4003,Ryan Smith,aharper@gmail.com,275-300-9924,2020-01-16,32,Other,Port Monicaland
4004,Alexander Caldwell,richard03@gmail.com,728-898-4613,2023-01-07,60,Female,East Leonardside
4005,Jennifer Taylor,smolina@gmail.com,784-527-9188,2022-01-09,52,Other,Port Lisabury
4006,Maxwell Moore,michelle40@gmail.com,826-864-4247,2021-10-29,59,Female,Griffinfort
4007,Richard Harris,jonesstephen@gmail.com,312-848-5289,2021-04-13,21,Male,Cervantestown
4008,Stephen Bailey,davisdenise@gmail.com,403-260-5680,2020-01-05,54,Other,Kellyland
4009,Anthony Green,fjordan@gmail.com,428-364-9134,2021-11-30,62,Other,West Larry
4010,Michael Aguilar,wking@gmail.com,334-442-7755,2021-05-02,64,Male,Lake Jameshaven
4011,Jennifer Ortega,fjohnson@gmail.com,894-888-8642,2021-02-21,38,Male,New Brandonton
4012,Carl Boyd,benjaminrichards@gmail.com,931-316-3616,2021-09-17,37,Male,South Craigport
4013,David Mendoza,dianahall@gmail.com,765-361-8859,2020-06-27,61,Male,Tuckerfort
4014,Raymond Henderson,fhubbard@gmail.com,940-677-2300,2020-02-16,54,Male,Deborahview
4015,Nancy Nielsen,veronica61@gmail.com,218-985-7995,2023-09-12,65,Other,Hernandezbury
4016,James Zamora,boltonmatthew@gmail.com,622-842-5770,2022-12-04,38,Other,Hartmanstad
4017,Lindsay Robbins,sharpconnor@gmail.com,861-277-6237,2020-07-04,65,Other,South Ashley
4018,Ann Watkins,larrymiller@gmail.com,959-666-9239,2024-09-23,53,Other,East Troy
4019,Brent Rivera,jpetty@gmail.com,781-753-9414,2024-07-10,51,Female,North Martinside
4020,Brenda Edwards,pattersonthomas@gmail.com,398-416-8240,2020-12-17,56,Female,Hansenville
4021,Eric Brady,wboyer@gmail.com,604-232-7064,2020-03-22,51,Male,Greenville
4022,Patricia Campbell,atyler@gmail.com,700-304-0710,2021-08-24,64,Female,North Rachel
4023,Dale Lucas,allen63@gmail.com,217-626-2037,2022-03-05,65,Female,Brownberg
4024,Carlos Campbell,paula42@gmail.com,677-420-1997,2021-07-19,34,Female,Stevensbury
4025,Jeremy Mcdonald,lisamatthews@gmail.com,351-486-0706,2020-06-21,50,Female,Morganstad
4026,Thomas Silva,burchmichele@gmail.com,225-856-5767,2020-04-29,23,Other,Ryanhaven
4027,Mariah Bates,bryan13@gmail.com,210-373-7878,2022-05-01,56,Other,Melaniefurt
4028,James Mccarthy,jdonovan@gmail.com,740-615-2097,2024-08-30,31,Female,North Emily
4029,Christopher Prince,victoria28@gmail.com,741-242-0211,2024-05-15,22,Female,Christyborough
4030,Brad Colon,evansnicholas@gmail.com,853-520-3953,2021-05-24,21,Female,New John
4031,Karen Cunningham,sarah12@gmail.com,730-686-4951,2022-03-30,56,Female,West Kenneth
4032,Grace Sloan,beverlyvalentine@gmail.com,817-367-2947,2023-06-20,35,Other,South Sharon
4033,Mark Parks,darren88@gmail.com,770-976-7796,2024-03-04,43,Female,West Laurenland
4034,Dr. Courtney Lewis,randolphjohn@gmail.com,278-840-6568,2020-01-31,19,Female,West Stuart
4035,Brittany Miller,vsmith@gmail.com,582-665-1343,2021-11-27,22,Other,South Marco
4036,Mike Elliott,gibsonwilliam@gmail.com,707-969-0282,2024-06-24,30,Other,West Anthony
4037,Darrell Morris,jason08@gmail.com,765-781-0196,2020-09-16,53,Other,Jacobville
4038,Teresa Ramos,blackwellbrent@gmail.com,884-528-8149,2024-07-17,30,Female,Meaganmouth
4039,Darlene Campbell,norrislindsay@gmail.com,617-594-5995,2023-08-03,42,Other,Anthonymouth
4040,David Martinez,sarahdavis@gmail.com,731-694-8334,2023-08-31,62,Male,Boydview
4041,Bobby Hernandez,julie34@gmail.com,713-855-5137,2020-05-11,62,Female,West Angel
4042,Phyllis Adams,skidd@gmail.com,973-775-2868,2023-06-06,44,Other,Lake Robert
4044,April Bailey,gregorysmith@gmail.com,347-596-4815,2021-04-26,37,Male,Port Lance
4045,Christopher Bradley,dustin57@gmail.com,762-243-6154,2020-05-12,18,Male,Port Lacey
4046,Alexis Larson,morrispamela@gmail.com,816-818-8555,2020-06-03,29,Female,Ryanfort
4047,Andrew Powell,mcdonaldjohn@gmail.com,707-553-9437,2020-11-18,32,Male,Yorkton
4048,Jacqueline Harris,wlee@gmail.com,878-855-3945,2020-12-05,22,Male,Lovehaven
4049,Michael Lawrence,jamesherman@gmail.com,930-476-9755,2020-06-08,63,Female,East Michelleton
4050,Claire Smith,zchapman@gmail.com,540-967-8913,2021-09-04,48,Other,Port Ricky
4051,Jonathan Cox,dannyjohnson@gmail.com,214-691-7409,2024-09-09,25,Female,Robinsonmouth
4052,Diana Kelley,smithelizabeth@gmail.com,873-643-7745,2022-07-14,25,Male,East Gregoryburgh
4053,Joseph Nguyen,philip07@gmail.com,591-558-6075,2023-02-22,57,Female,North Jasonmouth
4054,Kathleen Bailey,ashley67@gmail.com,282-442-6404,2021-06-05,53,Female,Anthonyberg
4055,Jessica Baker,vyoung@gmail.com,525-338-3031,2022-10-16,61,Female,West Alexbury
4056,Charles Hobbs,gblair@gmail.com,328-390-2966,2023-06-16,29,Male,East Erictown
4057,Charles Garcia,jacksonjames@gmail.com,286-931-2532,2022-03-19,26,Female,Robertton
4058,Diana Juarez,kharrell@gmail.com,896-834-4680,2023-06-02,30,Female,East Charleshaven
4059,Jennifer Carter,stephaniejohnson@gmail.com,933-334-0563,2022-02-11,53,Male,Berryshire
4060,Joshua Chambers,vlewis@gmail.com,403-428-9698,2021-08-18,62,Female,Grossport
4061,Rebecca Sloan,christopher16@gmail.com,342-984-6457,2020-06-15,54,Female,Port Dennis
4062,Christine Ramirez,richardjeffrey@gmail.com,315-851-8255,2022-09-16,55,Other,Antonioberg
4063,James Koch,llawson@gmail.com,529-705-3909,2020-04-04,60,Female,Davidland
4064,Melissa Young,pholmes@gmail.com,877-493-9874,2021-07-16,44,Male,Whitebury
4065,Rebecca Navarro,stephanie74@gmail.com,681-901-3348,2024-01-03,40,Male,Carneyton
4066,Mary Hartman,jdecker@gmail.com,422-836-0518,2023-02-01,45,Male,New Jeremy
4067,Melanie Washington,michelledavis@gmail.com,504-671-9362,2021-06-30,22,Other,South Laurenburgh
4068,Denise Douglas,qhooper@gmail.com,451-406-4601,2023-06-04,20,Female,New Regina
4069,Bianca Humphrey,kimberlynguyen@gmail.com,660-869-1816,2023-04-23,45,Female,Macdonaldfurt
4070,Jared Gentry,gconrad@gmail.com,779-350-0435,2022-01-02,43,Female,Haleshire
4071,Ashley Nguyen,aalexander@gmail.com,752-210-4298,2021-03-20,56,Female,Port Joyce
4072,Virginia Estrada,darrellfuller@gmail.com,278-835-8028,2022-07-04,32,Male,Jonesmouth
4073,Desiree Rubio,davisandrew@gmail.com,491-779-9554,2022-12-23,26,Female,North Katherine
4074,Michelle Richards,qhoward@gmail.com,775-582-1032,2022-12-04,38,Male,Michaelmouth
4075,Timothy Berry,kristyaguilar@gmail.com,833-247-2987,2024-03-05,31,Other,Lake Wandahaven
4076,Kristen Byrd,cynthiawilliams@gmail.com,810-354-4452,2021-05-31,34,Other,Burkeport
4077,Gary Franklin,douglas94@gmail.com,711-598-3952,2022-08-13,64,Female,Cabreraside
4078,Jason Lee,davissara@gmail.com,747-933-5794,2020-02-08,20,Female,Port Lindsaytown
4079,Deborah Wilson,chebert@gmail.com,558-525-6150,2021-01-22,40,Female,Lake Tammyfurt
4080,Stephanie Mckenzie,hendersonpamela@gmail.com,715-974-8608,2023-01-11,21,Female,Ryanstad
4081,Karen Curtis,vfernandez@gmail.com,254-234-1533,2023-09-20,51,Other,Bobbyshire
4082,Shannon Henry,wlynch@gmail.com,805-403-5764,2021-05-16,51,Other,North Cynthia
4083,Stephen Phillips,robinsonconnie@gmail.com,470-531-4030,2020-03-10,40,Female,West William
4084,Hailey Perez,qmcdowell@gmail.com,595-602-7006,2020-10-28,36,Female,Lucasfort
4085,Michael Wilson,michael81@gmail.com,222-880-5355,2022-02-22,59,Female,Port Jennifer
4086,Richard Harrison,swansonstacie@gmail.com,532-521-0101,2023-05-15,57,Male,Lake Malik
4087,Elizabeth Williams,scott81@gmail.com,559-215-4107,2022-02-23,50,Other,Jonathanfurt
4088,Sean Taylor,johnsonlisa@gmail.com,396-847-2869,2023-09-26,49,Female,Brandonside
4089,Joseph Garza,zrussell@gmail.com,620-685-7645,2024-03-27,62,Other,Saraborough
4090,Kevin Hernandez,richard08@gmail.com,548-684-6403,2022-12-02,24,Female,West Stephen
4091,Jill Smith,burtonsandy@gmail.com,364-336-7990,2020-11-08,63,Female,West Stevenview
4093,Rebecca Johnston,xvillanueva@gmail.com,472-592-8835,2021-04-08,30,Male,Davisfort
4094,Pamela Hudson,jasmine88@gmail.com,899-504-6155,2023-07-20,49,Other,Martintown
4095,Brittany Richardson,amymartinez@gmail.com,236-814-0595,2020-10-08,25,Male,Fitzpatricktown
4096,Sheri Bradley,kathleenwilliams@gmail.com,990-570-8286,2021-06-05,39,Other,Perkinsfurt
4097,Janice Cunningham,shogan@gmail.com,960-797-5974,2020-06-22,25,Other,Randyburgh
4098,Matthew Rodriguez,roberthenry@gmail.com,839-497-8731,2020-09-06,65,Male,East Ivanhaven
4099,Zachary Ward,lawsoncindy@gmail.com,424-809-4374,2020-03-13,21,Other,Matthewside
4100,Lee Scott,stephaniecole@gmail.com,424-549-1492,2022-06-18,62,Female,Villanuevaburgh
4101,Leonard Hood,william13@gmail.com,315-908-8575,2022-06-22,28,Female,Bartonville
4102,Monique Tran,amandagarcia@gmail.com,720-615-3339,2022-03-02,28,Male,Emilyberg
4103,Michael Porter,alyssa22@gmail.com,955-862-0093,2021-01-07,22,Female,South Jessicaside
4104,Peter Page,elizabethbradley@gmail.com,887-788-8055,2020-07-17,29,Male,South Rebeccaborough
4105,Mr. Jesus Gill DDS,michellewilcox@gmail.com,564-591-2407,2022-03-03,51,Other,South Kaylaland
4106,Angela Sims,tmartin@gmail.com,773-576-2743,2022-01-12,56,Male,New Elizabethmouth
4107,Jasmine Ellis,emma37@gmail.com,831-920-3741,2022-06-10,43,Female,North Cindy
4108,Melissa Jarvis,amy83@gmail.com,681-524-8307,2021-08-10,18,Female,West Angela
4109,Corey Peters,stephanie28@gmail.com,498-284-4120,2024-05-07,24,Male,Lauraton
4110,Natalie Wong,andersontodd@gmail.com,320-698-5307,2024-02-23,61,Other,Williamstown
4111,James Andrews,xwilliams@gmail.com,961-816-1550,2022-09-12,44,Female,Melendezbury
4112,Michael Hardin,tgonzales@gmail.com,393-559-8767,2021-05-12,43,Female,Allenfurt
4113,Paul Thomas,ricardo58@gmail.com,379-511-9029,2020-12-02,44,Other,South Kerrybury
4114,Kathleen Tyler,nsparks@gmail.com,452-261-4454,2021-02-17,36,Male,Melindafort
4115,Kathryn Jenkins,uchase@gmail.com,921-292-8666,2021-12-24,28,Male,Lake Adammouth
4116,Mark Golden,nataliejensen@gmail.com,415-949-5542,2022-05-08,54,Male,New Emily
4117,Brett Morales,nortonjacqueline@gmail.com,905-833-5173,2024-04-03,21,Other,Kimberlyside
4118,Nathan Chan,kellysamuel@gmail.com,349-399-8638,2023-05-21,63,Female,Brentmouth
4119,John Vaughan,tara42@gmail.com,700-631-5204,2023-05-21,29,Other,North Nancyfort
4121,Carol Todd,joseph91@gmail.com,510-951-9314,2023-05-05,34,Female,Port Erica
4122,Diane Rodriguez,heatherhanna@gmail.com,257-319-4664,2024-05-10,23,Female,East Michael
4123,Monica Bailey,xcherry@gmail.com,220-994-3146,2022-03-26,26,Other,Port Donna
4124,Paula Smith,feliciawalton@gmail.com,825-287-1621,2022-08-14,35,Male,Kevinborough
4125,Raymond Gibson,kurtwallace@gmail.com,854-278-8834,2023-05-11,19,Other,Catherinebury
4126,Charles Hill,nicolezimmerman@gmail.com,397-290-9310,2020-02-15,19,Male,Josephborough
4127,Rebecca Wong,wyatt27@gmail.com,631-383-1376,2024-04-14,36,Male,Lorettafort
4128,Charles Hoffman,lawrencehicks@gmail.com,409-863-1455,2020-07-22,54,Other,Branchfort
4129,Kevin Obrien,karineal@gmail.com,472-841-2577,2022-11-18,59,Male,West Anthonyville
4130,Nicholas Rice,paulrichmond@gmail.com,966-306-9760,2024-04-15,60,Female,North Matthewstad
4131,David Lopez,antonio30@gmail.com,223-462-1564,2024-01-18,39,Other,Frederickport
4132,Jessica Chambers,johnclark@gmail.com,493-711-0163,2021-08-30,48,Male,South Johnstad
4133,Sarah Hardin,cynthia82@gmail.com,310-828-7354,2022-04-13,43,Female,South Jonathanville
4134,Samantha Potter,lisaarroyo@gmail.com,835-530-8904,2022-02-20,45,Other,Jamesfurt
4136,Paula Bridges,daniellisa@gmail.com,408-345-2769,2021-08-26,53,Female,South Jamesville
4137,Mitchell Holt,turnerbrian@gmail.com,732-623-8513,2023-07-01,51,Female,North Christina
4138,Katrina Smith,antoniostanley@gmail.com,762-945-2578,2021-11-19,26,Female,Williamton
4139,Joseph Griffin II,joseph35@gmail.com,927-271-8132,2020-02-25,26,Male,North Yvonneton
4140,William Hughes,thall@gmail.com,909-816-9798,2023-02-15,39,Other,East Jimmyton
4141,Kristin Cobb,garciasharon@gmail.com,825-670-5465,2023-11-27,52,Other,Port Nancy
4142,Allison Dyer,howardkelly@gmail.com,798-582-1950,2021-11-27,18,Male,Natashaview
4143,Julie Young,laura75@gmail.com,969-811-1309,2021-12-31,54,Female,Michaelborough
4144,Rita Salazar,courtneyhudson@gmail.com,841-466-8481,2024-03-23,61,Female,Smithburgh
4145,Katherine Martin,paul08@gmail.com,618-461-0469,2021-03-19,53,Male,Loriborough
4146,Maria Kirk,brandon28@gmail.com,962-410-8521,2021-09-15,36,Male,New Davidbury
4147,Jason Wilson,amberfowler@gmail.com,766-717-7035,2023-04-07,50,Male,East Brian
4148,Elizabeth Burns,angela33@gmail.com,313-741-7393,2024-08-26,46,Male,Port Ricardo
4149,Alan Harris,drice@gmail.com,380-548-9324,2020-04-06,42,Male,North Christopher
4150,Edward Fisher,josepholiver@gmail.com,467-922-5011,2021-04-24,26,Female,South Richardberg
4151,Richard Gonzalez,ebond@gmail.com,743-386-3374,2021-03-31,48,Male,Williamchester
4152,Mckenzie Brown,megan27@gmail.com,393-640-7957,2021-02-04,43,Female,Lake Stephanie
4153,Ryan Phillips,erinmullins@gmail.com,927-930-4999,2020-08-24,49,Male,Barnettburgh
4154,Joshua Gonzalez,kristamorris@gmail.com,981-871-2439,2021-12-03,56,Other,Smithchester
4155,Terry Perry,tmontes@gmail.com,690-373-1772,2021-08-10,18,Male,Port Tonyaborough
4156,Justin Zamora,ashley53@gmail.com,898-787-9026,2024-05-20,43,Other,Lake Jasonberg
4157,Tammy Hamilton,dwhite@gmail.com,932-520-7104,2020-02-13,30,Male,Webbton
4158,Sean Madden,hartmankyle@gmail.com,578-639-3131,2023-01-12,52,Other,Lauraport
4159,Patricia Walters,hatfieldmary@gmail.com,476-789-3197,2023-05-19,64,Other,Glendabury
4160,Debbie Brown,swansonjennifer@gmail.com,329-499-0668,2020-09-10,63,Female,West Deniseberg
4161,Dale Johnson,dominique67@gmail.com,619-914-1348,2021-12-23,40,Female,Robertland
4162,Christopher Fuller,ericabryant@gmail.com,499-608-7501,2023-11-18,41,Other,Taylorside
4163,Tammy Pittman,annettemelton@gmail.com,731-291-0311,2022-07-19,65,Male,Matatown
4164,Kelly Rogers,piercekathryn@gmail.com,632-587-9649,2023-08-24,28,Other,South Michelleton
4165,Jason Hall,tina16@gmail.com,619-640-5272,2020-01-03,37,Female,Harrisfort
4166,Sally Paul,natalie21@gmail.com,575-227-7567,2020-09-29,59,Female,Hoffmanmouth
4167,Deanna Glover,melendezdavid@gmail.com,306-590-0729,2021-05-05,60,Male,Palmerfort
4168,Brittany Daniel,lroth@gmail.com,249-589-9934,2024-08-20,27,Male,East Maryside
4169,Karen Reed,gary00@gmail.com,495-243-0003,2022-04-20,44,Female,West Brittany
4170,Lawrence Collier,mcculloughmario@gmail.com,250-315-2020,2023-01-31,55,Female,Pughfort
4171,Felicia Gilmore,ufranklin@gmail.com,462-305-0948,2022-03-19,48,Female,New Victor
4172,Faith James,zmeyers@gmail.com,560-554-3891,2021-09-20,21,Female,Robinsonfort
4173,Daniel Gray DDS,jacksonjonathan@gmail.com,604-932-7081,2022-12-26,64,Other,South Noah
4174,Carlos Hawkins,carlos61@gmail.com,582-989-2027,2021-02-25,22,Female,Wattsfurt
4175,Robert Campbell,davidcowan@gmail.com,258-529-1685,2022-07-29,64,Male,Larsenton
4176,Thomas Simpson,ryan77@gmail.com,776-543-5257,2022-08-24,51,Male,Ashleehaven
4177,Mark Walter,fenglish@gmail.com,403-902-8514,2020-02-27,58,Female,West Juan
4178,Rachel Hodge,fthompson@gmail.com,872-358-9659,2022-08-07,28,Female,Tinaborough
4179,Kevin Hoffman,tlee@gmail.com,648-203-6294,2020-10-11,51,Male,Mannmouth
4180,Tammy Jimenez MD,jmedina@gmail.com,907-289-8032,2022-04-09,63,Female,Nicholaschester
4181,Angela Johnson,padkins@gmail.com,665-369-2478,2020-02-11,37,Other,Karenfort
4182,Mathew Nelson,markramirez@gmail.com,488-291-6212,2023-05-26,32,Female,Wilsonshire
4183,Lisa Anderson,emcdonald@gmail.com,225-210-4780,2021-08-28,35,Other,East Kaitlin
4184,Lauren Meza,cweaver@gmail.com,216-719-9085,2024-08-03,33,Other,Stewartstad
4185,Joshua Wilson,yjones@gmail.com,930-930-3209,2023-02-18,55,Male,North Tanner
4186,Jerry Bruce,kellykrueger@gmail.com,308-267-8490,2021-09-12,40,Male,East Richard
4187,Sarah Black,mandy54@gmail.com,579-205-1768,2022-08-21,30,Other,Hendricksbury
4188,Brendan Patrick,rogersgary@gmail.com,245-645-7886,2023-02-22,20,Male,East Tinabury
4189,Betty Lowe,sullivanjason@gmail.com,661-283-8125,2023-03-22,41,Female,Amberville
4190,Leslie Willis,pinedanatalie@gmail.com,933-640-2243,2024-01-05,55,Male,Cookechester
4191,Dr. Connie Armstrong,jburton@gmail.com,866-573-7008,2022-07-18,20,Male,Lake Austinside
4192,Jordan Santiago,jack41@gmail.com,569-710-2551,2023-08-21,61,Other,Rogermouth
4193,Mr. Taylor Silva,walkercole@gmail.com,375-416-1168,2022-10-11,19,Female,Scottport
4194,Mr. Jerry Brown,vwade@gmail.com,534-330-9217,2024-05-13,30,Male,Halefurt
4195,Meghan Gates,pruittrandy@gmail.com,249-372-1029,2024-01-26,20,Male,New Gloria
4196,Jessica Nelson,debbiegilbert@gmail.com,696-626-2512,2021-01-22,34,Male,Knoxberg
4197,Christine Shaffer,virwin@gmail.com,630-967-2289,2020-07-31,65,Male,East Michael
4198,John Hall,thomasdenise@gmail.com,717-296-5486,2021-12-09,55,Female,New Andrewfort
4199,Michael Tyler,ajuarez@gmail.com,704-581-0961,2020-12-18,56,Female,West Melissa
4200,Ana Hardy,caitlin29@gmail.com,335-834-6865,2022-08-06,64,Other,New Kyle
4201,James Lynch,kduke@gmail.com,782-565-1745,2023-09-12,62,Other,Bautistaburgh
4202,Robin Davenport,krista78@gmail.com,685-289-8099,2021-01-02,24,Other,Micheleburgh
4203,Shirley Moran,carol07@gmail.com,693-723-4027,2022-10-13,63,Female,South Patrickland
4204,Kelly Fitzpatrick,tammywalker@gmail.com,848-559-3617,2024-02-23,61,Male,East Michael
4205,Angela Hanna,davidskinner@gmail.com,666-383-6710,2022-06-16,37,Other,West Richardborough
4206,Ronald Cochran,dwhite@gmail.com,602-513-7024,2021-12-18,50,Other,South Anna
4207,Lauren Carroll,carrjames@gmail.com,366-996-8537,2021-02-25,60,Other,South Stephanieport
4208,Diana Mitchell,gfranklin@gmail.com,629-932-6173,2022-05-27,43,Female,Williamhaven
4209,Gina Oneill,juan45@gmail.com,234-647-4750,2023-11-25,55,Male,Lake Juliestad
4210,Dawn Garner,dianeboyle@gmail.com,505-542-4417,2021-02-15,57,Male,South Ryan
4211,Gregory Yang,deansusan@gmail.com,676-986-6319,2023-07-04,38,Female,South William
4212,Daniel Martin,nicolewolf@gmail.com,571-555-8509,2021-10-03,26,Male,Martinezbury
4213,James Mcintyre,ellismartin@gmail.com,913-231-9034,2023-07-24,36,Male,Monroeland
4214,Stephanie Cordova,shelley54@gmail.com,815-580-8210,2022-06-13,42,Female,Thompsonside
4215,Jeremy Price,wglover@gmail.com,504-915-7622,2020-02-07,45,Male,Chadstad
4216,Traci Porter,houstoncheyenne@gmail.com,280-621-5911,2023-05-26,22,Male,Nunezshire
4217,Sherry Smith,gallowaymarcus@gmail.com,387-889-7298,2024-07-19,30,Other,South Carolburgh
4218,Brian Brown,hunteranita@gmail.com,947-953-6162,2020-09-17,37,Male,Smithfurt
4219,Teresa Brown,nicole02@gmail.com,494-283-4384,2021-12-13,19,Female,Hensleyside
4220,Jeffrey Thomas,paulwillis@gmail.com,483-230-2549,2020-12-11,18,Male,North Terrance
4221,Juan Miller,dbrown@gmail.com,968-426-1566,2023-09-30,38,Other,Josephshire
4222,Jose Bowen,gonzalezvanessa@gmail.com,990-554-0559,2021-01-24,30,Other,Billshire
4223,Gabriel Hart,debrasandoval@gmail.com,444-288-5827,2021-06-23,60,Other,East Craigfort
4224,Melissa Mccullough,jeffrey95@gmail.com,493-274-0080,2024-01-20,30,Male,Taylortown
4225,Matthew Robinson,jonesbrandon@gmail.com,362-573-3931,2020-04-02,33,Male,New Emily
4226,Mr. Kelly Lee,johnsonmanuel@gmail.com,351-267-9469,2022-07-23,52,Other,New Julie
4227,Michele Butler,mccannchristopher@gmail.com,721-842-0137,2021-03-15,39,Other,West Ryan
4228,Benjamin Jones,santiagoholly@gmail.com,436-983-2973,2022-07-15,35,Other,Monicaburgh
4229,Michael Dean,timothy92@gmail.com,861-937-2702,2020-08-22,43,Male,Frankburgh
4230,John Hughes,yatesjulie@gmail.com,449-469-2329,2024-05-22,64,Male,Nguyenhaven
4231,Brandon Lee,victorbryant@gmail.com,695-754-0971,2020-05-11,25,Male,Lake Brian
4232,Kimberly Garza,gwaller@gmail.com,461-787-1528,2022-09-22,45,Male,Rebeccatown
4233,David Robinson,brittanyjones@gmail.com,385-368-9296,2021-11-26,32,Other,New Markton
4234,Michael Rogers,jennifermartinez@gmail.com,566-334-3238,2021-12-28,39,Other,Port Deniseshire
4235,Dr. Krystal Garner,garciamelinda@gmail.com,732-684-7779,2022-06-04,45,Female,Port Nicoleberg
4236,Lisa Thomas,petersimpson@gmail.com,816-713-3862,2020-09-01,21,Female,New Sandra
4237,Zoe Lewis,barrnicole@gmail.com,990-558-5084,2022-06-29,53,Male,Mitchellmouth
4238,Nicole Nguyen,campbellthomas@gmail.com,761-666-4136,2024-01-22,33,Other,South Danielburgh
4239,John Spears,jennifer64@gmail.com,972-222-6133,2020-06-07,32,Other,Barnesberg
4240,Amber Buchanan,karlasteele@gmail.com,794-667-7196,2021-02-04,55,Male,East Lucas
4241,Eric Leach,christiangeorge@gmail.com,509-609-7176,2021-07-03,49,Other,Alexandertown
4242,Mary Martin,betty76@gmail.com,604-483-2696,2024-01-24,27,Other,Kristinville
4243,Matthew Castro,kevingray@gmail.com,378-288-8304,2020-09-07,52,Female,Port Amy
4244,Stacey Thomas,sharon91@gmail.com,974-989-5143,2021-04-05,41,Other,Melissaport
4245,David Sharp,joyce92@gmail.com,610-221-9358,2022-08-26,42,Female,Cynthiatown
4246,Jerry Russell Jr.,phillipswendy@gmail.com,460-873-9500,2022-04-20,65,Other,Jenniferville
4247,Grace Hatfield,onealmichael@gmail.com,325-549-2528,2023-12-08,65,Other,New Patrickstad
4249,Tim Sullivan,james87@gmail.com,707-408-3701,2022-07-22,32,Other,Arthurchester
4250,Brian Palmer,donald78@gmail.com,296-795-8761,2024-03-02,33,Male,Lake James
4251,Omar Mcdaniel,atucker@gmail.com,804-435-7739,2020-04-28,45,Other,North Douglas
4252,Joshua Morgan,igonzalez@gmail.com,694-898-8440,2020-04-20,38,Female,Lake Darrellside
4253,Brian Serrano,fscott@gmail.com,585-767-6821,2023-01-25,23,Female,Shawnfurt
4254,James Eaton,victoria90@gmail.com,318-217-4813,2020-01-29,37,Female,Jamesstad
4255,Robert Ramirez,sfox@gmail.com,891-477-1986,2021-07-22,21,Female,Lake Jeffrey
4256,Teresa Bowen,seth55@gmail.com,727-650-2849,2021-11-13,42,Other,Stewartborough
4257,Michael Owen,masseyperry@gmail.com,559-572-9192,2022-02-09,41,Female,New Cynthia
4258,Jessica Gordon,kenneth63@gmail.com,259-848-8552,2023-05-16,51,Male,North Tinaland
4259,Katie Allen,heather16@gmail.com,295-697-4094,2021-05-28,25,Other,Lake Rebekahville
4260,Debbie Lawson,wcummings@gmail.com,346-524-5970,2021-12-05,43,Female,West Hollyview
4261,Samuel Gray,gmorris@gmail.com,688-741-0043,2023-09-04,56,Other,Curtischester
4262,Joe Cannon,davidallen@gmail.com,535-843-1029,2023-11-10,21,Female,New Christopher
4263,Robert Perez,sandra44@gmail.com,298-258-5679,2022-08-20,28,Female,Lake Daleport
4264,Angel Ross,kyleberg@gmail.com,711-922-9191,2020-03-07,21,Male,Christopherland
4265,Kathryn Scott,rebeccaramirez@gmail.com,628-681-0311,2022-02-24,51,Female,Margaretberg
4266,John Taylor,smithbonnie@gmail.com,280-885-5678,2022-09-05,42,Female,Leeborough
4267,Amanda Robinson,vincent20@gmail.com,823-951-7124,2021-01-31,30,Female,Davisstad
4268,Nancy Jones,rachel52@gmail.com,386-993-9403,2020-12-21,30,Female,Port Julia
4269,Jose Hensley,andersonstephen@gmail.com,603-212-9441,2020-11-01,36,Other,Melissahaven
4270,James Patterson,joshuacarter@gmail.com,378-576-2593,2024-03-31,63,Other,Port Martinberg
4271,Tammy Jackson,barnold@gmail.com,566-940-7554,2020-11-19,39,Female,Sanchezside
4272,Laura Carroll,natashabest@gmail.com,512-550-8022,2023-06-18,44,Male,East Michael
4273,Kimberly Moore,mitchell22@gmail.com,931-574-5002,2021-02-14,44,Male,Lake Dominicmouth
4274,Gregory Smith DDS,iwatson@gmail.com,310-428-2033,2021-03-03,64,Female,North Lauraton
4275,Brian Reynolds,yvetteponce@gmail.com,503-584-3401,2021-04-30,53,Female,Port Margaretstad
4276,Tara Collins,melody54@gmail.com,532-440-6235,2020-04-08,20,Male,North Christinemouth
4277,Colleen Morgan,samantharoth@gmail.com,874-218-0798,2024-08-13,54,Other,North Tiffanyville
4278,Nicholas Lee,hortonkendra@gmail.com,213-856-4583,2022-05-22,61,Female,New Kimberlybury
4279,James Morales,johnwarren@gmail.com,587-372-4128,2020-05-27,43,Male,South Jesusport
4280,Stacy Miller,fbell@gmail.com,831-897-3709,2022-12-21,26,Other,East Stephanie
4281,Robert Todd,mcdonalddaniel@gmail.com,346-893-4285,2023-01-08,30,Other,Brownburgh
4282,Brenda Miller,ascott@gmail.com,321-956-8744,2024-09-06,59,Male,North Sharon
4283,Dustin Hudson,jesse24@gmail.com,773-592-4694,2022-02-23,55,Other,East Charles
4284,Dr. Billy Brown DDS,vharris@gmail.com,206-524-9983,2020-05-03,47,Other,Byrdfort
4285,Dr. Matthew Hicks,davisdarrell@gmail.com,388-742-9905,2024-07-25,55,Male,South Anthonyville
4286,Matthew Perez,dylan03@gmail.com,798-948-2722,2021-06-27,65,Male,East Kevinberg
4287,Marissa Briggs,don81@gmail.com,522-598-1414,2021-04-06,34,Male,Smithtown
4288,Michelle Lozano,jessicadavis@gmail.com,539-864-6407,2020-02-10,58,Female,South Vickieberg
4289,Danielle Edwards,joshua91@gmail.com,536-911-1085,2022-01-21,20,Male,Lake Thomasville
4290,Brittany Cross,ucline@gmail.com,499-502-4798,2024-05-19,43,Female,Kelleytown
4292,Jorge Garcia,wooddaniel@gmail.com,486-772-8585,2022-03-25,51,Other,Torresview
4293,Catherine Evans,ivanbrown@gmail.com,283-207-1219,2023-01-20,37,Other,Angelaberg
4294,Benjamin Hamilton,ahensley@gmail.com,565-910-7560,2020-05-21,41,Other,Carrollport
4295,Stephanie Roberson,murphyjonathan@gmail.com,560-904-2944,2021-11-30,54,Other,Sandersmouth
4296,Mark Williams,ilucas@gmail.com,342-432-1721,2021-07-01,20,Male,Nicolemouth
4297,Jeffrey Baxter,kwhite@gmail.com,648-694-4811,2022-07-13,21,Male,Port Christineborough
4298,Katherine Vincent,stephaniepratt@gmail.com,388-484-1953,2023-04-07,58,Male,South David
4299,Jeffrey Freeman,burnssandra@gmail.com,654-924-5046,2020-11-01,25,Male,New Jill
4300,Hannah Wade,davidmartinez@gmail.com,369-567-9518,2022-10-26,50,Other,Sheilachester
4301,Robert Brown,zanderson@gmail.com,923-214-2992,2021-09-02,60,Male,Bishophaven
4302,Joshua Campos,alicia08@gmail.com,267-273-2210,2023-09-14,29,Female,Robertsonberg
4303,Daniel Lee,michellemiller@gmail.com,562-749-1100,2021-04-21,21,Female,Rodneystad
4304,Amy Malone PhD,iwise@gmail.com,649-361-8724,2023-02-27,28,Male,Felicialand
4305,Teresa Blackwell,crystalromero@gmail.com,408-818-2919,2020-11-10,48,Other,West Melaniemouth
4306,Stephanie Jones,gibbschristopher@gmail.com,337-306-7115,2022-07-09,46,Other,Robertchester
4308,Jesus Cole DVM,diana88@gmail.com,263-535-9360,2023-11-22,33,Male,Kristenchester
4309,Anthony Franco,sean90@gmail.com,500-979-5421,2021-01-31,30,Female,East Catherine
4310,Angela Morgan,wendy07@gmail.com,230-218-6593,2020-10-16,62,Male,Colinhaven
4311,Megan Allen,warmstrong@gmail.com,852-507-4857,2021-08-03,48,Male,Mccarthyberg
4312,Deborah Castro,patriciagriffin@gmail.com,613-540-3103,2021-09-25,44,Male,Port Denise
4313,Haley Gomez,loriharvey@gmail.com,948-676-9288,2023-08-12,55,Other,Port Sara
4314,Daniel Blake,brett82@gmail.com,490-229-6114,2023-04-14,30,Female,East Danielleberg
4315,Tyrone Stewart,laurengarza@gmail.com,862-600-8434,2024-09-23,52,Male,Lake Michael
4316,Emily Hall,tpeterson@gmail.com,245-327-1745,2020-05-26,36,Male,North Paulchester
4317,Marilyn Moore,alexandriafigueroa@gmail.com,209-353-2774,2024-07-11,65,Other,Hardingshire
4318,Brandon Smith,nicholas35@gmail.com,583-988-0954,2022-02-08,62,Female,South Jacob
4319,Timothy Nichols,debbie00@gmail.com,414-396-5652,2024-07-28,61,Other,Tapiaborough
4320,Diana Lopez,pdiaz@gmail.com,605-421-4616,2020-05-01,57,Other,West Anita
4321,Christine Patterson,cliffordbowman@gmail.com,266-418-6713,2022-01-20,58,Male,New Briana
4322,Tony Griffin,cmartinez@gmail.com,337-832-7098,2021-10-30,59,Female,Port Anthonyborough
4323,William Pruitt,graveswilliam@gmail.com,542-761-2998,2020-05-31,45,Female,East Joseph
4324,Brittany Roach,triley@gmail.com,846-268-3246,2020-08-29,34,Male,North Brittanychester
4325,Kristen Howard,stanley35@gmail.com,426-594-6484,2020-03-17,30,Other,North Amyton
4326,Christopher Scott,kimberly81@gmail.com,465-511-1689,2024-06-09,33,Other,Castromouth
4327,Beth Lewis,katherine22@gmail.com,240-699-5924,2021-03-04,42,Female,Leefurt
4328,Dr. Rebecca Richardson,latoya26@gmail.com,862-956-7229,2023-11-08,47,Other,North Jonathanborough
4329,Sean Wallace,morgantracy@gmail.com,274-698-7190,2023-12-27,51,Female,West Tracy
4330,Nicole Johnson,dustinbailey@gmail.com,590-588-8366,2022-05-12,35,Male,East Danielle
4331,Emma Brewer,angela93@gmail.com,705-900-5462,2021-09-25,24,Other,West Monica
4332,Scott Wilson,brose@gmail.com,869-469-3136,2024-01-02,32,Male,South Kimberlyton
4333,Charles Miller,uglass@gmail.com,874-323-6240,2021-07-12,52,Female,North Karen
4334,Jason Shaw,raysandra@gmail.com,457-255-4399,2022-07-23,45,Other,Ryanside
4335,Mary Hood,jsmith@gmail.com,-10-122-,2022-05-06,42,Male,Sotoborough
4336,Ashley West,cward@gmail.com,457-648-3693,2023-10-28,29,Female,South Crystalfurt
4337,Victor Medina,ymiller@gmail.com,501-645-5756,2022-02-01,42,Male,New Michael
4338,Mckenzie Gilbert,hhansen@gmail.com,847-817-2702,2022-09-02,62,Female,West Lisa
4339,Mr. Daniel Adams,andre58@gmail.com,621-622-8116,2024-07-27,41,Female,North David
4340,Clarence Lee,eparker@gmail.com,667-545-8272,2022-07-27,59,Other,Brownshire
4341,Tyler Roberts,enolan@gmail.com,233-500-5864,2022-03-24,61,Female,Melissachester
4342,Christina Perez,normanhoward@gmail.com,990-954-8977,2021-05-21,54,Female,Smithtown
4343,Michael White,cjohnson@gmail.com,720-727-5901,2021-10-07,37,Female,East Connortown
4344,Robert Lopez MD,nperez@gmail.com,487-548-5758,2024-02-03,34,Male,Devonville
4345,Andrew Brown,heather77@gmail.com,253-523-2224,2024-04-29,60,Male,South Thomasville
4346,Laura Peters,xburke@gmail.com,709-852-3304,2022-08-14,22,Other,South Robert
4347,Jason Brown,whill@gmail.com,904-820-8877,2020-12-12,47,Female,Masonshire
4348,Amanda Brown,estradajennifer@gmail.com,600-220-2787,2023-07-11,61,Male,Gregoryside
4349,Richard Clayton,juliagreen@gmail.com,897-851-1139,2023-04-29,45,Female,East Conniefort
4350,Natalie Alvarado,ugross@gmail.com,413-999-2754,2021-01-12,21,Female,West Bobbybury
4351,Lisa Weaver,andrea59@gmail.com,788-455-7510,2024-09-24,25,Other,New Marymouth
4352,Cynthia Orr,zandrade@gmail.com,830-236-3863,2020-10-16,58,Female,South Laurafort
4353,Dr. Michael Gordon,xleonard@gmail.com,300-928-1885,2023-01-18,53,Other,Port Joelhaven
4354,Chase Sanford,allenmelissa@gmail.com,378-338-0268,2024-04-23,53,Male,Aprilport
4355,Cameron Caldwell,timothytravis@gmail.com,860-364-2225,2020-11-14,59,Male,Alyssatown
4356,Anthony Fry,kristen70@gmail.com,672-470-1137,2020-11-05,35,Male,Ronaldfort
4357,Seth Bell,danielleerickson@gmail.com,638-715-5601,2022-11-27,30,Female,Lake Jose
4358,Ashley Kent,jenniferlee@gmail.com,973-900-0105,2020-09-15,33,Other,Taraside
4359,Suzanne Gonzalez,armstrongsusan@gmail.com,210-633-3989,2022-05-12,34,Female,South Tammybury
4360,David Thomas,richard09@gmail.com,444-776-0393,2023-11-21,42,Female,Alanmouth
4362,Beverly Moore,lisataylor@gmail.com,644-244-2442,2020-05-30,50,Female,Robertsontown
4363,Courtney Barker,katherine11@gmail.com,684-266-0507,2021-05-23,27,Female,North Tracy
4364,Taylor Davis,christinecox@gmail.com,668-338-1181,2023-01-10,62,Male,Lake Donna
4366,Alexandra Fleming,keithrogers@gmail.com,503-721-2543,2024-03-09,64,Female,Scottmouth
4367,Destiny Rosario,allennancy@gmail.com,519-469-4606,2024-01-04,60,Male,North Kimberly
4368,Keith Holmes,ronald58@gmail.com,819-689-0270,2024-03-12,26,Other,South Tracy
4369,David Long,brian07@gmail.com,598-251-1609,2020-05-05,18,Female,Christinahaven
4370,Aaron Kramer,michael14@gmail.com,222-846-7565,2022-10-08,43,Other,West John
4371,Andrew Moore,hoganmelissa@gmail.com,601-798-2512,2021-01-23,19,Male,Jameshaven
4372,Lisa Stone,iaguilar@gmail.com,866-871-8860,2023-05-24,23,Other,West Rodney
4373,Courtney Cook,christina33@gmail.com,504-819-6404,2020-01-10,32,Female,Mckeeport
4374,Jason Johnson,peter27@gmail.com,884-688-6563,2021-03-02,51,Male,Ballside
4375,Rebecca Norton,wparker@gmail.com,754-510-3551,2024-01-30,64,Other,Port Brianberg
4377,Zachary Perez,ericbradford@gmail.com,820-357-9833,2023-11-11,64,Other,Port Sarah
4378,James Haney,rjensen@gmail.com,521-826-8251,2020-12-15,55,Male,South Alexisport
4379,John Pittman,simsjames@gmail.com,379-294-9042,2021-06-09,59,Male,Colleenfurt
4380,Michael Davidson,mariazimmerman@gmail.com,355-453-9901,2024-04-27,58,Other,South Raymond
4381,Lori Thompson,anthony53@gmail.com,217-925-6613,2023-10-02,23,Female,Riverston
4382,Stephanie Murray,jonathanlong@gmail.com,438-811-7214,2020-08-26,34,Female,New Davidburgh
4383,Hunter Ramirez,nicholas35@gmail.com,528-261-6028,2022-06-17,61,Male,Kimberlychester
4384,Victoria Mckenzie,krystalsmith@gmail.com,248-222-6163,2021-01-13,36,Female,East Gregory
4385,Katie Clark,brian02@gmail.com,232-259-8318,2024-07-17,59,Female,Manueltown
4386,Karl Rodriguez,cameronalexis@gmail.com,727-716-0526,2022-12-13,30,Other,Laurachester
4387,Jorge Ryan,lori90@gmail.com,746-492-3525,2023-12-07,50,Male,Stewartburgh
4388,Lori Moore,jeromecoleman@gmail.com,224-511-2351,2020-05-13,56,Female,East Aimee
4389,Maurice Schneider,emma64@gmail.com,376-244-0024,2024-06-15,53,Other,East Lesliechester
4390,Christian Owens,ryangreen@gmail.com,205-882-2844,2024-03-17,24,Female,Port Rachelstad
4391,Stacy Gray,ldavis@gmail.com,705-759-7494,2020-04-17,61,Male,Kellyville
4393,Andrea Lopez,cody27@gmail.com,911-701-7825,2024-09-03,37,Male,North Hunter
4396,Ashley Williams,jamesmullins@gmail.com,299-378-8477,2023-08-08,29,Other,East Oscarview
4397,Jonathan Jackson,david46@gmail.com,337-825-8731,2022-10-24,26,Male,Victoriafort
4398,Beverly Terry,heatherferrell@gmail.com,808-566-0017,2022-04-07,64,Male,Maysside
4399,Craig Schmidt,ryan13@gmail.com,975-674-7275,2020-05-31,45,Male,Grossbury
4401,Sheila Copeland,andreclark@gmail.com,555-732-3347,2021-12-27,31,Male,New David
4402,Laura Fletcher,orogers@gmail.com,207-496-0293,2023-09-01,55,Male,North Erica
4403,Katelyn Howell,evansjames@gmail.com,357-504-6717,2024-08-22,24,Other,North Markmouth
4404,James Morales,ginanewman@gmail.com,885-684-9633,2022-09-19,46,Female,Ellisfurt
4405,Barbara Lee,justin27@gmail.com,623-897-8834,2020-07-28,39,Male,Garzaside
4406,Jeffrey Williams,sotojacob@gmail.com,571-268-1390,2020-08-25,65,Other,Flynnbury
4407,Christopher Chambers,imiller@gmail.com,374-273-3108,2023-04-15,32,Female,West Michaelshire
4408,Ashley Bautista,brownnancy@gmail.com,221-680-3241,2022-11-10,30,Female,Jonesfort
4409,Bobby Jackson,bakeralexandra@gmail.com,251-274-0364,2021-06-15,54,Male,North Paulchester
4410,Susan Robinson,christopherscott@gmail.com,455-250-2798,2023-07-12,64,Female,Toddmouth
4412,Jeremy Khan,hernandezchristina@gmail.com,362-333-7031,2022-12-10,53,Female,East Jeremyfort
4413,Kenneth Smith,garygarcia@gmail.com,321-925-0967,2021-08-29,37,Other,Monicaborough
4414,Debbie Hoffman,lindsayparrish@gmail.com,209-916-9741,2023-12-27,54,Female,Kevinhaven
4415,Stephanie Scott,stephanie75@gmail.com,827-472-4254,2020-11-08,38,Male,Snowside
4416,Wendy Roman,garciamonica@gmail.com,969-447-1047,2020-05-25,54,Female,Lake Andrewmouth
4417,Regina Cook,toddjames@gmail.com,865-345-7282,2022-07-23,25,Other,Ashleyport
4418,Deborah Saunders,christopher16@gmail.com,660-201-1556,2020-06-05,62,Male,Wadeside
4419,Amanda Rogers,jacob17@gmail.com,305-908-3292,2023-01-14,23,Male,Port Ronaldville
4421,Jenna Johnson,larsonmichelle@gmail.com,746-288-6519,2022-04-15,32,Other,Lake Alexanderview
4422,Shawn Lucas,dylan48@gmail.com,842-273-3584,2024-03-12,39,Other,Danielmouth
4423,Richard Sexton,caseyhodges@gmail.com,566-681-8137,2020-05-28,24,Male,Lake Samantha
4424,Charles Rocha,christopherhurst@gmail.com,348-706-9359,2021-02-20,56,Male,Gatesstad
4425,Cynthia Munoz,fgreen@gmail.com,986-734-0594,2021-05-20,27,Male,Michaelbury
4426,Christopher Alvarado,simmonsnicole@gmail.com,959-828-7399,2022-03-14,34,Other,New Patriciaside
4427,Michelle Gibson,villarrealjoshua@gmail.com,549-276-0805,2022-12-01,43,Other,New Robert
4428,Kim Smith,fitzgeraldmarc@gmail.com,234-559-6942,2021-08-31,56,Male,Douglasshire
4429,Brian Cole,kristina39@gmail.com,498-732-3095,2022-12-09,65,Male,Andersonchester
4430,Jesus West,powellshelia@gmail.com,590-761-2208,2021-06-24,47,Other,New Kellyborough
4431,Paul Gonzalez,williamosborn@gmail.com,739-575-9055,2023-12-15,54,Female,Matthewborough
4432,Nicole Patterson,kcooper@gmail.com,562-816-5354,2021-12-08,60,Other,New Jenniferbury
4433,Courtney Pratt,ronaldrussell@gmail.com,216-887-2715,2022-04-21,65,Male,South Bonnie
4434,Lindsey Barron,icruz@gmail.com,956-962-9931,2020-02-17,43,Female,Port Danielview
4435,Marie Pugh,rachelscott@gmail.com,553-626-6453,2020-07-25,28,Other,Thomasside
4436,Adam Williams,woodsdominique@gmail.com,708-231-2024,2023-08-19,22,Male,New Annaview
4437,James Figueroa,collinskelsey@gmail.com,357-890-3222,2023-05-02,42,Female,North Donna
4438,Melanie Velez,tylerbradford@gmail.com,294-650-5986,2022-01-30,41,Female,Markburgh
4439,Stacey Ingram,xflores@gmail.com,419-532-9927,2021-04-21,40,Male,Jasonberg
4440,Michael Andrews,hrivera@gmail.com,448-993-2957,2022-08-16,40,Male,New Allison
4441,Philip Ray,brittanysolis@gmail.com,991-433-0550,2021-02-14,33,Female,Woodardstad
4442,Madeline Mcclure,calvinjones@gmail.com,306-282-2129,2020-07-20,64,Female,New Debra
4443,Stephanie Lee,elizabeth24@gmail.com,982-952-2488,2024-02-08,21,Female,Lake Aliciamouth
4444,Paige Stout,salazarfrances@gmail.com,964-840-2695,2024-05-08,63,Male,Cindytown
4445,Brooke Wiggins,johnzhang@gmail.com,699-640-0320,2023-09-21,37,Female,Huntermouth
4447,Vicki Moore,roberto99@gmail.com,929-985-8689,2024-03-28,53,Male,Veronicafurt
4448,Jessica Terrell,wrightapril@gmail.com,217-958-5828,2021-11-20,65,Male,East Angela
4449,Katherine Lewis,stantonrichard@gmail.com,603-583-8085,2023-05-13,65,Other,Port Benjamin
4450,Jared Jackson,carlaallison@gmail.com,728-755-8224,2020-09-28,48,Female,Taylorshire
4451,Susan Marsh,jessica94@gmail.com,521-733-6321,2024-02-28,27,Female,Montesbury
4452,Ashley Taylor,idavis@gmail.com,698-378-4589,2020-06-07,48,Other,Sheilamouth
4453,Gary Andrews,dianemartin@gmail.com,346-550-1947,2021-01-10,20,Male,South Samanthaview
4454,Aaron Downs,stephenedwards@gmail.com,439-807-5281,2023-02-21,34,Male,Rogersbury
4455,Kimberly Cox,tylersmith@gmail.com,771-209-1796,2022-09-14,45,Female,Jeffreyhaven
4456,Joshua Rosales,timothyjames@gmail.com,736-712-1948,2021-10-21,22,Other,Haneyfurt
4457,David Jenkins,jscott@gmail.com,269-776-7090,2024-01-02,18,Male,Brownland
4458,Laura Cunningham,zgarcia@gmail.com,382-767-9903,2022-08-08,28,Female,East Kristenmouth
4459,Valerie Sanchez,benjaminphillips@gmail.com,984-815-4156,2021-07-04,37,Female,Lake Stephen
4460,John Jackson,jacob56@gmail.com,971-714-2816,2020-03-20,62,Female,South Katieside
4462,Robin Vasquez,xwright@gmail.com,706-745-0421,2022-09-08,28,Other,Mcdonaldport
4463,Stephanie Murray,vmann@gmail.com,616-361-2235,2021-08-21,30,Other,Karenview
4464,Christopher Ware,mpaul@gmail.com,239-554-8478,2023-09-15,58,Other,North Eric
4465,David Mcguire,pmiller@gmail.com,811-563-4840,2023-05-21,18,Male,Callahanside
4467,Amanda Lee,alexandragarrett@gmail.com,990-348-4463,2024-03-04,43,Female,Douglasmouth
4468,Veronica Palmer,adamsbrenda@gmail.com,957-546-1994,2020-07-16,53,Other,Cunninghamside
4469,John Parrish,kathleencurry@gmail.com,438-610-5985,2023-11-04,34,Other,West Jerry
4471,Melissa Johnson,ian42@gmail.com,590-241-9966,2022-04-28,44,Female,Kennedybury
4472,Edward Garcia,iwilliams@gmail.com,832-811-0764,2020-09-04,37,Male,Fullerfurt
4473,Brent Daniels,uwhitehead@gmail.com,567-468-8584,2023-10-14,50,Female,Avilastad
4474,Joshua Lester,codyfowler@gmail.com,604-616-6298,2020-10-21,43,Other,Brettfurt
4475,Michael Sandoval,xavierreid@gmail.com,327-991-6276,2021-01-29,31,Other,Jamesborough
4476,Amber Dunn,danny74@gmail.com,262-603-0966,2024-07-04,31,Other,New Dorothyland
4477,Curtis Mcclain,hcoleman@gmail.com,623-383-4720,2022-07-24,27,Other,North Kimberly
4478,Tracy Lewis,montgomerysarah@gmail.com,244-489-5540,2020-08-27,59,Female,Samanthamouth
4479,Scott Mora,walter18@gmail.com,247-577-8994,2022-02-17,18,Female,Lake Alexis
4480,Erica Green,margaretmendoza@gmail.com,394-332-5673,2022-02-23,27,Female,North Pamelaton
4481,Jennifer Bates,rwatkins@gmail.com,261-536-5040,2020-03-17,34,Female,Port Stephanie
4482,Laura Williams,lauren40@gmail.com,238-687-4691,2022-04-07,41,Other,Elijahhaven
4483,Jill Boyd,victoriamullins@gmail.com,615-413-6936,2022-10-05,64,Female,West Jacqueline
4485,Samantha Thompson,weaverdawn@gmail.com,630-813-0672,2023-12-04,24,Female,Frazierburgh
4486,Bradley Bailey,davidyang@gmail.com,837-935-6433,2024-02-25,60,Other,Lake Michelle
4487,Zachary Ochoa,keykayla@gmail.com,619-971-1348,2021-11-21,48,Female,Gallaghershire
4488,Michael Gordon,keithmarshall@gmail.com,978-589-3676,2023-04-17,63,Other,West Johnshire
4489,Michael Chang,uchambers@gmail.com,507-680-2592,2022-01-27,62,Female,New Garyland
4490,Danielle Hendrix,michaelwilson@gmail.com,728-340-0194,2022-03-16,28,Female,Dominiqueside
4491,Dylan Parker,george38@gmail.com,680-373-0483,2022-06-06,30,Male,Matthewfurt
4492,Nicole Tucker,barbara25@gmail.com,596-237-1969,2022-08-27,64,Male,Ronaldstad
4493,Robert Bennett,rroman@gmail.com,240-850-2846,2020-10-30,41,Other,North Rickystad
4494,Isabel Young,iwarner@gmail.com,468-526-8268,2021-08-23,58,Female,Mcdonaldbury
4495,Stefanie Kim,mrobbins@gmail.com,877-539-8243,2020-11-14,55,Other,Cervantesburgh
4496,Jason Perry,jeffreyhuang@gmail.com,620-911-4663,2023-08-16,59,Female,Hernandezfort
4497,Paul Martin,lphillips@gmail.com,572-314-4281,2020-06-29,53,Male,Timothyville
4498,Jeffery Garcia,raymondmartinez@gmail.com,272-206-7470,2024-07-19,27,Other,Laurieville
4500,Cheryl Garcia,ccoleman@gmail.com,624-395-0583,2021-03-07,48,Female,East Aaron
4501,Brandon Shields,elizabeth50@gmail.com,369-339-0706,2024-06-24,55,Female,Michaeltown
4502,Justin Bean,kramerjason@gmail.com,309-368-5073,2023-07-15,40,Female,Millerfort
4504,Nicole Walsh,juan59@gmail.com,670-370-2835,2024-03-24,64,Other,North Loriville
4505,Daniel Baker,iperez@gmail.com,595-449-7639,2020-08-05,22,Other,North Jamesfort
4506,Ashley Cruz,lincarol@gmail.com,826-481-8001,2022-10-19,33,Other,East Jeremytown
4507,Scott Small,christine28@gmail.com,426-893-6178,2023-07-29,18,Other,Greenland
4508,Daniel Campbell,mjackson@gmail.com,971-588-7003,2022-05-15,52,Other,Deantown
4509,Collin Lozano,ngonzalez@gmail.com,878-715-6236,2020-07-30,35,Other,East Darin
4510,Brenda Shea,dwright@gmail.com,838-231-8043,2023-04-13,36,Female,New Juan
4511,Larry Galvan,lisabrown@gmail.com,643-719-5351,2023-02-20,51,Other,East Christopher
4512,Brandi Allen,sblake@gmail.com,223-977-2856,2023-06-17,28,Female,Lake Crystalfort
4513,Ashley Peters,lsosa@gmail.com,792-472-4627,2020-01-30,36,Male,West Ericaside
4514,Charles Phillips,charleshernandez@gmail.com,362-665-4310,2024-08-26,54,Male,Port Alexanderview
4515,Beth Potter,burkejennifer@gmail.com,723-308-4767,2021-12-25,32,Male,Erichaven
4516,Paul Curry,vrodriguez@gmail.com,301-466-5732,2020-05-25,49,Male,Port Samantha
4517,Gregory Wagner,kdixon@gmail.com,440-727-5633,2022-01-10,45,Other,Fischerfurt
4518,Jacob Bennett,michael92@gmail.com,606-810-3885,2022-06-01,29,Other,South Zacharyton
4519,Madeline Martin,mitchellkimberly@gmail.com,994-597-5287,2022-06-02,54,Male,South Christinafort
4520,Christopher Gordon,ejohnson@gmail.com,401-979-7815,2021-02-04,54,Other,Amyport
4521,Ricardo Boyer,youngaustin@gmail.com,239-691-2810,2024-05-09,20,Female,New Charles
4522,Jamie Goodwin,douglasruben@gmail.com,273-321-6082,2022-07-09,26,Male,West Williemouth
4523,Cheryl Shaw,maddenpatricia@gmail.com,854-874-0388,2024-05-03,52,Male,Clementsfurt
4524,Timothy Woods,zowens@gmail.com,936-680-1198,2022-05-04,38,Other,Wattsburgh
4525,Jeremy Ryan,robertjohnson@gmail.com,969-566-0329,2024-04-06,18,Male,New Amy
4526,Nathaniel Wells,lewisvicki@gmail.com,926-267-4565,2020-09-30,50,Female,Knightbury
4527,Daniel Walker,nmunoz@gmail.com,943-669-8246,2020-03-29,58,Female,New Brandiland
4528,Patricia Stanley,clarkryan@gmail.com,344-391-7154,2023-09-03,37,Other,Jasmineland
4529,Melissa Cole,daniellebarnes@gmail.com,942-354-7284,2021-05-17,40,Male,Port Todd
4530,Jerry Hunter,hswanson@gmail.com,865-734-7231,2024-05-06,54,Female,East Johnside
4531,Lisa Mckenzie,palmersarah@gmail.com,364-670-0172,2021-06-02,61,Female,North Jeremyburgh
4532,Daniel Ramos,charlesjenkins@gmail.com,816-384-3426,2021-10-27,26,Other,Wernerton
4533,Brandi Avery,michael12@gmail.com,319-605-3892,2022-09-21,25,Other,Rubioberg
4534,Mark Schultz,mary17@gmail.com,845-950-2785,2020-05-06,21,Male,West Dillonville
4536,Keith Porter,stephaniesellers@gmail.com,542-512-7365,2023-07-01,63,Female,Molinaville
4537,Julie Hill,levineluke@gmail.com,502-677-4773,2022-02-08,38,Female,Angelaview
4538,Sarah Garcia,amy47@gmail.com,759-324-3664,2024-09-17,37,Other,Greenborough
4539,Steven Small,josephgomez@gmail.com,589-926-4138,2020-10-27,57,Other,Adamsborough
4540,Megan Moses,kimberlyroberts@gmail.com,276-978-4656,2023-08-16,23,Female,Port Brianside
4541,Morgan Smith,sschmidt@gmail.com,369-324-8042,2022-07-17,23,Male,Richardchester
4542,Brandon Smith,ahernandez@gmail.com,779-896-6668,2021-03-04,51,Female,Lake Nathantown
4543,Kenneth Gomez,christina79@gmail.com,835-767-3126,2021-05-10,57,Male,Jermainechester
4544,William Miller,veronicalee@gmail.com,578-530-3668,2024-04-21,33,Other,Lake Travisport
4545,Tamara Patterson,cisnerosivan@gmail.com,268-974-1526,2024-03-26,56,Other,Seanberg
4546,Larry Oconnor,jjensen@gmail.com,301-850-0107,2021-04-20,33,Male,West Wandaport
4547,Mark Johnson,sford@gmail.com,369-651-2296,2022-01-18,27,Other,North Christinafurt
4548,Ricky Berger,wukeith@gmail.com,261-559-0326,2024-01-15,46,Female,East Gregoryfurt
4549,Shelly Black,kimberlylewis@gmail.com,251-881-6531,2020-09-24,27,Male,North Amy
4550,Michael Torres,kyle54@gmail.com,499-253-0214,2021-05-03,29,Female,Allenfort
4551,Michelle Keller,lisa83@gmail.com,339-724-1992,2023-09-29,44,Female,East Deniseburgh
4552,Billy Haynes,scottkimberly@gmail.com,696-622-7315,2024-06-03,42,Male,North John
4554,Lauren Pratt,stephanie96@gmail.com,291-888-7385,2023-08-02,45,Female,New Robert
4555,Thomas Burnett,andrewwhitehead@gmail.com,980-506-4587,2021-07-12,61,Other,Hernandezfort
4556,Corey Bryant,wilsonjenna@gmail.com,707-701-7380,2020-09-08,47,Male,Caitlinshire
4557,Rebecca Lewis,jbrown@gmail.com,426-554-9686,2023-04-22,19,Other,Port Pamela
4558,Joshua Santos,leonardelizabeth@gmail.com,587-346-6819,2023-01-18,26,Male,Nicholsonview
4559,Casey Campbell,kclark@gmail.com,909-602-1697,2023-08-26,46,Other,West Bill
4560,Roberto Robinson,dclark@gmail.com,674-290-6295,2020-12-16,22,Other,Patelburgh
4561,Daniel Gutierrez,brandi44@gmail.com,245-765-8896,2023-05-02,63,Female,Lake Amy
4562,Timothy Alvarez,kthornton@gmail.com,539-443-7810,2023-03-24,59,Female,Brucemouth
4563,Kathleen Ramos,lisalittle@gmail.com,972-468-3427,2024-02-24,40,Female,Watsonland
4564,Kimberly Thomas,gnguyen@gmail.com,353-591-6456,2024-01-03,38,Male,Port Michelle
4565,Thomas Martinez,hnelson@gmail.com,222-946-4712,2021-01-26,37,Male,South Robertfort
4566,Robert Hernandez,santoskevin@gmail.com,986-714-2107,2024-04-15,42,Other,Lake Veronica
4567,Michael Green,jessicahanson@gmail.com,746-955-1511,2021-09-08,26,Male,South James
4568,Christina Edwards,derekcampbell@gmail.com,826-573-1022,2020-02-13,58,Other,South Alexisview
4569,Kim Lowery,martinezmichael@gmail.com,326-688-5855,2024-01-13,21,Other,West Ashleystad
4570,Brandon Johnson,jennifervelez@gmail.com,627-911-7973,2023-06-16,47,Other,West Sandra
4571,Joseph Moran,warrenjessica@gmail.com,654-780-6788,2023-03-22,36,Other,New Claudiafurt
4572,Julie White,monicafletcher@gmail.com,632-808-9445,2023-09-11,24,Other,Lake Courtney
4573,Briana Mcfarland,patrick91@gmail.com,632-380-9767,2022-05-26,60,Other,New William
4574,Cody Boyle,daniel42@gmail.com,865-871-3290,2020-08-29,26,Other,Lake Timothy
4575,Brenda Williams,rebecca32@gmail.com,470-284-5380,2021-11-01,59,Other,Hannabury
4576,Randy Herman,kschaefer@gmail.com,455-876-7938,2022-06-11,34,Other,West Melissa
4577,Crystal Thomas,randall14@gmail.com,324-331-6102,2020-02-03,37,Female,Andreashire
4578,David Carter PhD,andrewnielsen@gmail.com,566-585-5995,2022-07-15,31,Female,West Johnny
4579,Jason Beck MD,greerchristopher@gmail.com,942-903-8388,2020-10-07,23,Male,Port Bobbyhaven
4580,Samantha Nelson,michaelsmith@gmail.com,362-470-9306,2022-09-29,55,Male,Jacobberg
4581,Felicia Rogers,yhenderson@gmail.com,565-721-7433,2023-08-23,61,Male,East Madison
4582,Cynthia Murphy,christy84@gmail.com,664-436-1574,2023-10-28,21,Other,Jacksonmouth
4583,Walter Choi,mooresarah@gmail.com,256-752-0909,2020-11-07,55,Male,Lake Kathleenchester
4584,Matthew Crane,elizabethcook@gmail.com,832-463-7244,2020-02-04,48,Male,Owenmouth
4585,Katrina Jones,heidiwalker@gmail.com,729-949-7468,2021-02-21,20,Female,Port Christopher
4586,Christopher Wallace,cruzbrian@gmail.com,932-891-8954,2023-09-14,65,Female,Seanmouth
4587,Diana Lopez,kjohnson@gmail.com,827-300-2820,2021-07-04,42,Female,Port Cody
4588,Isaac Quinn,ryan31@gmail.com,498-522-0264,2024-05-07,24,Other,Danielchester
4589,Jasmine Walton,rowepenny@gmail.com,787-643-2392,2023-03-29,44,Male,New Robertmouth
4590,Ruben Carrillo,evelyn42@gmail.com,875-234-2798,2022-08-29,24,Female,West Sylviamouth
4591,Karen Ford,mooredaniel@gmail.com,805-414-1724,2023-11-18,29,Female,Moralesland
4592,Nicole Long,johnsmith@gmail.com,908-875-9105,2020-01-19,38,Female,West Samanthastad
4593,Clifford Chung,brownaaron@gmail.com,948-715-3170,2020-10-10,49,Other,New Lindseyville
4594,Jocelyn Young,miranda06@gmail.com,449-681-7536,2020-07-25,26,Male,Port Victoriafort
4595,Anthony Garcia,juliahuang@gmail.com,758-581-6479,2021-05-05,42,Male,Alicemouth
4596,Nicholas Jennings,srobinson@gmail.com,296-650-4272,2023-12-09,42,Male,Bairdport
4597,Timothy Spencer,chase06@gmail.com,534-317-2698,2022-01-24,25,Female,South Andreamouth
4598,Molly Garcia,brandon31@gmail.com,364-823-5667,2023-01-10,56,Female,East Jeffrey
4599,Frank Carter,amanda66@gmail.com,339-470-3304,2021-12-03,57,Female,Angelamouth
4600,Justin Hill,parkerkatrina@gmail.com,686-326-3696,2023-01-24,30,Male,West Sarahside
4601,Courtney Dixon,sarahtucker@gmail.com,517-303-1267,2022-06-09,20,Male,Isaiahburgh
4602,Ashley Dudley,caseyryan@gmail.com,982-765-4452,2022-11-01,45,Female,Heidihaven
4603,John Arroyo,jsmall@gmail.com,707-600-5880,2022-09-13,51,Male,Rodriguezside
4604,Catherine Braun,aaron23@gmail.com,604-306-9079,2023-04-24,63,Female,New Dariusmouth
4605,Joan Moran,lboyer@gmail.com,634-350-9913,2020-07-17,61,Female,New Joel
4606,Joshua Collins,lawrencejohn@gmail.com,393-413-6985,2023-08-21,61,Female,New Sarah
4608,Daniel Figueroa,bowerskenneth@gmail.com,749-700-0407,2020-11-07,58,Other,South Cameron
4609,Danny Wright,woneal@gmail.com,326-371-5389,2024-07-20,48,Male,Lynnchester
4610,Lisa Stanley,thomasgoodman@gmail.com,666-567-5841,2022-09-22,19,Male,Nguyenfurt
4611,Fernando Obrien,mguzman@gmail.com,306-739-9214,2021-11-19,19,Female,Lake Audrey
4612,Angela Webb,jeffreytaylor@gmail.com,568-607-1034,2020-11-15,29,Other,East Stevenburgh
4613,Natalie Young,amy30@gmail.com,730-744-3139,2021-08-21,47,Female,Fisherview
4614,Karen Blackwell,sullivanalex@gmail.com,845-554-2221,2023-05-01,38,Male,Lake Melindabury
4615,William Kaufman,juancook@gmail.com,424-214-7759,2020-03-26,39,Male,East Peterberg
4616,Jamie Michael,marcuskelly@gmail.com,248-678-6254,2021-12-04,37,Other,New Morgan
4617,Theresa Scott,pbrown@gmail.com,701-494-3949,2023-10-02,51,Female,South Jeffrey
4618,Ronnie Rice,melinda65@gmail.com,219-658-6331,2020-08-28,48,Female,North Tinamouth
4619,Lori Meza,ramoseric@gmail.com,853-528-0576,2023-08-23,58,Female,Kristineberg
4620,Marc Garcia,johngarcia@gmail.com,761-520-8522,2020-11-06,50,Other,Munozton
4621,Jennifer Butler,dallen@gmail.com,869-200-8678,2020-09-28,34,Female,North Anthonymouth
4622,Katrina Harris,elewis@gmail.com,465-554-8726,2021-07-06,51,Female,Kristenbury
4624,Mrs. Sandra Brown,xbrown@gmail.com,991-707-5039,2022-08-15,19,Female,South Jenniferville
4625,David Wells,leblanckaren@gmail.com,224-253-7558,2022-08-11,53,Male,Mayberg
4626,Jason Bradley,kelleydennis@gmail.com,355-441-1373,2024-08-08,63,Other,North Stephen
4627,Matthew Boyd,taylordenise@gmail.com,950-336-9302,2023-06-18,49,Other,East Melanieberg
4628,Leslie Lucas,mayerjohn@gmail.com,427-972-8018,2022-04-07,20,Male,North Maryburgh
4629,Heather Miller,andersonmadison@gmail.com,255-656-3191,2022-01-04,34,Female,Port Amy
4630,Heather Edwards,conniedillon@gmail.com,605-961-8785,2020-06-17,53,Male,Gutierrezside
4631,Chelsea Allen,marshallwilliam@gmail.com,385-484-6202,2021-07-29,65,Male,Sandraland
4632,Misty Jackson,marie81@gmail.com,828-902-6432,2021-12-30,40,Male,New Ianview
4633,Andrea Alvarado,jenniferromero@gmail.com,696-579-9219,2022-08-18,31,Male,Dylantown
4635,Melissa Rogers,bradshawsharon@gmail.com,295-755-9798,2020-07-16,63,Female,North Ann
4636,Donna Thomas,dhutchinson@gmail.com,263-250-3051,2021-05-26,49,Female,West Morgan
4637,Patricia Miller,pchen@gmail.com,306-649-3587,2022-12-17,36,Female,Lake Saraton
4638,Mary Gordon,tateeric@gmail.com,775-219-1343,2020-11-28,19,Other,Masonbury
4639,John Adkins,gutierreztimothy@gmail.com,302-753-2668,2024-07-05,57,Other,South Timothyport
4640,Max Koch,claudia89@gmail.com,653-687-7524,2023-11-08,26,Female,Moralesville
4641,Mr. Andrew Davis,steven17@gmail.com,885-562-7718,2020-03-11,20,Other,Jennifermouth
4642,Robert Rodriguez,christopher44@gmail.com,398-215-5078,2024-03-28,32,Male,North Stevenshire
4643,Michael Carroll,ebecker@gmail.com,694-734-3201,2023-07-22,38,Male,Port Bethany
4644,Douglas Macias,cgonzalez@gmail.com,863-875-9866,2024-08-15,36,Other,Sharonport
4645,Heather Holt,valdezmonica@gmail.com,800-500-8374,2022-02-10,26,Other,Dianemouth
4646,David Tyler,tiffany49@gmail.com,519-481-8173,2024-01-17,24,Male,East Spencerside
4647,Patrick Rivera,lmitchell@gmail.com,337-452-3852,2022-12-29,34,Other,Michaelmouth
4648,Victoria Abbott,cindy27@gmail.com,215-765-8487,2022-06-23,30,Female,Rebeccaland
4649,Anthony Todd,uwright@gmail.com,939-869-3367,2020-04-14,46,Female,Yolandaland
4650,William Shepherd,christopher75@gmail.com,503-303-2192,2020-08-15,51,Male,South Angelaborough
4651,Sarah Ford,ocolon@gmail.com,770-737-5258,2021-04-29,27,Other,West Devinfort
4652,Audrey Clark,wray@gmail.com,843-322-0967,2020-02-12,31,Other,Gutierrezside
4653,Micheal Ramsey,marshallfrank@gmail.com,728-794-0502,2020-12-13,60,Female,Port Kenneth
4654,John Harris,davisbarry@gmail.com,297-694-3021,2024-03-02,41,Other,Jenniferton
4655,Mrs. Breanna Peters,bgonzalez@gmail.com,606-928-8525,2024-09-09,30,Female,Kathrynmouth
4656,Rebecca Dorsey,foxkeith@gmail.com,253-677-3458,2024-08-28,57,Male,Youngfurt
4657,Maria Solis,bgonzales@gmail.com,638-835-6942,2020-12-01,40,Other,Davidhaven
4658,Elizabeth Griffin,brandon22@gmail.com,825-698-5986,2023-09-22,18,Other,Hoganfort
4659,Eric Miller,ginaroberts@gmail.com,268-204-8583,2023-01-20,32,Male,Whitetown
4660,Tyler Mullen,ibates@gmail.com,767-314-9447,2023-05-24,27,Other,East Williefort
4661,Kelli Harris,kallen@gmail.com,383-459-1954,2020-08-24,51,Male,Reneeton
4662,Sandy Smith,bgill@gmail.com,231-580-1245,2020-11-05,39,Other,Zamorafurt
4663,Sandra Fuller,lunderwood@gmail.com,576-984-9158,2023-07-09,61,Other,North Crystal
4664,Melissa Moyer,williamsbrent@gmail.com,926-278-8452,2022-04-30,55,Other,East Ericamouth
4665,Barbara Pierce,joseph17@gmail.com,690-406-6275,2024-05-21,20,Other,Youngside
4666,Tonya Kim,hernandezdustin@gmail.com,656-316-6440,2024-08-01,32,Other,Bowmanborough
4667,Judith Patterson,jenniferstrong@gmail.com,526-216-5777,2020-08-19,61,Male,Martinezbury
4668,Mr. Wayne Summers,jamesgreen@gmail.com,925-907-8845,2020-07-10,64,Female,New Kristenfort
4669,James Bolton,grobinson@gmail.com,719-513-0424,2021-01-25,58,Other,Byrdmouth
4670,Brent Miller,amy80@gmail.com,856-587-3577,2023-01-17,25,Other,Jonathanbury
4671,Cynthia Hull,snyderkimberly@gmail.com,284-862-3708,2024-02-29,33,Other,Georgeview
4672,Alexis Aguilar,savagealex@gmail.com,694-346-2144,2020-04-01,39,Male,Brianville
4673,Michelle Williams,angela03@gmail.com,978-949-8218,2021-08-28,24,Female,East Crystalmouth
4674,Suzanne Arnold,showe@gmail.com,-11-826-,2022-05-15,41,Other,Simmonsport
4675,Erik Flores,cpalmer@gmail.com,306-877-8567,2020-03-10,50,Male,North Craig
4676,Emily Thompson,alexanderellis@gmail.com,798-738-7563,2023-03-09,35,Female,Lake Steven
4677,Carrie Fleming,christineharrison@gmail.com,524-609-9444,2020-08-23,55,Male,North Rebecca
4678,Charles Waters,carl63@gmail.com,975-826-7916,2023-06-25,62,Male,Spencerfort
4679,Jerry Carlson,smithdarren@gmail.com,622-549-5030,2022-11-25,38,Female,Port Chasefort
4680,Nancy Torres DVM,dtorres@gmail.com,470-664-4302,2020-10-07,39,Male,Jenniferport
4681,Tara Powell,samuelgreen@gmail.com,302-487-8274,2021-10-22,41,Female,New Angela
4682,Matthew Moore,martha34@gmail.com,241-640-8413,2023-07-08,43,Male,East Randytown
4683,Shane Ortiz,sherrera@gmail.com,458-647-5919,2023-10-11,55,Male,Wesleyland
4684,Sherri Clark,imorgan@gmail.com,615-841-4074,2023-07-31,49,Other,Reneemouth
4685,Amanda Sutton,ujimenez@gmail.com,835-490-5299,2022-09-28,22,Male,North Joshua
4686,William Lambert,johnsonchristy@gmail.com,822-432-7125,2022-06-16,61,Other,New Cory
4687,Antonio Gonzalez,watkinson@gmail.com,689-870-3932,2024-04-26,25,Female,Davidfurt
4688,Stephanie Hall,vanessa74@gmail.com,415-405-3747,2023-05-14,42,Male,Randallhaven
4689,Michael Ellis,michael35@gmail.com,591-418-1043,2023-05-24,49,Male,Sarahburgh
4690,Frank Perry,itaylor@gmail.com,302-431-1560,2020-10-16,43,Male,Cannonbury
4691,Eric Collins,david61@gmail.com,447-315-5169,2020-10-16,34,Female,Lake Cynthia
4692,Allen Hall,jgonzalez@gmail.com,886-800-5923,2023-08-30,58,Other,Johnview
4693,Makayla Schwartz,brett66@gmail.com,310-237-9162,2021-12-29,19,Other,Shafferton
4694,Cheryl Garcia,angie41@gmail.com,546-503-2882,2023-02-11,27,Other,West Jessicaport
4695,Matthew Bell,loganjeffrey@gmail.com,703-722-7642,2022-10-27,52,Female,Lake Andrea
4696,Jason Stein,angela96@gmail.com,200-920-9277,2024-05-24,58,Male,North Sheilaborough
4698,Derek Thornton,kimberlygutierrez@gmail.com,467-584-2363,2023-06-03,33,Other,Nortonfurt
4699,Katrina Oneill,brian18@gmail.com,974-250-1443,2022-11-11,40,Male,Port Stephanie
4700,Jason Figueroa,reeveskaren@gmail.com,666-581-9192,2024-02-28,26,Other,Port Amanda
4701,Traci Larson,wdawson@gmail.com,314-592-3329,2020-11-27,53,Other,North Andreastad
4702,Kenneth Carrillo,derrick47@gmail.com,620-440-0819,2022-09-11,27,Female,Caseyfurt
4703,Curtis Ryan Jr.,jasongreen@gmail.com,926-378-5917,2024-01-16,53,Male,South Justinbury
4704,Jennifer Page,hchambers@gmail.com,387-485-9671,2020-04-10,39,Other,Murphyborough
4705,Allen Martinez,zweber@gmail.com,589-631-5850,2024-03-27,34,Male,Josemouth
4706,Brittany Frey,nicholasgriffith@gmail.com,644-556-8538,2020-04-01,58,Male,Erinberg
4707,Jeff Pena,richmondkari@gmail.com,969-333-8150,2022-09-17,53,Male,Sanfordfort
4708,Michelle Proctor,tracyburgess@gmail.com,873-317-2989,2023-04-28,25,Male,Robertsborough
4709,Olivia Gray,kingmatthew@gmail.com,802-770-2983,2021-02-09,24,Female,Port Angela
4710,Jill Gilbert,jenniferolsen@gmail.com,852-404-2680,2023-08-30,45,Female,New Julie
4711,Timothy Watson,cheryl66@gmail.com,505-688-0340,2023-08-28,62,Female,Lake Kimberly
4712,Jane Hall,mwright@gmail.com,386-267-5230,2020-08-29,18,Female,Michaelland
4713,Jason Mitchell,cburch@gmail.com,504-574-2590,2021-11-21,57,Male,Rogerschester
4714,Robert Barrett,kristengraves@gmail.com,250-590-4282,2021-06-25,28,Male,Sandrashire
4715,Tommy Harris,stevemcdaniel@gmail.com,549-568-3512,2022-01-18,41,Female,East Dennisborough
4716,David Becker,ayalamichelle@gmail.com,780-213-9866,2021-06-21,51,Male,Deborahfurt
4717,Maria Lyons,westruth@gmail.com,544-637-7214,2024-04-16,59,Other,East Tammyshire
4718,David Brown,aaron97@gmail.com,556-956-9425,2023-07-08,33,Male,Smithside
4719,Randall Fleming,john74@gmail.com,988-999-9328,2024-07-27,30,Male,Smithmouth
4720,Christina Reynolds,opark@gmail.com,915-935-3952,2023-04-20,29,Female,East Mitchellfort
4721,Brian Simmons,ebrown@gmail.com,849-401-4295,2022-06-04,31,Male,Changbury
4722,James Riley,phillipsstephanie@gmail.com,268-570-0800,2023-04-13,35,Male,South Katherinefort
4723,Jennifer Brown,frankgallagher@gmail.com,605-914-3863,2023-01-20,24,Other,Marymouth
4724,Kyle Meadows,fallen@gmail.com,532-712-9072,2023-04-05,21,Female,Huntershire
4725,Ann Allen,morgan05@gmail.com,332-342-0273,2020-06-14,46,Female,South Casey
4726,Jason Watson,bradjames@gmail.com,731-677-0522,2022-05-30,38,Male,Kevinshire
4727,Sheila Richards,cheyennewiggins@gmail.com,249-944-5332,2023-04-24,53,Female,East Craigbury
4728,Courtney Lucas,mikayla08@gmail.com,969-614-1477,2021-06-20,42,Other,Jefferyville
4729,Joseph Rivers,poncejeremy@gmail.com,738-652-0727,2022-10-12,29,Female,Savannahton
4731,Terry Lopez,jonathan59@gmail.com,321-717-2728,2020-05-24,52,Other,East Terri
4732,Michael Price,samuel27@gmail.com,636-822-6012,2023-10-19,53,Other,Jamesbury
4733,Ricky Huff,lorinorris@gmail.com,988-540-8308,2022-02-18,33,Female,South Yesenia
4734,John Powell,danielle59@gmail.com,314-383-7696,2021-02-01,28,Male,West Justinshire
4735,Edward Hughes,kathywilliams@gmail.com,796-346-1142,2022-07-20,19,Female,Austinberg
4736,Corey Lucas,nbrown@gmail.com,383-365-2519,2021-05-07,56,Male,South Jenniferfort
4737,Tyler Solis,elizabeth87@gmail.com,383-362-9984,2023-01-09,59,Female,New Elizabethborough
4738,Melanie Weber,velezdenise@gmail.com,585-381-7741,2021-08-20,25,Male,Larsonberg
4739,Erica Brown,orozcocharles@gmail.com,988-903-9114,2022-06-23,54,Female,Carolineborough
4740,Kathleen Simon,mark90@gmail.com,598-401-5290,2021-09-16,32,Female,Port Tammy
4741,Brandon Shannon,susan25@gmail.com,323-798-4692,2023-08-22,32,Other,Karenland
4742,Diane Reynolds,xstephens@gmail.com,560-532-6087,2021-01-20,26,Other,Port Diana
4743,Ashley Long,kendrasmith@gmail.com,353-903-3536,2023-11-20,33,Female,North Allison
4744,Raven Sullivan,pamelamartinez@gmail.com,618-549-0954,2020-01-20,25,Other,Aliciachester
4745,Melissa Wilkins,timothybeltran@gmail.com,737-236-1957,2021-12-11,21,Male,Millsside
4746,Kelly Cox,ryan75@gmail.com,983-743-0071,2022-05-07,31,Female,East Austin
4747,Anthony Jackson,davisjill@gmail.com,518-276-8120,2023-12-20,43,Male,Estradafurt
4748,Edward Wallace,alisonstokes@gmail.com,938-410-1700,2024-04-06,45,Other,New Davidtown
4749,Ashley Vaughn,lori23@gmail.com,993-259-8904,2023-09-04,46,Male,West Jackshire
4750,Erica Hendrix,zdean@gmail.com,225-357-8982,2023-09-19,58,Other,West Jilltown
4751,Wanda Cardenas,cynthiawilliams@gmail.com,507-427-8952,2020-06-25,41,Female,Marcusfurt
4752,Nancy Carter,cynthiacrawford@gmail.com,261-477-3149,2021-05-12,22,Female,Port Stevenfort
4753,Victoria Bell,uvance@gmail.com,612-968-9965,2020-05-15,52,Other,New Paula
4754,James Smith,rodriguezlaura@gmail.com,391-210-7769,2024-02-14,65,Other,Marvinborough
4755,Johnny Howell,brendanguyen@gmail.com,229-771-3916,2021-03-30,52,Female,East Amandatown
4756,Daniel Flores,murraykathryn@gmail.com,533-258-4679,2024-08-16,24,Other,Port Mark
4757,Shane Fox,tmartin@gmail.com,336-342-1225,2024-06-25,50,Male,Hensonborough
4758,Christine Hoffman,ytorres@gmail.com,790-459-8931,2020-08-15,28,Male,West Billside
4759,Adam Rogers,zlopez@gmail.com,809-546-1124,2022-08-11,20,Other,East Meganbury
4760,Brittany Johnson,crystal44@gmail.com,810-894-1094,2021-03-13,19,Female,Sharonbury
4761,Jenny Meadows,sgraham@gmail.com,600-680-3288,2021-01-23,48,Male,Bakerville
4762,Jesus Stephens,jesseharrell@gmail.com,849-569-7496,2022-01-22,58,Male,Lake Kelly
4763,Carolyn Smith,zcastro@gmail.com,759-783-5403,2022-11-23,42,Male,Rebeccaland
4764,Victor Glover,veronicadennis@gmail.com,511-489-8748,2021-09-14,36,Male,East Kathleen
4765,Shawn Mckay,joshua67@gmail.com,464-979-0986,2023-02-28,62,Male,Bergstad
4766,Mary Booker,ojensen@gmail.com,480-518-2766,2021-06-12,31,Male,Jamiestad
4767,Karen Skinner,mark62@gmail.com,392-392-7409,2022-09-25,23,Male,Kylehaven
4768,Ms. Amber Carter,ygillespie@gmail.com,824-815-3544,2020-12-25,33,Male,Lake Jasmine
4769,Jonathan Vasquez,ebrowning@gmail.com,560-950-0959,2021-08-27,49,Female,Nicholsberg
4770,Samantha Moyer,yclark@gmail.com,712-970-8896,2022-11-04,22,Other,East Joshuafurt
4771,Jacob Griffith,rroberts@gmail.com,620-275-7870,2022-12-09,62,Female,Gonzalezville
4772,Lisa Sullivan MD,donaldgreen@gmail.com,940-526-0749,2024-06-13,45,Male,South Andrew
4773,Kimberly Carpenter,heather38@gmail.com,315-726-1379,2020-12-27,43,Male,New Jasmineville
4774,Aaron Spencer,kathleen52@gmail.com,729-510-0400,2022-11-16,48,Other,East Joel
4775,Maria Henderson,kelli67@gmail.com,423-772-1128,2022-07-07,35,Other,Port David
4776,Melissa Cortez,lyoder@gmail.com,849-216-1014,2022-01-17,61,Other,North Pamela
4777,Gregory Russell,michaelsmith@gmail.com,942-897-2258,2023-02-11,35,Male,Lake Georgeshire
4778,Sandra Harrington,brandifloyd@gmail.com,882-653-9237,2021-02-03,47,Female,Leslieview
4779,Christopher Jackson,tmarshall@gmail.com,274-617-9067,2021-04-03,57,Female,Fryview
4780,Debbie Weber,flynnjacqueline@gmail.com,663-380-3685,2022-09-11,52,Male,Laurenborough
4781,Jason Freeman,baileywells@gmail.com,791-342-0652,2021-06-13,27,Male,Michaelfurt
4782,Robert Jones,natalie14@gmail.com,312-375-9499,2024-04-24,28,Other,East Brandonchester
4783,Alison Cameron,mroman@gmail.com,310-699-0120,2024-01-10,52,Male,Joshuaburgh
4784,Jesse Fields,rodriguezdavid@gmail.com,424-689-4098,2021-06-17,39,Male,West Johnfort
4785,Michael Cohen,garrettsoto@gmail.com,514-400-4970,2020-11-05,21,Other,East Rebeccastad
4786,Amanda Brown,davidthomas@gmail.com,834-641-6209,2022-07-28,18,Male,New Chadton
4787,Dawn Robinson,xbaker@gmail.com,751-726-8571,2020-12-20,44,Other,East Lisaland
4788,Ashley Curtis,boydwilliam@gmail.com,832-301-1232,2022-04-24,39,Other,Jessicafurt
4789,Elizabeth Rodriguez,dennis01@gmail.com,573-767-3410,2022-04-21,64,Other,Mariaton
4790,Brenda Marshall,jon97@gmail.com,764-700-7341,2020-06-01,19,Other,New Allison
4791,Andrea Smith,christophersmith@gmail.com,384-641-1639,2023-12-20,54,Other,Jasonside
4792,Joshua Hoffman,christopher45@gmail.com,406-869-4465,2021-07-12,34,Other,Port William
4793,Luis Williams,gabriela81@gmail.com,914-439-2068,2020-12-21,56,Male,Lake Angelahaven
4794,Paul Martinez,andrewflores@gmail.com,316-633-7935,2022-02-25,25,Female,East Taylorchester
4795,Kimberly Wilson,brichardson@gmail.com,536-432-7074,2020-10-20,58,Male,New Marioborough
4796,Terry Hunter,kennedyrobert@gmail.com,425-799-2977,2024-01-03,60,Other,Lake Leah
4797,Alexis Humphrey,sarah00@gmail.com,764-425-5273,2022-06-16,61,Other,New Jillfurt
4798,Karen Valdez,michael99@gmail.com,428-650-5605,2023-12-22,62,Other,Marcuston
4799,Danielle Richards,erin30@gmail.com,471-922-7531,2022-09-12,54,Other,South David
4800,Desiree Brown,nparker@gmail.com,239-229-5306,2022-02-11,59,Male,Willismouth
4801,Nicholas Hill,smcpherson@gmail.com,733-306-9485,2024-03-13,51,Other,Lake Crystalville
4802,Mary Boyle,donna28@gmail.com,851-362-0049,2020-05-12,45,Male,Beverlytown
4803,Whitney James,martinezrebecca@gmail.com,855-954-3421,2020-07-23,31,Female,West Jeremyland
4804,Anna Hall,jonesmelissa@gmail.com,924-253-7832,2023-12-10,61,Other,Lake Alejandro
4806,Joy Chavez,lorettacoleman@gmail.com,208-665-4402,2021-04-05,25,Female,Johnville
4807,Denise Miller,lesterchristopher@gmail.com,489-797-3816,2020-06-26,29,Other,Coxhaven
4808,Danielle Riley,kelly96@gmail.com,278-382-2935,2023-05-04,38,Male,Lake Angelaborough
4809,Mrs. Kimberly Smith,perrytaylor@gmail.com,217-999-8655,2020-02-14,33,Male,Cynthiaton
4810,Alisha Ingram,davidharrison@gmail.com,283-219-6533,2021-03-11,49,Female,Edwardshaven
4811,Christina Murphy,parkerashley@gmail.com,831-318-8951,2021-11-24,38,Other,Thompsonton
4812,Jimmy Evans,james00@gmail.com,276-640-4484,2020-08-20,21,Other,Youngberg
4813,Robert Mercado,jsmith@gmail.com,691-790-7468,2020-09-29,35,Other,Port Jillianville
4814,Elizabeth Lopez,michaelholland@gmail.com,283-501-3223,2022-12-28,37,Other,North Daniellestad
4815,Mrs. Brittany Weaver,kelleyroger@gmail.com,416-318-3910,2022-08-19,50,Other,South Kevinport
4816,Barry Morgan,alison55@gmail.com,748-691-7677,2020-12-17,62,Other,North Todd
4817,Deanna Cooper,olopez@gmail.com,927-442-0531,2022-04-18,59,Other,East Erica
4818,Kara Bowman,andrewskatherine@gmail.com,477-730-4574,2023-12-25,54,Male,Thompsonstad
4819,Ricardo Huff,harry01@gmail.com,652-284-7616,2024-03-20,56,Female,Mooreborough
4820,Mary Taylor,andersondaniel@gmail.com,238-529-1819,2024-02-15,58,Other,South Jamiestad
4821,Emily Burton,boonekaren@gmail.com,526-455-6319,2024-02-18,43,Other,Louisview
4822,Jennifer Frank,danacamacho@gmail.com,627-779-0650,2020-10-28,24,Female,New Marilyn
4823,David Hughes,reeddaniel@gmail.com,913-673-7583,2022-09-08,53,Male,Nicholasfurt
4824,Andrew Rodriguez,tara80@gmail.com,886-324-5959,2023-10-10,45,Female,West Anthonychester
4825,Elizabeth Perez,michellegonzalez@gmail.com,672-859-4544,2020-07-31,42,Female,Kristifurt
4826,Jordan Myers,bsosa@gmail.com,930-397-8749,2021-07-20,54,Female,Rickyburgh
4827,Stephanie Heath,mmay@gmail.com,752-405-4164,2024-06-25,33,Female,South Kristinaville
4828,William Carter,katherine91@gmail.com,838-476-2612,2021-01-09,25,Female,New Bryan
4829,Rachel Rodriguez,edwardgarcia@gmail.com,542-395-5235,2020-01-09,53,Male,North Dawnmouth
4830,Timothy Adams,monroeashley@gmail.com,758-918-5750,2021-02-03,61,Other,Kathleenton
4831,Michelle Reyes,jimmysmith@gmail.com,388-967-7232,2022-09-11,63,Other,Gregorytown
4832,Mary Torres,ujohnson@gmail.com,924-854-1107,2023-08-21,45,Female,Mortonview
4833,Mary Rogers,rosschad@gmail.com,317-581-2664,2021-02-26,33,Other,South Jessica
4834,Riley Rhodes,james38@gmail.com,352-951-5029,2020-04-21,51,Male,Davidville
4835,Theodore Carr,williamssheila@gmail.com,823-266-5993,2022-03-02,36,Male,Lake Scottborough
4836,Tracy Wilson,reesejessica@gmail.com,869-282-6786,2022-04-30,42,Other,Sharonton
4837,Ms. Lisa Hughes,parkerdiana@gmail.com,228-610-3392,2023-05-11,38,Other,Littleport
4838,Elizabeth Johnson,shelby34@gmail.com,722-955-9367,2023-03-06,31,Female,West Jeffreyton
4839,Mrs. Robin Phillips DDS,melissa67@gmail.com,609-375-9733,2021-10-24,25,Female,Cisnerosberg
4840,Felicia Young,sharptristan@gmail.com,811-591-9019,2022-07-31,50,Female,Jesusside
4841,Russell Kline,ethanhoward@gmail.com,298-757-9503,2020-06-15,57,Female,Lake Sharon
4843,Jennifer Jackson,nguyennicole@gmail.com,756-934-6289,2022-06-09,35,Other,Meyerfort
4844,Patrick Austin,daniellogan@gmail.com,510-979-2903,2021-08-08,55,Other,New Joshua
4845,Steven Burton,mjohnson@gmail.com,329-385-1331,2024-08-21,34,Female,Bartonhaven
4846,Daryl Barr,krichardson@gmail.com,579-933-0149,2020-09-21,25,Other,Davidmouth
4847,Brenda Zavala,ericaharris@gmail.com,506-875-6104,2022-07-31,37,Male,Port Jordan
4848,Teresa Wilson,colekimberly@gmail.com,634-921-8113,2020-06-02,65,Female,New Cesar
4849,Christian Vazquez,hbonilla@gmail.com,469-892-9533,2022-07-07,34,Other,Troytown
4850,Antonio Colon,cbates@gmail.com,624-918-0055,2022-12-28,35,Male,North Luis
4851,Donald Mckinney,khartman@gmail.com,686-806-3547,2024-07-05,24,Other,Gloverberg
4852,Wayne Wilson,greenelizabeth@gmail.com,414-812-8360,2024-06-19,52,Other,Andrewtown
4853,Shannon Simpson,wleonard@gmail.com,234-318-0565,2024-06-13,21,Male,Jeremyberg
4854,Jeremy Riley,mthomas@gmail.com,625-826-2285,2021-04-05,42,Male,Port Lisa
4855,Isaac Williams,tbeck@gmail.com,461-732-0488,2021-09-09,52,Female,Jacobberg
4856,Tamara Weber,paige85@gmail.com,894-621-3988,2022-11-10,32,Male,South Jon
4857,Kathleen Mays,twilliams@gmail.com,677-566-6742,2020-06-02,43,Other,Lunaview
4858,Sarah Warren,yanderson@gmail.com,234-556-5101,2021-02-13,39,Female,North Mark
4859,Carolyn Thomas,thenderson@gmail.com,581-322-0723,2020-11-20,57,Female,Christopherton
4860,Alejandro Young,watkinscarlos@gmail.com,644-854-8470,2023-01-08,22,Other,Larafurt
4862,William Martin,dustin61@gmail.com,720-219-6412,2021-08-26,63,Other,Tanyachester
4863,Phillip Maldonado,coleamanda@gmail.com,818-246-4778,2024-05-29,64,Female,Rachelmouth
4864,Andrew Jones,shawadam@gmail.com,200-345-2072,2024-01-18,32,Other,South Davidmouth
4865,Kevin Osborne,francodavid@gmail.com,374-500-8523,2024-07-22,35,Other,Steventon
4866,Bonnie Wiggins,debrajohnson@gmail.com,609-259-6133,2020-11-24,62,Male,Theresafurt
4867,Julie Robles,wallen@gmail.com,200-443-2576,2024-03-14,46,Female,Moorechester
4868,Dr. Joseph Holland,oknight@gmail.com,554-375-0131,2024-04-15,49,Female,East Eric
4869,Makayla Collins,juliahoward@gmail.com,254-707-6725,2024-06-11,62,Male,Toddborough
4870,Mitchell Porter,nicholas33@gmail.com,727-539-9507,2021-10-09,46,Other,North Brandonshire
4871,Alexis Morgan,riosamy@gmail.com,347-363-4290,2020-03-20,60,Male,New Jamesfort
4872,Anthony Fischer,brandon92@gmail.com,776-662-6582,2020-03-26,44,Other,Mooreland
4873,Roger Allen,camposrandall@gmail.com,944-934-4848,2020-08-28,31,Female,Huntermouth
4875,Melissa Perez,abarr@gmail.com,673-481-3674,2022-08-25,35,Male,Hayesbury
4876,Julie Smith,taylorcurtis@gmail.com,764-345-0029,2023-03-21,65,Male,East Ethanfort
4877,Christopher Russell,lealejandra@gmail.com,246-501-3228,2024-04-12,38,Female,Anaburgh
4878,Joseph Goodman,fyates@gmail.com,252-510-7117,2020-11-17,41,Male,Mistyshire
4879,Tanya Nguyen,roweryan@gmail.com,347-790-0367,2024-08-27,52,Male,Christopherhaven
4880,Miranda Maxwell,ystephens@gmail.com,794-536-8002,2020-10-01,38,Other,South Sarah
4881,Gloria Cook,nancyjackson@gmail.com,609-246-9241,2024-01-11,43,Male,North Mark
4882,Alyssa Jackson,clarencedonaldson@gmail.com,956-859-4086,2021-10-28,32,Female,Robinsonside
4883,Michael Ramsey,amystewart@gmail.com,551-646-0036,2022-05-16,30,Other,Bobbyfurt
4884,Jessica Blackwell,christopherhawkins@gmail.com,342-612-4903,2020-12-14,42,Other,West Catherine
4885,Mr. Kevin Davis,nbarr@gmail.com,285-316-9879,2023-04-15,57,Female,South Derekmouth
4886,Robert Marshall,joshua29@gmail.com,670-506-6858,2024-08-24,56,Male,Kimtown
4887,Brandon Diaz,michael64@gmail.com,307-551-7393,2020-01-23,47,Male,Melissafort
4888,Kathryn Martin,miguel06@gmail.com,501-665-4873,2022-12-10,41,Other,Blankenshipchester
4889,Christopher Pitts,mariahacosta@gmail.com,730-833-9880,2021-05-12,62,Male,New Brooke
4890,Raymond Williams,lisawilliams@gmail.com,750-738-4761,2023-12-13,40,Other,Amandaberg
4891,Cody Brooks,john56@gmail.com,715-670-1859,2023-06-04,65,Other,North Kelly
4892,Katie Russell,santiagodavid@gmail.com,274-682-7157,2023-06-24,38,Male,Amandaton
4893,Ricky Phillips,davidsonarthur@gmail.com,885-664-5565,2022-08-02,24,Female,Jonborough
4894,Lori Snyder,probinson@gmail.com,550-420-0095,2023-03-19,31,Female,Rachelmouth
4895,Jordan Koch,crawfordalan@gmail.com,336-647-2446,2023-12-03,26,Female,Lewishaven
4896,Gloria Allison,hernandezlynn@gmail.com,944-751-3149,2020-11-03,27,Other,Fullerchester
4897,Brenda Thompson,rebeccalynn@gmail.com,961-895-7012,2020-09-30,40,Male,Kevintown
4898,Dr. Jordan Randolph,yvonne31@gmail.com,374-361-1478,2024-05-21,40,Female,West Christopher
4899,Kenneth Hernandez,catherinelester@gmail.com,249-944-3307,2021-08-10,24,Male,South Ronaldbury
4900,Amy Waters,bevans@gmail.com,297-480-3809,2021-02-16,42,Other,Courtneyfurt
4901,Olivia Craig,bballard@gmail.com,498-502-9750,2022-05-02,23,Other,Ruizview
4902,Jeremy Davis MD,bbrown@gmail.com,314-511-5754,2022-06-22,19,Female,North Coreymouth
4903,Stacey Fields,upowell@gmail.com,547-914-7896,2023-01-23,56,Other,Walkerberg
4904,Russell Cline,matthew93@gmail.com,350-865-7097,2020-08-16,21,Other,Tiffanyview
4905,Rachel Rich,irogers@gmail.com,759-864-3181,2023-07-17,34,Male,South Robert
4906,Donald Greene,olivia98@gmail.com,482-626-6655,2023-04-05,55,Other,Gregoryland
4907,Laura Miller MD,hunterrichards@gmail.com,574-940-3369,2021-07-03,25,Other,Webbmouth
4908,Jessica Bowen,johnsonantonio@gmail.com,416-250-5791,2021-01-04,44,Male,Port Cory
4909,Craig Gould,diamondlang@gmail.com,826-910-1008,2022-08-13,54,Female,New Sarah
4910,Matthew Strickland,lance39@gmail.com,237-213-3043,2022-11-11,39,Female,Port Lancebury
4911,Jennifer Wright,harrisonrobert@gmail.com,412-536-8048,2021-02-27,60,Male,East Robert
4912,Brian York,cruzeric@gmail.com,737-371-3230,2022-04-28,55,Female,Bensonton
4913,Haley Wood,richard99@gmail.com,281-769-6526,2020-10-14,45,Male,Harryland
4914,Cassandra Allen,antoniorich@gmail.com,697-569-6440,2023-10-24,38,Male,Fernandezshire
4915,Victor Sandoval,christopherliu@gmail.com,307-233-2744,2022-05-05,20,Female,New Josephside
4916,Craig Hall,jenkinsamanda@gmail.com,734-927-0179,2024-09-11,25,Other,Bradshawhaven
4917,Ronald Miller,andreawright@gmail.com,818-828-7255,2021-04-11,59,Male,North Allisonton
4918,Kristin Murphy,richard34@gmail.com,446-702-7542,2021-05-03,19,Female,Moodyburgh
4919,Tiffany Watson,smiller@gmail.com,252-763-7901,2020-04-30,20,Other,Brianfurt
4920,Deborah Parker,robinfranklin@gmail.com,936-680-4993,2023-05-09,39,Male,Hufffurt
4921,Danielle Savage,jacksonjill@gmail.com,900-662-3535,2023-06-23,32,Female,Hollyfurt
4922,Traci Lamb,nwalton@gmail.com,810-453-6950,2023-08-19,19,Female,East Henry
4923,Joseph Bishop,joshua95@gmail.com,586-703-9360,2020-03-13,62,Other,Codyburgh
4924,Laura Dawson,alyssagoodwin@gmail.com,452-597-9655,2020-08-17,20,Other,Kingport
4925,Shannon Melton,fordmarvin@gmail.com,508-606-4734,2022-12-31,50,Female,East Rachel
4926,Nancy Fowler,crawfordmelanie@gmail.com,688-779-7577,2020-07-16,25,Male,Charlesview
4927,Ryan Marshall,farmerryan@gmail.com,341-537-5057,2023-07-11,44,Male,Anitafurt
4928,Zachary White,rebeccazimmerman@gmail.com,771-925-6978,2022-07-08,49,Other,Beckburgh
4929,Kathryn Miller,boydlisa@gmail.com,944-977-7674,2020-08-05,43,Female,North Michael
4930,Kelly Garcia,jamesdonna@gmail.com,665-409-3575,2023-01-06,20,Female,Georgeshire
4931,Joseph Stewart,mariarichards@gmail.com,958-924-9255,2024-01-13,48,Other,Port John
4932,Christopher Hernandez,rjones@gmail.com,826-577-3840,2021-12-02,25,Other,Briantown
4933,Aaron Miller,teresahuynh@gmail.com,683-441-9167,2020-12-19,34,Other,West Kathrynview
4934,Kyle Shea,davidnelson@gmail.com,287-931-1070,2022-08-23,21,Other,Port Danielle
4935,Stephen Gomez,zachary25@gmail.com,363-884-2094,2023-10-31,52,Other,Figueroaton
4936,Thomas Griffin,aburns@gmail.com,394-912-0266,2021-08-13,36,Other,New Wendyshire
4937,Ryan Wolfe,shaffermichael@gmail.com,674-399-6951,2020-11-22,53,Other,Ashleyville
4938,Michael Adkins,aanderson@gmail.com,348-212-2446,2020-12-15,42,Female,Andersonfort
4939,Elizabeth Williams,kathrynoconnor@gmail.com,323-409-4117,2024-07-02,54,Male,Myersshire
4940,Nicholas Manning,ugraham@gmail.com,558-238-1645,2022-04-23,41,Other,Wilkinsonview
4941,Dawn Webster,thomas97@gmail.com,548-589-7810,2020-11-14,49,Other,Lisamouth
4942,Anita Lester,johntaylor@gmail.com,733-334-4865,2021-02-28,29,Male,North Justin
4943,Pamela Castro,patrickmills@gmail.com,644-306-4368,2020-04-25,57,Other,Hoganstad
4944,Tina Trujillo,reynoldsjessica@gmail.com,806-848-3226,2024-05-02,35,Female,Paulview
4945,Karen Bowen,wallerashley@gmail.com,592-945-0793,2021-11-06,42,Male,West Richard
4946,Randy Thomas,melissaramos@gmail.com,735-339-8393,2023-12-20,55,Other,West Joann
4947,Ebony Hodges,kathleensmith@gmail.com,454-609-3189,2022-09-17,22,Other,Andersonshire
4949,Kevin Poole,xjackson@gmail.com,898-778-8627,2023-01-09,37,Other,Waltonshire
4950,Derrick Morrison,jared13@gmail.com,467-995-8561,2024-06-17,21,Other,Brooksport
4951,Steven Daniel,matthewssylvia@gmail.com,923-806-7807,2020-06-22,53,Other,North Thomasstad
4952,William Knox,maria54@gmail.com,744-402-1303,2021-03-09,35,Female,Port Jonathanton
4953,Kimberly Stewart,dicksonjeffrey@gmail.com,982-855-5968,2023-09-21,64,Other,Charlesfort
4954,Kendra Adams,vrivas@gmail.com,600-703-0441,2021-10-19,34,Other,Mitchellton
4955,Edward Martinez,uesparza@gmail.com,603-334-9683,2022-05-01,22,Female,West Normaport
4956,Craig Peterson,canderson@gmail.com,221-661-6355,2022-11-12,59,Female,South Rebecca
4957,Michael Hatfield,thomas41@gmail.com,845-990-8416,2021-05-27,62,Female,South Roseview
4958,Jeremy Murray,kelly10@gmail.com,276-811-9049,2024-05-15,31,Other,Davidton
4959,Ralph Smith,stoutmark@gmail.com,-10-809-,2020-08-04,22,Male,Rossmouth
4960,James Weber,sdavidson@gmail.com,270-358-7398,2024-03-05,22,Other,Roachview
4961,Kimberly Gilbert,anthony67@gmail.com,201-574-1407,2022-12-22,36,Female,Yvettebury
4962,Raven Howell,montgomerycarl@gmail.com,509-398-4395,2021-11-30,49,Other,South Patricia
4963,Natalie Moore,jesselowe@gmail.com,310-291-9457,2020-01-28,41,Female,South Bill
4964,Sarah Thompson,rosalesjohn@gmail.com,529-660-2783,2021-08-23,21,Male,Amyville
4965,Susan Douglas,dixontara@gmail.com,882-257-1500,2021-10-26,19,Other,Hallburgh
4966,Robert Pham,joshuamorrison@gmail.com,530-843-4499,2024-01-04,44,Female,New Nicholasstad
4967,Meghan Powell,nelsonkelly@gmail.com,551-358-4854,2023-09-17,55,Female,South Kendrastad
4968,Matthew Woodward,joshuaatkinson@gmail.com,678-932-8804,2020-10-10,18,Other,Port Brendaborough
4969,Melissa Webb,zgibson@gmail.com,243-212-5503,2020-08-07,43,Other,Port Meghan
4970,Nathan Hamilton,wendy22@gmail.com,845-474-7834,2024-01-17,27,Female,Wilsonstad
4971,Nicole Ramos,howardjamie@gmail.com,252-965-8284,2022-05-12,25,Other,Trevinostad
4972,Daniel Thomas,patrickramirez@gmail.com,475-845-1760,2023-06-07,55,Male,Port Jacquelineborough
4973,Mary Patel,clementsamy@gmail.com,335-554-0079,2022-06-24,52,Other,Pagefurt
4974,Lisa Proctor,amy53@gmail.com,405-954-4683,2020-04-07,53,Female,North Melissa
4975,Phillip Bennett,wallacecarolyn@gmail.com,624-915-6793,2022-07-12,54,Other,West Sandra
4976,Lisa Obrien,vpeters@gmail.com,588-599-7222,2024-04-23,26,Male,New Christianfurt
4977,Jacob Robbins,brian87@gmail.com,773-730-6562,2022-10-15,30,Female,Davisburgh
4978,Destiny Wagner,dawnbaker@gmail.com,862-708-6776,2021-10-14,51,Male,Armstrongfurt
4979,Kelly Walker,vrichard@gmail.com,232-336-8200,2021-08-25,65,Male,East Johnville
4980,Elizabeth Johnson,veronica62@gmail.com,970-484-2593,2023-02-17,19,Male,South Jessica
4981,Ryan Miller,flane@gmail.com,523-721-3487,2020-09-28,43,Male,South Kimberlyfort
4982,Richard Johnson,nfuentes@gmail.com,610-868-4196,2024-08-02,21,Male,East Michaelahaven
4983,Amanda Cherry,marcus87@gmail.com,617-994-7252,2023-03-07,40,Other,Richardberg
4984,Deborah Stephens,calvin37@gmail.com,776-327-2976,2024-03-02,19,Male,Frankburgh
4985,Raymond Blake,vhurley@gmail.com,510-810-9777,2021-10-12,25,Male,South Katherineland
4987,Christopher Bean,thomas33@gmail.com,434-827-2624,2022-02-24,41,Other,East Mike
4988,Bethany Rich,david33@gmail.com,813-763-2710,2021-04-21,34,Other,Maryfort
4989,Javier Sanchez,claymonica@gmail.com,567-684-2848,2023-02-12,41,Other,Clarkport
4990,Angela Horton,jacquelineowen@gmail.com,998-779-9176,2020-02-21,56,Female,South Eric
4991,Brooke Gray,michael50@gmail.com,761-670-3507,2021-08-20,19,Other,West Tyronefurt
4992,Michelle Thompson,huntersingleton@gmail.com,291-552-8538,2022-08-31,56,Female,Matastad
4993,Sheila Cox,johnwheeler@gmail.com,348-687-3510,2022-11-15,29,Female,Port Patrickport
4994,Alexis Smith,haleyjones@gmail.com,401-374-2392,2021-02-04,49,Female,Toddstad
4995,Brittany Cherry,randallcourtney@gmail.com,-10-386-,2020-02-11,63,Female,West Julie
4996,Sylvia Long,blackanna@gmail.com,971-553-0799,2020-09-23,59,Female,Skinnerside
4997,Christopher Stewart,morrisbilly@gmail.com,946-225-4768,2024-09-24,63,Other,Stephensburgh
4998,William Cox,danieldavis@gmail.com,401-896-9273,2023-02-22,55,Female,North Sara
4999,Mrs. Allison Moore,youngbryan@gmail.com,445-292-2288,2023-12-20,35,Other,West Richard
5000,Gabriel Patterson,carolking@gmail.com,328-984-5294,2021-09-25,36,Other,West Reginaldhaven
5001,Sean Greer,martincindy@gmail.com,653-727-4312,2024-08-28,61,Female,Barkerberg
5002,Tom Boyd,jennifer37@gmail.com,894-864-4224,2020-03-24,40,Male,Lake Glennstad
5003,Timothy Watts,amanda15@gmail.com,663-638-8399,2023-11-28,43,Male,Lake Josephfort
5004,Jean Francis,jenniferstark@gmail.com,517-211-9798,2020-11-03,57,Male,Amberville
5005,Christina Boyd,michaelhanson@gmail.com,877-296-3078,2022-12-15,26,Male,Allenchester
5006,Tanya Wells,lucasallen@gmail.com,664-892-8438,2024-05-21,51,Other,South Matthewport
5007,Brett Mendoza,marmstrong@gmail.com,696-893-6026,2022-12-13,48,Female,Kaneborough
5008,Heather Fowler,kyoung@gmail.com,569-991-8169,2021-04-29,28,Female,Craigmouth
5009,Roy Hernandez,mbennett@gmail.com,752-683-4792,2022-11-21,30,Other,Anthonyhaven
5010,Daniel Williamson,brian90@gmail.com,342-354-8093,2023-08-30,62,Other,Baileymouth
5011,Alfred Howard,michaeldrake@gmail.com,402-409-9642,2023-02-20,58,Other,Jeremyfurt
5012,Gerald Carr,nataliecampbell@gmail.com,648-342-9114,2024-03-02,43,Female,Lake Amanda
5013,Christopher Wise,stantonmonica@gmail.com,338-298-9577,2022-10-11,52,Male,Robinsonberg
5015,Candice Pratt,gmanning@gmail.com,559-868-5169,2022-01-22,40,Male,Timothyborough
5016,Kimberly Shaw,reidalexis@gmail.com,216-662-8203,2020-05-26,28,Other,Zavalaport
5017,Allison Rosales,davidsongregory@gmail.com,546-697-0070,2021-10-18,59,Male,Port Amy
5018,Daniel Colon,william47@gmail.com,723-940-0634,2021-09-11,61,Female,Patelfurt
5019,Michael White DDS,joshuadavis@gmail.com,903-491-8620,2022-12-31,47,Other,South Andrefurt
5020,Elizabeth Herrera,brocklisa@gmail.com,573-849-1783,2022-09-02,35,Other,Port Brenda
5021,Teresa Reid,rwoods@gmail.com,682-881-8577,2024-06-19,45,Other,West Veronica
5022,Rebecca Guzman,brandon48@gmail.com,416-511-0988,2024-08-29,56,Female,New Daniel
5023,Christopher Reyes,uchandler@gmail.com,246-446-7288,2021-02-04,33,Female,Brianland
5024,Sabrina Murray,timothy76@gmail.com,463-905-2661,2021-10-17,43,Male,Christinaside
5025,Ralph Johnson,egarcia@gmail.com,812-510-4070,2023-08-03,35,Other,Port Kendra
5026,Samantha Schneider,garciamatthew@gmail.com,889-287-7040,2022-03-28,55,Other,West David
5027,Andrew Sutton,amberlong@gmail.com,419-472-1711,2022-12-17,60,Female,Troyside
5028,Jamie Rodriguez,melissa37@gmail.com,883-394-8029,2022-12-04,20,Other,West Mary
5029,Sarah Ferguson,matthew27@gmail.com,483-429-8197,2020-02-16,56,Male,Stephenton
5030,Angela Parks,michael50@gmail.com,562-209-8086,2024-08-24,18,Male,Moorehaven
5031,Russell Hill,rmoreno@gmail.com,713-762-0185,2023-02-23,50,Other,East Susanfurt
5032,Patricia Singh,oroberts@gmail.com,674-371-6939,2021-02-23,20,Female,Matthewborough
5034,Thomas Juarez,sally62@gmail.com,965-266-7509,2023-04-02,59,Male,Ryanton
5035,Richard Roth MD,colecassandra@gmail.com,931-795-1407,2020-03-12,44,Male,South Derrickhaven
5036,Catherine Thompson,mary53@gmail.com,802-646-9782,2021-03-14,60,Other,Castroberg
5037,Mrs. Amanda Lester,jeffreymartinez@gmail.com,961-390-4029,2021-07-13,61,Other,Gregoryburgh
5038,Luis Ingram DVM,seananderson@gmail.com,317-407-2998,2023-06-13,38,Female,Hickschester
5039,Michael Medina,calvin21@gmail.com,501-535-9352,2022-02-03,42,Other,Jasonfort
5040,Gary Skinner,dennis16@gmail.com,904-823-6736,2021-01-23,21,Other,East Amandatown
5041,Jennifer Anderson,teresa71@gmail.com,444-426-9460,2021-04-28,55,Other,Susanview
5042,William Carter,vaguilar@gmail.com,526-674-4713,2022-10-15,19,Female,Nicholasberg
5043,Kathy Meadows,cgriffin@gmail.com,417-398-4902,2024-08-21,18,Male,North Josephhaven
5044,Aaron Frazier,michaelelliott@gmail.com,777-802-6045,2021-06-23,30,Other,West John
5045,Stephen Johnson,owensstephanie@gmail.com,708-956-8305,2020-12-12,62,Female,Port Christopher
5046,Suzanne Velez,johnsoncrystal@gmail.com,494-303-5832,2022-09-01,31,Other,New Emilyfort
5047,Wendy Garcia,tbrown@gmail.com,475-971-6475,2021-06-01,25,Female,Lake Catherinebury
5048,Gerald Perry,clifford26@gmail.com,208-289-5809,2021-12-03,63,Female,North David
5049,Brian Smith,garymartinez@gmail.com,872-982-7084,2023-03-30,25,Male,South Patrick
5050,Anthony Yoder,vbarrett@gmail.com,753-835-2529,2022-01-01,24,Female,Lake Jacob
5051,Richard Ellis,tina69@gmail.com,825-879-5280,2022-07-18,44,Other,New Roger
5052,Jasmine Olsen,kylemaldonado@gmail.com,429-482-5226,2024-05-11,32,Other,Dixonside
5053,Christopher Curry,hernandezcharles@gmail.com,420-805-7144,2024-08-08,56,Female,New Lisa
5054,Eddie Hunt,quinngina@gmail.com,555-909-6624,2024-01-07,56,Male,Heathermouth
5055,Margaret Miller,fthomas@gmail.com,354-568-6817,2024-04-30,64,Other,Lake Troyberg
5056,Oscar Greene,awright@gmail.com,695-299-4504,2024-01-30,59,Male,New Katherineville
5057,Christopher Fox,robin64@gmail.com,470-699-1229,2023-09-14,48,Other,South Timothy
5058,Harry Arias,michaelmyers@gmail.com,718-539-8825,2021-01-31,55,Male,East Paul
5059,Brian Rodriguez,vorozco@gmail.com,456-813-9121,2023-04-26,29,Other,South Carolynview
5060,Meghan Herrera,bellmichael@gmail.com,206-284-4619,2021-05-21,35,Male,Lake Brian
5061,Lee Santana,lopezedwin@gmail.com,258-398-6542,2023-03-25,65,Other,Emilyshire
5062,Bryan Briggs,ibowen@gmail.com,968-890-3138,2024-05-23,21,Female,West Richard
5063,Jennifer Knight,schroedernathan@gmail.com,864-391-1260,2024-06-19,38,Other,Davidtown
5064,Jennifer Holmes,nealjulia@gmail.com,362-384-5836,2021-11-21,32,Female,Thompsonton
5065,Heidi Mcdonald,halljohn@gmail.com,582-505-3248,2020-11-09,32,Female,North Ana
5067,Michele Allen,sheilawood@gmail.com,716-733-1447,2022-11-15,57,Other,Jonesberg
5068,Debra Anderson,swagner@gmail.com,635-696-2921,2024-02-09,29,Other,Bellton
5069,Richard Downs,vsmith@gmail.com,428-365-9698,2020-09-10,36,Male,Lake Kelly
5070,Sarah Lynch,johnsonstephanie@gmail.com,891-427-1119,2020-04-13,29,Male,Katherinebury
5071,Kevin Hart,christopherbarnes@gmail.com,322-981-6055,2024-06-13,43,Female,South Matthewfurt
5072,Elizabeth Clark,travis15@gmail.com,251-324-2481,2021-05-29,35,Other,Lisaville
5073,Christopher Jensen,amber33@gmail.com,260-652-8738,2023-12-05,56,Other,East Rodney
5074,Cassie Wells,anthonygallagher@gmail.com,572-436-8407,2021-07-05,30,Female,New Brianborough
5075,Monica Hernandez,qhouston@gmail.com,569-425-5250,2023-02-23,41,Female,Karenbury
5076,Regina Noble,alexandria72@gmail.com,333-866-0690,2020-10-08,41,Female,Adrianview
5077,Jeanette Scott,jbutler@gmail.com,526-692-2323,2022-06-02,48,Male,Alexandriaview
5078,Anthony Lyons,rsullivan@gmail.com,899-816-4918,2020-01-19,48,Female,Jamestown
5079,Kimberly Maldonado,brandon07@gmail.com,922-327-8069,2020-02-02,63,Other,Montoyafurt
5080,Heather Quinn,patrickjohnson@gmail.com,749-433-7092,2024-04-11,30,Other,Joelchester
5081,Joshua Williams,tony46@gmail.com,500-569-0236,2024-06-29,24,Female,South Tammie
5082,Sandra Branch,whiteronald@gmail.com,527-422-9884,2024-09-28,37,Other,North Lorichester
5083,Hector Bowen,mluna@gmail.com,664-875-2260,2021-11-16,41,Female,Port Johnborough
5084,Katherine Terry,rwilliams@gmail.com,577-760-4005,2020-04-01,44,Female,North Anna
5085,Thomas Brown,martinezcaitlin@gmail.com,945-575-3372,2024-06-30,50,Male,South Kristinaville
5086,Brenda Bell,jaredpeters@gmail.com,279-549-8762,2024-09-13,33,Female,Lake Scottton
5087,Michelle Keller,nathaniel57@gmail.com,690-821-4626,2022-08-06,60,Other,South Ryanton
5088,Shannon Alvarez,zshaw@gmail.com,732-813-1732,2022-12-04,50,Female,Lake Steventon
5089,Courtney Mata MD,lhanson@gmail.com,296-488-1284,2021-03-22,48,Female,Samuelfurt
5090,Jennifer Powell,lloydthomas@gmail.com,654-651-2551,2023-06-15,48,Other,New Heather
5091,William Golden Jr.,michelle83@gmail.com,595-980-6173,2021-01-13,64,Other,Jackmouth
5092,Jodi White,renee02@gmail.com,540-248-5119,2024-02-08,38,Other,Marcusmouth
5093,Michael Lopez,joseph18@gmail.com,328-745-2029,2020-05-22,61,Male,Port Jefferymouth
5094,Shelia Wright,jason05@gmail.com,201-247-5908,2020-01-05,60,Other,Danielsport
5095,Darren Mckenzie,rgibson@gmail.com,971-728-6777,2023-10-14,24,Female,North Catherine
5096,James Alexander,chrisgreene@gmail.com,624-666-0458,2022-11-15,22,Male,Lake Shanemouth
5097,Wesley Huang,kjohnson@gmail.com,873-831-6022,2023-03-29,38,Female,Prestonland
5098,Nancy Williams,taylormichele@gmail.com,396-884-7621,2023-05-17,38,Male,Williamsmouth
5100,Zachary Rodgers,aaronowens@gmail.com,345-936-1773,2024-05-30,19,Female,Port Markstad
5101,Christopher Taylor,fosterseth@gmail.com,258-525-6948,2020-09-08,44,Female,Estradaville
5102,Daniel Mercer,bryan73@gmail.com,769-383-6603,2024-04-17,65,Male,Ashleyton
5103,George Gordon,xtaylor@gmail.com,520-299-0939,2022-08-06,40,Other,Geraldmouth
5104,Thomas Pineda,christopherjohnston@gmail.com,535-683-2733,2021-01-26,51,Male,Port Damonshire
5105,Ryan Reyes,daniellespencer@gmail.com,483-761-3398,2020-11-11,29,Other,Buchananside
5106,Shane Ryan,nicholas34@gmail.com,842-377-3381,2022-01-02,46,Male,Port Kevin
5107,Benjamin Thompson,justinhamilton@gmail.com,373-722-1097,2024-05-17,47,Female,West Amy
5108,Christina Vasquez,barnesnichole@gmail.com,466-244-6621,2024-06-13,41,Female,Grayton
5109,Taylor Goodman,robertsonchristopher@gmail.com,581-572-4916,2023-08-13,20,Female,Marieburgh
5110,James Delgado,liuashley@gmail.com,537-531-7827,2021-07-13,38,Other,Port Amy
5111,Danielle King,jameshernandez@gmail.com,671-456-2258,2023-01-06,28,Male,North Jamesburgh
5112,Mr. Ricky Lopez,justin28@gmail.com,320-416-4512,2023-06-06,51,Female,Cooperhaven
5113,James Knapp,campbelleric@gmail.com,426-826-3758,2022-02-01,42,Female,West Nancyville
5114,Mark Long,grimespatricia@gmail.com,435-902-6418,2022-11-13,41,Male,Jasonfort
5115,Richard Lewis,francisashley@gmail.com,808-878-6984,2021-03-19,29,Other,Melissamouth
5116,Shaun Kirby,rubiotina@gmail.com,823-588-2232,2023-04-28,25,Female,Sarahberg
5117,Candice Robbins,tara93@gmail.com,533-769-5166,2023-02-15,31,Female,Amberborough
5118,Mark Gould,yhubbard@gmail.com,550-340-5336,2021-06-29,19,Female,South Michaelstad
5119,Natalie Ramos,kyle33@gmail.com,811-557-3369,2024-08-25,44,Male,Christinastad
5120,Christopher White,curtiswhite@gmail.com,490-523-9791,2023-05-29,37,Other,Charlesport
5121,Kathryn James,emilyscott@gmail.com,321-698-5651,2023-09-28,60,Female,Richardchester
5122,Joseph Thomas,abigailjohnson@gmail.com,235-434-7806,2021-05-25,39,Male,New Kathleen
5123,Tamara Ramirez,walkermichael@gmail.com,623-657-0854,2021-12-29,37,Male,East Angelaburgh
5124,Omar Rice,matthewwebb@gmail.com,438-447-4422,2024-09-26,57,Other,Emilyview
5125,Ann Rodriguez,walshjacqueline@gmail.com,419-289-6810,2022-05-27,65,Male,Johnstonfort
5126,Jennifer Garner,kbrown@gmail.com,582-406-3787,2024-03-16,24,Other,North Shelia
5127,William Carter,perrytimothy@gmail.com,989-464-3607,2021-04-24,47,Other,West Isabel
5128,Kathryn Harris,timothy90@gmail.com,418-433-8838,2024-04-09,49,Male,Morgantown
5129,Robert Jackson,deborah75@gmail.com,704-477-4816,2021-05-13,53,Other,South Robinstad
5130,Danielle Marshall,patriciabrown@gmail.com,980-273-2037,2024-07-24,30,Female,Brittanyburgh
5131,Bradley Hogan,joycejillian@gmail.com,948-450-1013,2020-08-06,49,Female,Darrenbury
5132,Shannon Cook,melissahernandez@gmail.com,439-745-8666,2024-02-02,37,Female,Millsberg
5134,Mark Rodriguez,greg67@gmail.com,546-811-4935,2023-01-26,36,Female,New Catherinefurt
5135,Roger Oliver,benjaminscott@gmail.com,939-410-8928,2020-05-12,40,Other,West Sherryberg
5136,Brittany Morgan,btaylor@gmail.com,244-818-5828,2024-09-02,28,Other,Elizabethfort
5138,Blake Roberts,woodstimothy@gmail.com,573-445-9735,2022-09-16,58,Other,Michaelchester
5139,Joel Peterson,steven07@gmail.com,221-693-5148,2023-04-11,29,Male,North Samantha
5140,Justin Williams,lisa36@gmail.com,382-887-6091,2024-05-28,21,Other,Seanview
5141,Ricky Martin,jeanette17@gmail.com,996-701-8453,2020-11-30,25,Male,Davidport
5143,Daniel Hughes,hannahhughes@gmail.com,909-298-3901,2024-01-06,59,Other,Port Linda
5144,Janice Shields,maryhaynes@gmail.com,603-995-5242,2020-08-21,49,Male,Whitemouth
5145,Nicole Peterson,racheldavis@gmail.com,364-889-1622,2021-05-14,36,Female,Leburgh
5146,Megan Sanders,ucameron@gmail.com,401-416-2896,2021-05-13,48,Other,New Jaredberg
5147,Erin Sullivan,jessica90@gmail.com,814-790-0451,2020-03-29,31,Male,Lake Rebeccatown
5148,Amber Baker,amy94@gmail.com,603-294-9490,2024-09-07,46,Other,West Darylstad
5149,Christian Miles,christopherhammond@gmail.com,551-483-7424,2023-05-31,46,Other,Port Michaelland
5151,Paul Henderson,anthonymooney@gmail.com,466-462-8930,2024-06-06,19,Female,Rangelhaven
5152,Mary Robinson,swilson@gmail.com,703-373-6533,2021-10-29,29,Other,Moranland
5153,James Shaw,harveytheodore@gmail.com,988-561-5900,2024-03-16,34,Male,Port Denise
5154,Karen Andrews,serranodavid@gmail.com,716-501-5384,2024-08-16,61,Male,New Philipville
5155,Austin Russell,williamsrobin@gmail.com,354-472-8051,2020-01-31,55,Female,Hoffmanchester
5156,Mrs. Ashley Williams,pcarlson@gmail.com,931-779-3282,2022-12-07,62,Female,New Anthony
5157,Peter Gallegos,hamptonbrian@gmail.com,975-736-0570,2023-07-29,19,Female,Riversshire
5158,Ethan Kaufman,kaylastephenson@gmail.com,751-666-2105,2023-01-21,59,Other,Valenciaside
5159,Joseph Montoya,suttonharold@gmail.com,668-836-7540,2023-01-25,62,Female,South Rachel
5160,Jermaine Ellison,aaronlopez@gmail.com,946-457-4302,2022-12-30,52,Female,West Billy
5161,Dorothy Hamilton,michael47@gmail.com,891-854-9367,2023-07-07,36,Male,Rodriguezmouth
5162,James James,williamscynthia@gmail.com,297-333-7898,2021-03-28,45,Other,South Joshua
5163,Judith Washington DDS,wsnyder@gmail.com,463-344-9704,2024-04-05,27,Female,Parkerhaven
5164,Jacqueline Sullivan,danielle87@gmail.com,934-582-2240,2020-07-23,51,Female,Quinnburgh
5165,Heather White,chelseahernandez@gmail.com,815-904-8862,2024-02-08,34,Other,North Karenhaven
5166,Lauren Smith,hortonsarah@gmail.com,269-327-2407,2020-12-11,36,Other,Maysbury
5167,Troy White,rogersanna@gmail.com,584-924-3223,2021-08-08,34,Male,North Bryanshire
5168,Kevin Zuniga,abarron@gmail.com,927-720-8540,2020-05-25,58,Female,Jacobstad
5169,Janet Taylor,joseph90@gmail.com,861-647-9737,2020-07-01,31,Other,Lewisfort
5170,Christian Randall,jeffersoncarla@gmail.com,825-747-3741,2021-05-30,27,Female,Hudsonstad
5171,Brian Cole,arroyolaura@gmail.com,512-970-9864,2024-03-11,39,Other,Kingborough
5172,Terri Stewart,herreraheather@gmail.com,476-418-7278,2024-10-02,50,Male,South Wesley
5173,Melissa Campbell,robertsscott@gmail.com,269-857-3840,2023-05-27,49,Other,Kellyport
5174,Christine Duffy,jcochran@gmail.com,928-686-6432,2022-07-27,23,Male,Myerston
5175,Michelle Hayes,jenniferthompson@gmail.com,612-755-9995,2021-07-23,36,Female,East Nina
5177,Brad Rios,melissaknapp@gmail.com,268-377-4469,2023-05-11,65,Male,Wigginsville
5178,Lydia King,penningtontammy@gmail.com,249-843-6267,2024-05-11,63,Female,Kathyshire
5179,Taylor Wallace,rebecca52@gmail.com,972-444-4820,2021-05-19,29,Other,New Carlosburgh
5180,Christopher Hanson,kimberlynunez@gmail.com,829-719-6951,2022-03-31,30,Other,Joshuaview
5181,Dustin Hale,kcarroll@gmail.com,647-838-5560,2021-03-08,32,Male,Martinezland
5182,Jennifer James,billy79@gmail.com,373-425-5191,2024-08-05,23,Male,Mcleanville
5183,Michelle Yang,davisdale@gmail.com,220-963-5102,2021-01-20,44,Other,Lake Johnberg
5185,Holly Bolton,udickerson@gmail.com,852-638-4260,2024-06-11,54,Male,Port Mariaview
5186,William Brennan,valdezjoseph@gmail.com,508-645-3504,2020-03-31,45,Other,Jeremyberg
5187,Robert Stokes,powersstephanie@gmail.com,478-638-9929,2021-01-19,65,Female,Atkinsonmouth
5188,Joseph Johnson,littlejennifer@gmail.com,998-774-2380,2022-09-21,38,Female,Arielport
5189,Margaret Mcpherson,bensonjennifer@gmail.com,674-345-0095,2020-03-25,56,Male,Patriciaville
5190,Pam Campbell,morrisraymond@gmail.com,903-245-9449,2021-03-18,62,Female,Beverlybury
5191,Shannon Poole,fbauer@gmail.com,779-984-1763,2022-04-18,51,Other,East Thomas
5192,Roy Wright,christiannguyen@gmail.com,929-350-7720,2023-05-23,42,Male,Weberview
5193,Shirley Taylor,kristieallen@gmail.com,583-570-8536,2022-07-07,64,Female,Calhounside
5194,Robert Duncan,jorge43@gmail.com,209-892-7622,2020-02-23,27,Other,Port Crystalshire
5195,Andrew Williams,travis49@gmail.com,532-667-5047,2020-02-09,23,Female,North Sabrina
5196,Samuel Garrett,andrewbrown@gmail.com,559-937-0295,2023-12-24,41,Male,East Erin
5197,Albert Watkins,carmencooper@gmail.com,211-824-2450,2023-10-10,41,Male,Jaredhaven
5198,Christopher Boone DDS,barry81@gmail.com,291-371-7647,2022-01-07,18,Male,New Alexisview
5199,Mark Berry,blackkeith@gmail.com,528-423-1873,2022-07-19,37,Other,West Meganfurt
5200,Eric Butler,cooksusan@gmail.com,241-219-2882,2023-09-11,60,Male,Johnsonbury
5201,Carl Robinson,heathermata@gmail.com,553-612-3349,2023-11-07,42,Male,East Mauriceborough
5202,Lucas Romero,keith87@gmail.com,986-645-1524,2021-03-07,19,Male,Foxbury
5203,Regina Lopez,lrowland@gmail.com,641-631-1181,2023-11-29,32,Female,Andersonburgh
5204,Natalie Ward,jrodriguez@gmail.com,542-507-0585,2021-11-02,27,Female,Mcclureburgh
5205,Brian Hamilton,sjohnson@gmail.com,482-806-6313,2022-04-20,21,Female,Huffbury
5206,Toni West,myersmelanie@gmail.com,326-658-8081,2020-05-07,41,Other,North Austin
5207,Sarah Golden,thompsonjoel@gmail.com,643-530-8836,2020-08-10,33,Male,West Deniseview
5208,Phyllis Lucas,yolandanichols@gmail.com,346-893-6818,2022-07-14,30,Male,Johnsonborough
5209,Shawn Taylor,williamsnicole@gmail.com,347-441-9784,2024-06-26,57,Other,Edwardstown
5210,Laura Gutierrez,thomas15@gmail.com,370-818-8874,2021-01-11,24,Other,Adamport
5211,Mike Lynch,dlarson@gmail.com,536-593-0287,2022-04-08,55,Female,South Mitchellside
5212,Carol Weaver,guy29@gmail.com,857-269-2565,2021-03-13,35,Other,Fernandezside
5213,Jasmine Carr,nguyenrandall@gmail.com,203-299-5595,2022-04-17,46,Other,Morganchester
5214,Hannah Harris,sonyawest@gmail.com,459-880-2367,2021-09-29,62,Male,Rickytown
5215,Heather Ramirez,sarahbarnes@gmail.com,848-809-8307,2023-09-23,40,Male,West Keith
5216,Jason Wallace,joycerobinson@gmail.com,843-523-6096,2022-06-08,28,Female,Lake Philipport
5217,Melanie Grant,oyork@gmail.com,546-918-4857,2020-05-21,49,Male,South Kristaburgh
5218,Bianca Cole,james48@gmail.com,730-893-1402,2023-01-13,48,Male,East Debraberg
5219,Catherine Jones,samuel46@gmail.com,636-632-8157,2020-04-18,39,Other,Port Ashley
5220,Michael Diaz,derekpayne@gmail.com,839-502-2770,2023-04-25,53,Male,East Lynn
5221,Robert Martin,uwarner@gmail.com,961-949-6965,2022-06-28,24,Other,Lake Gailchester
5222,Erin Santana,adamtate@gmail.com,624-383-2876,2021-06-13,21,Male,Samanthaport
5223,Cameron Myers,cheryllopez@gmail.com,286-602-1113,2021-03-05,31,Female,West Jonathan
5224,Steven Riley,ronald08@gmail.com,-10-523-,2022-05-24,41,Female,Diazburgh
5226,Johnny King,robertterry@gmail.com,950-483-8549,2021-10-07,32,Male,Hillstad
5227,Stacie Wilson,phyllismurray@gmail.com,675-890-6190,2024-09-16,19,Other,New Nathanshire
5228,Jeffrey Curtis,parksdavid@gmail.com,231-342-5025,2024-03-31,46,Other,North Rebecca
5229,Marilyn Vega,monique82@gmail.com,521-801-1214,2023-08-25,51,Male,Florestown
5230,Mr. Troy Barber,gnelson@gmail.com,683-454-7999,2022-05-21,18,Female,North Anna
5231,Angela Delacruz,leejason@gmail.com,555-896-0203,2020-10-07,48,Male,New Erin
5232,Nicholas Clark,rellis@gmail.com,462-894-7185,2023-05-25,32,Other,Perryport
5233,Gary Butler,lewisbarbara@gmail.com,827-622-1401,2024-05-20,47,Other,Michaelview
5234,Christina Hancock,rachel33@gmail.com,243-930-7856,2023-06-05,65,Male,East Alexis
5235,Joshua Medina,greenchristine@gmail.com,487-720-4173,2021-04-29,64,Male,Anthonymouth
5236,James Bradley,beverlywilliams@gmail.com,840-758-4484,2020-06-02,29,Male,Morganburgh
5237,Jennifer Hogan,amy15@gmail.com,859-585-7294,2021-06-28,34,Male,Candiceland
5239,Katie Lee,ramirezjoel@gmail.com,872-423-0679,2024-08-24,60,Female,South Johnny
5240,Karen Campbell,perezcurtis@gmail.com,265-999-2981,2022-08-24,51,Female,Valdezton
5241,Amanda Montoya,meganhill@gmail.com,943-806-7315,2020-12-12,27,Other,Faulknerstad
5243,Jessica Morris,leslie89@gmail.com,940-597-8251,2021-08-17,26,Other,East Michaelshire
5244,Vincent Escobar,rosalesgwendolyn@gmail.com,704-313-6948,2022-01-22,43,Female,North Jessicaside
5245,Lydia Edwards,danny91@gmail.com,548-485-0773,2024-02-24,44,Female,Crystalchester
5246,Ashley Graham,bauerpatricia@gmail.com,466-314-1104,2023-09-03,49,Female,Lake William
5247,Elizabeth Mitchell,natalieosborn@gmail.com,945-496-9341,2022-05-02,28,Other,North Theresabury
5248,Kristi Johnson,jennifer64@gmail.com,898-413-1720,2021-01-15,37,Male,Rachelshire
5249,Donald Nelson,matthew15@gmail.com,416-979-0522,2023-01-29,27,Other,Christinatown
5251,Diana Howard,andrewsilva@gmail.com,231-371-3097,2024-08-14,36,Female,Christopherton
5252,Holly Smith,jamie94@gmail.com,825-444-3585,2021-03-18,36,Other,North Samuel
5253,Lawrence Brock,bpatterson@gmail.com,916-955-5293,2022-10-12,44,Male,West Alanland
5254,Marcia Barnes,jessicamedina@gmail.com,651-759-2446,2022-05-30,51,Male,Johnsontown
5255,Jordan Chambers,lisa97@gmail.com,281-717-9570,2022-10-30,25,Male,Smithland
5256,Christopher Quinn,karicarroll@gmail.com,392-386-7554,2024-02-04,64,Other,Sarahport
5257,Anthony Reid,robert49@gmail.com,731-736-9439,2023-05-17,23,Female,Janetbury
5258,David Snyder,iturner@gmail.com,672-621-2684,2021-02-11,24,Other,Jasonstad
5259,Russell Davis,taylorlaura@gmail.com,946-399-9107,2020-08-08,63,Female,Baldwintown
5260,Colin Scott,eramirez@gmail.com,552-321-6260,2023-06-14,24,Female,Kimburgh
5261,Eric Lee,qedwards@gmail.com,667-550-7229,2021-02-13,51,Male,Port Kendraview
5262,Lee Brown,michael94@gmail.com,342-817-1296,2021-11-20,18,Male,New Jimmyburgh
5264,Pamela Howell,natashamckenzie@gmail.com,737-862-9022,2021-01-14,22,Other,Andersonmouth
5265,Kimberly Rodriguez,johnsondavid@gmail.com,921-479-1245,2022-05-09,64,Male,South Tammy
5266,Kimberly May,lisa62@gmail.com,429-957-6514,2022-07-17,63,Female,North Chad
5267,Laura Martin,davidandrews@gmail.com,411-743-2347,2020-05-31,27,Other,Smithbury
5268,Christopher Scott,jasonhill@gmail.com,846-985-2716,2020-11-22,57,Male,East Autumn
5269,Jeremy Jones,hferrell@gmail.com,502-747-0095,2023-02-13,54,Female,Trevorview
5270,Micheal Maxwell,mckenziehall@gmail.com,932-418-2919,2020-08-02,38,Other,North Jacquelinehaven
5271,Paula Reed,jessicasanchez@gmail.com,287-608-9391,2022-09-23,54,Female,South Daniellemouth
5272,Diana Turner,william69@gmail.com,228-241-5657,2023-04-17,62,Female,Lake Keith
5273,Courtney Mathews,williambutler@gmail.com,401-342-1889,2021-09-02,54,Female,Melissafort
5274,Frank Cabrera,kylesandoval@gmail.com,649-259-4331,2022-03-31,45,Male,Carterton
5275,Lacey Martin,toni88@gmail.com,413-334-1203,2020-07-31,55,Male,Colemanburgh
5276,Edward Butler,amcguire@gmail.com,483-674-5430,2020-09-17,59,Female,East Tracy
5277,Peter Caldwell,ereese@gmail.com,544-814-7531,2022-02-06,32,Female,West Tiffany
5278,Jerry Mendez,james07@gmail.com,959-871-2036,2024-04-27,25,Female,Alishaland
5279,Margaret Collins,christine48@gmail.com,724-601-3641,2024-04-13,44,Male,West Ginaport
5280,Linda Waters,kaiserbrenda@gmail.com,334-877-9984,2023-04-17,47,Male,Weeksview
5281,Collin Jackson,williampennington@gmail.com,599-826-1209,2022-08-12,24,Other,Edwardsville
5282,Juan Thompson,ylewis@gmail.com,838-842-0477,2020-03-27,25,Other,Johnsonton
5283,Phillip Rodriguez,russellchristian@gmail.com,731-572-1222,2021-01-22,51,Other,Robertschester
5284,Miguel Ross,caroline18@gmail.com,466-993-4218,2021-02-09,52,Other,Fischerfurt
5286,Justin Lopez,lwatson@gmail.com,827-217-6868,2021-04-13,34,Male,West Thomasborough
5287,Adrienne Matthews DVM,griffinalexis@gmail.com,226-923-3560,2021-10-09,43,Female,New Dianeville
5288,Sarah Nguyen,rmoss@gmail.com,440-902-9683,2023-03-30,46,Other,Michaelburgh
5289,John Brown,richard70@gmail.com,904-891-0757,2021-04-28,60,Female,Larafort
5290,Matthew Jackson,aharmon@gmail.com,696-342-2925,2020-11-09,60,Female,New Lindaland
5291,Susan Aguirre,twilliams@gmail.com,449-649-5606,2022-06-09,32,Female,North Wendy
5292,William Harris,johnsonmelanie@gmail.com,480-745-0769,2023-01-11,46,Female,Sarahberg
5293,Alicia Webb,ggallegos@gmail.com,711-867-4264,2020-07-06,18,Male,Pearsonmouth
5294,Matthew Williams,stephenhowell@gmail.com,249-980-6526,2022-04-01,65,Female,Melissaview
5295,Eddie Mcgee,phelpsbarbara@gmail.com,466-600-2097,2023-12-11,42,Female,South Kevin
5296,Kimberly Wheeler,williamsmichael@gmail.com,323-916-3161,2023-08-28,63,Male,Ellisstad
5297,Courtney Sherman,ohowell@gmail.com,665-397-1277,2020-12-10,21,Male,West Michaelmouth
5298,John Young,david93@gmail.com,511-204-6600,2020-06-03,31,Female,Robinsonstad
5299,Philip Casey,lshaw@gmail.com,465-747-4365,2023-08-10,65,Male,Kimberlyberg
5300,Jim Davis,franklinvalerie@gmail.com,661-928-4837,2020-04-26,34,Other,Michaelshire
5301,Katelyn Sandoval,brooke22@gmail.com,730-211-7583,2024-02-20,62,Other,Melissabury
5302,Daniel Chang,matthew59@gmail.com,260-849-8885,2022-04-02,49,Female,Lake Michelleborough
5303,Kaitlyn Smith,ybrown@gmail.com,401-278-8596,2020-02-14,54,Male,Obrienstad
5304,Amanda Yates,jeffrey81@gmail.com,471-691-7660,2022-11-27,36,Other,Lake Shelley
5305,Teresa Blackburn,qkeller@gmail.com,757-228-8980,2021-01-21,48,Female,Wheelerside
5306,Robert Fields,victoriamiller@gmail.com,946-373-0647,2023-05-01,47,Other,West Jasonside
5307,Kevin Moore,turnergary@gmail.com,624-853-9417,2020-07-16,31,Female,Millerville
5308,Jonathan Velasquez,mckinneykristi@gmail.com,991-840-8676,2023-06-14,49,Female,Kristineport
5309,Melissa Barker,sydneyhickman@gmail.com,520-647-4586,2020-02-06,40,Female,Wolfberg
5310,Sheri Walter,ericcoleman@gmail.com,831-613-1107,2022-07-05,50,Male,West Ryanville
5312,Roberta Cobb,qwarren@gmail.com,479-352-4527,2023-06-30,35,Other,North Alexandraborough
5313,Jonathon Mathis,nicholasrush@gmail.com,397-664-5345,2020-11-21,21,Other,South Jodiport
5314,Mark Hernandez,anthonygregory@gmail.com,847-460-9462,2023-05-13,24,Male,Anthonyton
5315,Kenneth Fritz,wrightvictoria@gmail.com,241-529-0924,2022-11-01,47,Female,East Margarethaven
5316,Matthew Weaver,david67@gmail.com,507-782-9071,2020-07-04,49,Female,Waltersbury
5317,Pamela Vega,mariah02@gmail.com,955-801-6118,2024-06-22,63,Male,Christopherbury
5318,Zachary Davis,ythompson@gmail.com,865-649-0845,2023-10-29,39,Female,East Louistown
5319,Christine Wolf,richard55@gmail.com,693-925-3631,2020-10-24,34,Female,Annabury
5320,Cynthia Taylor,floresmaria@gmail.com,524-673-0114,2021-11-10,36,Male,North Michaelfurt
5321,William Miller,robertterry@gmail.com,280-417-6821,2020-12-28,58,Female,Leestad
5322,Tina Woods,lovemichael@gmail.com,805-387-4664,2020-08-24,62,Male,New Brookechester
5323,Amber Garza,allen43@gmail.com,954-572-5328,2020-11-13,56,Male,Mooreview
5324,Kenneth Mason,charles60@gmail.com,386-207-9588,2024-03-14,45,Other,Schneidertown
5325,Matthew Rich,murphymichael@gmail.com,941-838-3551,2020-01-26,65,Female,North Katelyn
5326,Rebecca Garcia DDS,ithompson@gmail.com,482-259-7090,2022-07-19,18,Other,Millerfurt
5327,Roger Wang,kimberlybradford@gmail.com,862-602-7201,2020-04-05,44,Other,South Catherineberg
5328,Luis Ochoa,vrichardson@gmail.com,538-855-1537,2022-02-15,19,Female,Lake Christopherport
5329,Robert Brooks,granttiffany@gmail.com,970-630-0108,2021-06-20,19,Other,Greenport
5330,Jessica Rich,jason06@gmail.com,829-389-8808,2021-11-22,32,Male,Caitlinstad
5331,Michael Patel,jfrazier@gmail.com,613-971-8363,2023-05-01,25,Male,Stevenshire
5332,Wayne Mckay,nicolemorgan@gmail.com,638-208-2113,2022-06-10,51,Female,North Kevinhaven
5333,Cindy Haas,hernandezdaniel@gmail.com,715-484-3008,2021-06-12,45,Male,Kellyborough
5334,Jennifer Wright,wilsonnicholas@gmail.com,301-905-6312,2021-10-09,63,Other,South Sandrahaven
5335,Rodney James,hollywilson@gmail.com,756-254-8050,2022-06-12,59,Female,Rebeccaville
5336,Jared White,taylorlindsay@gmail.com,290-891-8875,2021-02-20,45,Female,Brianberg
5337,Adriana Hoffman,wchan@gmail.com,331-994-8361,2023-01-27,51,Male,Walterburgh
5338,Gregory Nixon,anunez@gmail.com,365-685-3855,2021-07-13,22,Other,Bushfort
5339,Mitchell Jacobson,albertedwards@gmail.com,854-925-5300,2023-05-06,24,Female,East Barry
5340,Christopher Hall,hgraham@gmail.com,780-456-5351,2021-03-02,40,Female,Port John
5341,Michelle Newman,mcguirejoshua@gmail.com,951-563-2815,2022-10-08,29,Male,New Elizabethmouth
5342,Jason Kelly,misty67@gmail.com,756-482-0380,2023-03-23,23,Male,East Lukeland
5343,James Schmitt,angelawebb@gmail.com,767-588-5819,2023-12-12,45,Other,North Alexville
5344,Susan Brown,huynhrobin@gmail.com,948-817-8202,2020-11-02,54,Other,West Amandaburgh
5345,Haley Braun,paul46@gmail.com,522-262-3572,2020-01-30,52,Other,Andrewland
5346,Tommy Rodriguez,mullenthomas@gmail.com,258-662-5463,2022-09-12,58,Other,Billyshire
5347,Jeffrey Shelton,charles07@gmail.com,504-717-2568,2022-07-11,22,Other,West Scott
5348,John Lawrence,xsmith@gmail.com,828-616-2618,2020-03-12,24,Other,Port Scottton
5349,Vincent Cruz,umatthews@gmail.com,795-744-7233,2020-10-31,62,Female,Bairdville
5350,Tonya Hernandez,frederickphillips@gmail.com,710-509-8053,2023-05-06,56,Other,New Deborahberg
5351,Trevor Bryant DDS,briansmith@gmail.com,453-581-1458,2022-02-25,23,Other,New Keith
5352,Sherry Bennett,ann25@gmail.com,666-772-9342,2022-03-09,57,Male,West Rhonda
5354,Edward Cunningham,cherylphillips@gmail.com,978-947-4140,2024-06-05,50,Female,Lake Robertport
5355,Megan Armstrong,william00@gmail.com,213-957-6014,2020-08-25,48,Other,West Leslieburgh
5356,Maria Wilson,qsims@gmail.com,586-854-9890,2020-10-11,58,Other,North Lauraton
5357,Roberto Carroll,brownjoshua@gmail.com,768-493-8761,2020-01-06,43,Female,Millsberg
5358,Robert Anderson,danny91@gmail.com,401-383-0050,2021-12-19,59,Other,Alicechester
5359,Dustin Johnson,oconnorronald@gmail.com,377-203-3968,2021-06-04,38,Other,Christinaville
5360,April Johns,breilly@gmail.com,608-726-2026,2022-11-20,65,Male,East Nicole
5361,Mr. Matthew Porter MD,zromero@gmail.com,508-453-0138,2021-04-09,19,Other,North Scott
5362,Marie Johnson,angelacunningham@gmail.com,970-742-6765,2020-12-16,59,Male,Port Timothyborough
5364,Regina Medina,ilee@gmail.com,703-637-0189,2023-12-07,54,Female,East Annfurt
5365,Kayla Martinez,matthewwilliams@gmail.com,472-241-8068,2024-02-21,49,Female,Jennifermouth
5366,Michael Copeland,robinsonbecky@gmail.com,732-949-7108,2023-05-07,19,Male,Whiteheadfort
5367,Courtney Bond,clarklauren@gmail.com,206-402-4921,2021-07-03,48,Male,South John
5368,Julie Nunez,xwarren@gmail.com,702-380-1194,2020-06-21,55,Male,South Debra
5369,Jonathan Robbins,dixonsophia@gmail.com,650-485-0144,2024-03-26,26,Other,Jennifermouth
5370,Anna Clark,wardjessica@gmail.com,975-675-7236,2020-05-09,35,Male,Adamport
5371,Bernard Hogan,mmccormick@gmail.com,603-426-7096,2021-01-10,40,Other,North Brianview
5372,Tracy Hayes,schang@gmail.com,399-557-0531,2023-08-13,29,Male,Stanleyville
5373,Corey Smith,sgutierrez@gmail.com,642-549-1680,2021-04-23,27,Female,Matthewmouth
5374,Andrew Sanchez,perrygary@gmail.com,969-543-7082,2020-12-31,61,Male,West Steven
5375,Robert Carrillo,peter18@gmail.com,241-948-0811,2020-09-03,21,Other,Lake Davidtown
5376,Tyler Baldwin,hwood@gmail.com,267-838-2943,2022-04-23,30,Female,Melanieport
5377,Anita Williams,vcuevas@gmail.com,241-570-9043,2023-02-08,44,Other,South Jefferyburgh
5378,Jeanne Long,marysaunders@gmail.com,430-727-9457,2024-05-22,36,Female,Wattsfort
5379,James Lowe,kevinramirez@gmail.com,610-546-6260,2020-11-10,34,Female,Joshuatown
5380,Jill Walker,nicholaspatterson@gmail.com,525-416-2146,2020-09-24,36,Male,Millerstad
5381,Kristy Bush,shawn06@gmail.com,972-427-1587,2022-05-17,29,Male,Grahamfort
5382,Casey Thomas,bwright@gmail.com,581-753-8711,2021-09-28,55,Other,Lauramouth
5383,Angela Thompson,wendyreynolds@gmail.com,721-402-5005,2023-04-10,30,Female,Pratttown
5384,Marie Morgan MD,jmccarthy@gmail.com,910-413-5914,2023-05-12,29,Male,Amyfort
5385,Austin Gonzalez,christopherrodriguez@gmail.com,469-330-5647,2024-06-20,50,Female,North Timothyville
5386,Dorothy Rodriguez,brett84@gmail.com,860-963-1471,2023-07-31,39,Female,Travisport
5387,Kimberly Cruz,dsmith@gmail.com,290-672-2661,2020-03-01,49,Female,Jamesberg
5388,Christopher Mclean,wilkinsjoshua@gmail.com,237-889-7495,2022-04-10,48,Female,Johnstad
5389,Michael Rodgers,timothy52@gmail.com,938-219-2353,2020-08-31,35,Male,Andersonchester
5391,Zachary Taylor,vvaughn@gmail.com,323-534-0419,2020-02-02,28,Male,Port Jessicaside
5392,Charles Vasquez,jenniferward@gmail.com,603-943-8598,2021-06-27,63,Male,Benjaminhaven
5393,Charles Hancock,thomas65@gmail.com,345-352-4562,2024-03-11,18,Other,Haydenstad
5394,David Gilbert,cmunoz@gmail.com,335-210-4644,2020-09-11,51,Female,Flemingtown
5395,Michael Cruz,jesse66@gmail.com,659-706-0413,2020-10-03,29,Other,Noahton
5396,Clarence Sampson DDS,jamesnguyen@gmail.com,381-462-5872,2021-05-02,38,Female,New Toddland
5397,Jordan Martinez,jillianlopez@gmail.com,340-662-0004,2022-02-16,22,Female,South Tammystad
5398,Lauren Beltran DVM,tharris@gmail.com,900-239-1171,2024-07-20,21,Male,Port Nancy
5399,Michael Wright,esmith@gmail.com,250-933-0828,2021-08-16,60,Male,West Debra
5400,Cynthia Simmons,davidcaldwell@gmail.com,211-220-6526,2020-08-22,19,Female,Kochmouth
5401,Rachel Steele,martinezjustin@gmail.com,615-288-6857,2020-11-14,48,Male,Maynardstad
5402,Steven Gibson,joseph62@gmail.com,729-262-5742,2024-02-20,29,Other,Rogersbury
5403,Carolyn Lopez,boyerjason@gmail.com,823-729-6648,2021-09-28,35,Male,Lake Amy
5404,Sara Horn,ywilliamson@gmail.com,528-755-8009,2023-02-13,23,Other,Martinezport
5405,Kimberly Castro,emeyer@gmail.com,646-619-2795,2021-04-26,36,Male,North Samuelhaven
5406,James Miller,geraldbarnes@gmail.com,-11-160-,2020-03-08,38,Male,South Sarah
5407,Michael Davis,melindareid@gmail.com,964-676-0622,2024-01-14,55,Other,Zacharyberg
5408,Catherine Turner,teresareyes@gmail.com,332-708-4498,2024-02-13,30,Other,New Danielbury
5409,Brandi Faulkner,vasquezpatricia@gmail.com,442-607-7728,2020-10-05,48,Female,Thompsonville
5410,John Smith,campbellelizabeth@gmail.com,656-775-8221,2020-10-14,46,Male,Kristyton
5411,Nancy White,christine80@gmail.com,450-415-8185,2024-02-11,57,Male,East Corey
5412,Eugene Little,robertmarsh@gmail.com,821-673-5467,2020-09-23,20,Other,Michaelburgh
5413,Michael Tucker,barnettsuzanne@gmail.com,513-335-3875,2020-11-27,49,Female,Davidmouth
5415,Robin Griffin,christopher62@gmail.com,633-803-9884,2021-07-13,62,Other,Ginaburgh
5416,Paul Shea,rachel91@gmail.com,424-450-7821,2020-01-31,46,Female,Williamsmouth
5417,Troy Barnes,brucehenry@gmail.com,867-931-6218,2020-02-27,37,Female,North Rebecca
5418,Heather Schmidt,smithtara@gmail.com,-10-175-,2024-07-31,42,Female,Lake Adamview
5419,Christopher Rivers,joyce31@gmail.com,222-799-3475,2024-01-20,63,Male,Lake Christy
5420,Ryan Harris,adamslisa@gmail.com,278-409-8009,2020-01-02,26,Male,Callahanborough
5421,James Jacobs,jenniferpierce@gmail.com,220-623-9618,2023-02-15,33,Other,Lake Gregorymouth
5422,Mr. Jeffrey Hudson,ngraham@gmail.com,442-587-7368,2021-03-24,31,Female,West Arthurmouth
5423,Mark Bryant,scottkristen@gmail.com,205-573-6946,2021-03-23,21,Male,North Chelsey
5424,Robert Williams,moorebrittany@gmail.com,907-907-7429,2021-11-05,59,Male,Joycetown
5425,Marc Rodriguez,cwheeler@gmail.com,324-689-1768,2021-02-12,20,Female,Nicolefurt
5426,Gabrielle Carter,lhaynes@gmail.com,622-794-2840,2020-05-21,36,Male,Sandraburgh
5427,Jacob Huber,codyolson@gmail.com,379-488-9041,2024-01-31,48,Male,Bethborough
5428,Tiffany Robinson,moranrebecca@gmail.com,786-578-5460,2021-05-07,33,Other,South Katelyn
5429,Briana Watson,gabriel02@gmail.com,847-945-9325,2020-05-31,45,Other,South Jamesport
5430,Mark Novak,floresamy@gmail.com,710-524-2264,2021-08-19,19,Male,East Stanleymouth
5431,Adam Saunders,paulasims@gmail.com,425-509-7532,2022-01-30,25,Other,Amyhaven
5432,John Davis,sarah66@gmail.com,982-215-6972,2023-11-16,54,Other,New Timothy
5433,Douglas Bradford,pchen@gmail.com,927-754-3672,2020-08-02,31,Female,South Nicole
5434,Austin Stanley,kelliarnold@gmail.com,412-788-3301,2020-02-13,53,Other,Jessicaland
5435,Kayla Willis,murraythomas@gmail.com,223-642-8907,2020-01-05,53,Female,South Herbert
5436,Wendy Mccarthy,kennedynicholas@gmail.com,680-766-0162,2020-03-30,33,Female,East Jesse
5437,Kara Stokes DVM,jonesscott@gmail.com,278-520-8009,2023-12-28,28,Other,Richardberg
5438,John Miller,kevin48@gmail.com,717-524-5139,2023-10-16,29,Other,Scottbury
5439,Kevin Ramirez,xbaldwin@gmail.com,771-880-2354,2021-08-02,49,Female,Lake Ashley
5440,David Smith,jose00@gmail.com,670-745-7319,2023-04-16,59,Male,Cookchester
5441,Phillip Adams,evanssamantha@gmail.com,461-323-4599,2021-05-15,49,Female,West Ernestland
5442,Justin Thompson,samantha27@gmail.com,292-610-7185,2021-02-06,29,Male,West Janiceville
5443,Anne Ward,ngreen@gmail.com,776-513-9799,2024-05-06,25,Male,Patrickport
5444,Michael Miller,teresa83@gmail.com,267-863-7690,2022-11-13,18,Male,Knoxburgh
5445,Matthew Shields,fernando42@gmail.com,416-325-1668,2023-02-28,53,Other,Francofort
5446,Sean Hubbard,michael34@gmail.com,948-799-1206,2024-10-02,32,Female,Lake Michael
5447,Jessica Haley,victorlara@gmail.com,740-618-6378,2020-02-10,22,Female,Rodriguezmouth
5448,David Lopez,cassandra57@gmail.com,421-650-5302,2024-04-20,38,Male,South Alejandroview
5449,Victoria Rodriguez,ashleytaylor@gmail.com,679-553-4950,2024-05-20,32,Female,South Bradley
5450,Malik Guzman,andersonwilliam@gmail.com,490-960-0950,2024-06-12,20,Female,New Nicholas
5451,Daniel Carter,tiffanymahoney@gmail.com,254-993-1660,2022-02-01,20,Other,South Kaylee
5452,Devin Schwartz,danamitchell@gmail.com,238-343-4451,2023-03-28,59,Female,Emilychester
5453,Michael Johnson,fryphillip@gmail.com,551-447-3038,2022-05-21,51,Other,Lake Christina
5454,Nancy Moyer,alexrodriguez@gmail.com,930-308-7298,2020-02-23,54,Female,Mccarthyland
5455,Jason Ford,zhoward@gmail.com,678-986-4028,2024-06-21,57,Female,North Jesus
5456,Vanessa Curtis,matthewbowman@gmail.com,633-561-8430,2022-10-28,54,Male,East Ernest
5458,Gina Fernandez,hyoung@gmail.com,215-620-4570,2023-05-22,64,Male,Kristyhaven
5459,Julia Oliver,michellekerr@gmail.com,739-351-3701,2023-01-01,58,Male,Hooperside
5460,Scott Robinson,dunlapshane@gmail.com,328-612-3155,2023-07-04,53,Other,Kylebury
5461,Andrea Wolfe,johnchapman@gmail.com,375-970-2617,2021-06-14,65,Female,West Joanna
5462,Kenneth Alvarez,janicebonilla@gmail.com,466-924-6909,2023-08-16,65,Male,Vaughnside
5463,Kenneth Diaz,acostabrian@gmail.com,698-732-9607,2024-07-14,50,Female,New Belindabury
5464,Sheryl Bell,cassandraolson@gmail.com,993-698-1326,2021-06-12,38,Other,East Briannaport
5465,Anthony Rodriguez,nhiggins@gmail.com,902-757-3147,2023-04-29,50,Female,Wendyview
5466,April Olsen,ashley75@gmail.com,402-646-0711,2022-04-23,51,Female,Amandaborough
5467,Judy Hill,moorebrian@gmail.com,304-911-5988,2020-11-11,45,Female,West Donald
5468,Michael Coleman,karlramos@gmail.com,426-656-6307,2023-08-20,43,Male,East Michaelview
5469,Marcus English,dariusbeltran@gmail.com,890-363-1965,2023-06-21,53,Other,Robertsmouth
5470,Hannah Miles,gilmoremichael@gmail.com,218-736-8509,2024-05-17,47,Other,Port Bryanville
5471,Belinda Dunn,anthonythomas@gmail.com,572-342-0261,2022-10-28,39,Male,Lynnland
5472,William Sellers,charrell@gmail.com,798-629-6273,2020-02-11,27,Female,East Jacobport
5473,Elijah Torres,icampos@gmail.com,854-950-4062,2021-01-02,49,Other,Gibsonside
5474,Teresa Cooley,daniel20@gmail.com,903-583-2072,2023-04-14,30,Male,Wardberg
5475,Cheryl Cook,lisahall@gmail.com,295-876-0679,2021-08-12,57,Male,West Denise
5476,Richard Jones,tiffany54@gmail.com,800-871-9028,2024-01-28,30,Male,Jamesberg
5477,Lauren Cook,ryanle@gmail.com,349-660-6429,2024-02-22,44,Female,Lake Katrinaview
5478,Thomas Martinez,riggsstacey@gmail.com,313-981-7263,2023-04-30,45,Male,Lake David
5479,Sara Adams,dustin91@gmail.com,861-821-0705,2021-11-09,41,Female,North Jenniferville
5480,Steve Bowers,robert53@gmail.com,663-842-6077,2023-01-17,29,Other,Lake Zachary
5481,Debbie Sherman,karlacarter@gmail.com,357-848-9563,2023-12-26,65,Female,Port Susan
5482,Anna Gallagher,zjohnson@gmail.com,415-828-6293,2024-08-02,55,Female,Simsshire
5483,Mary Skinner,sfowler@gmail.com,241-785-9169,2020-06-11,62,Other,West Andrea
5484,Alexander Day,jerry30@gmail.com,584-728-8007,2023-07-12,23,Female,West James
5485,Aaron Foley MD,mcguiredebbie@gmail.com,313-785-4140,2023-05-18,58,Male,Stacyton
5486,John Holder,thomas99@gmail.com,235-584-7777,2023-03-26,21,Male,Joeside
5487,Debra Moon MD,stonekevin@gmail.com,557-593-0392,2023-12-26,50,Female,Albertport
5488,Kelsey Randall,andrew48@gmail.com,891-350-9470,2020-01-22,44,Male,Port Troy
5489,Troy Tucker,andrew16@gmail.com,244-211-3380,2022-02-05,35,Other,Port Williamport
5490,Bryan Peterson,nathanjones@gmail.com,766-903-8693,2024-06-10,51,Female,South Cynthia
5491,Robert Terry,michaelgoodwin@gmail.com,634-691-4522,2024-05-14,27,Other,Hallstad
5492,Michael Clark,rebecca35@gmail.com,231-488-9453,2023-04-14,20,Female,Danielmouth
5493,Nicole Sheppard,rmurphy@gmail.com,911-363-5753,2022-11-10,40,Female,Castrofurt
5494,Megan Wright,carterjonathon@gmail.com,400-328-3414,2021-05-20,33,Other,Alexandrachester
5495,Terry Soto,isaacalexander@gmail.com,935-872-3570,2022-09-23,22,Female,Johnsonside
5496,Joshua Olson,qnelson@gmail.com,553-981-7431,2024-02-04,61,Other,New Margaretfurt
5497,John Fletcher,ireyes@gmail.com,713-753-9716,2024-04-15,58,Male,Denisefurt
5498,Eric Allen,johnrobinson@gmail.com,567-738-4470,2020-05-07,35,Female,Port Christina
5499,Melissa Williams,ismith@gmail.com,711-234-0982,2023-11-25,45,Male,Davisville
5500,Susan Wallace,bhernandez@gmail.com,940-817-5003,2023-12-24,32,Male,Port Franktown
5501,Lisa Murphy,leah29@gmail.com,793-437-4985,2020-12-21,34,Other,Flowerstown
5502,Brandon Jones,iparks@gmail.com,991-852-6291,2023-03-09,34,Male,Port Karenfurt
5503,Michael Welch,lisaortiz@gmail.com,916-890-4955,2021-08-12,37,Female,Port Amyview
5504,Micheal Horn,shawdiane@gmail.com,856-858-6849,2023-08-01,39,Other,Davidbury
5505,Monique Cole,uturner@gmail.com,356-624-9314,2022-08-07,64,Female,New Jeremy
5506,Susan Macias,uwilliams@gmail.com,681-897-6798,2023-04-26,61,Male,West Danielside
5507,Kaitlyn Parsons,wangnicholas@gmail.com,782-402-9750,2022-08-06,50,Female,Sandrahaven
5508,Darren Berry,jhunt@gmail.com,464-533-4734,2020-09-14,38,Male,South Jenniferbury
5509,Veronica Moore,marysimmons@gmail.com,729-652-6078,2024-01-30,40,Female,Weeksport
5510,Lisa Andersen,savannahthomas@gmail.com,408-430-5016,2024-01-07,32,Other,Lake Traci
5511,Jo Gardner,karennelson@gmail.com,402-286-0306,2022-09-21,36,Female,Farrellton
5512,Heather Maddox,santiagoelizabeth@gmail.com,767-448-2200,2021-12-20,34,Other,Danielsfort
5513,Susan Lopez,henryturner@gmail.com,698-220-1726,2022-07-25,36,Female,Rogersburgh
5514,Jamie Alvarado,johnsonjustin@gmail.com,838-937-7560,2020-12-02,20,Other,North Kevin
5515,Joseph Carter,stephen04@gmail.com,862-415-5035,2021-11-23,33,Female,Bryantstad
5516,Anthony Savage,gibbsdarren@gmail.com,306-303-5794,2021-12-27,32,Male,South Sierraside
5517,Jordan Watkins DDS,amandaclark@gmail.com,956-992-6204,2023-11-07,35,Male,Romeroville
5518,Brittany Gonzalez,wyatt27@gmail.com,478-897-6899,2020-11-16,39,Female,North Sandra
5519,Michael Williams,aprilnixon@gmail.com,352-630-1429,2023-03-14,48,Other,Joneshaven
5520,Briana Williams,orobinson@gmail.com,505-632-9585,2021-10-07,45,Female,South Cynthiamouth
5521,Adam Johnson,youngemily@gmail.com,355-837-5361,2022-02-26,27,Other,Amandastad
5522,Mark Kent,johnsonjacob@gmail.com,462-828-5288,2021-10-30,50,Other,Lake Aliciafurt
5523,Meagan Davis,xkerr@gmail.com,220-876-4872,2020-02-09,36,Female,Nicholaston
5524,Seth Malone,hoteresa@gmail.com,259-453-6945,2022-03-04,18,Other,Karenton
5525,Ryan Patterson,wnguyen@gmail.com,824-992-5897,2020-08-12,24,Female,Lake Brenda
5526,Daniel Robinson,heather10@gmail.com,603-535-4890,2023-02-04,30,Female,Henrybury
5527,Robert Young,tjenkins@gmail.com,500-745-6964,2021-01-06,57,Other,Lake Tonya
5528,Andrea Carter,mary99@gmail.com,513-319-1182,2023-03-20,59,Male,West Kevinton
5529,Jamie Rojas,denise79@gmail.com,343-491-4816,2022-07-18,45,Other,Erinberg
5530,Mr. Andrew Brown DDS,gina74@gmail.com,405-464-6150,2020-12-17,58,Female,Susanchester
5531,Jennifer Garrett,vanessajackson@gmail.com,990-361-3640,2024-06-16,24,Female,Rowemouth
5532,Herbert Davis,dianamorales@gmail.com,751-737-2896,2021-10-23,26,Male,Atkinsonmouth
5533,David Roth,wagnermary@gmail.com,577-248-0945,2020-08-05,57,Other,New Taylor
5534,Theresa Wilcox,chelseaklein@gmail.com,840-614-3117,2020-12-28,38,Male,South Juliachester
5535,Elizabeth Stone,jessicaboyer@gmail.com,988-625-2633,2020-05-04,20,Other,Lake Michaelhaven
5536,Glenn Schmidt,awoods@gmail.com,623-775-6360,2020-11-07,22,Female,East Lauren
5537,John Gray,qhubbard@gmail.com,315-755-8054,2021-09-22,36,Other,Mathisville
5538,Justin Short III,karencarney@gmail.com,234-834-4285,2021-01-28,22,Male,New Michael
5539,Steven Johnson,donaldpitts@gmail.com,667-986-4422,2022-11-12,49,Female,Robertsberg
5540,Carol Lane,crystalvazquez@gmail.com,940-651-2052,2024-02-19,53,Female,North Hannahview
5541,Michael Gamble,bramirez@gmail.com,223-549-1188,2024-01-12,26,Other,Christopherstad
5542,Jessica Wagner,xbuck@gmail.com,741-319-6207,2022-04-28,28,Male,Justinshire
5543,Justin Richmond,jessicamcdaniel@gmail.com,555-675-2095,2021-08-16,24,Other,Lake Christopher
5544,James Castillo,stephanie02@gmail.com,921-570-3083,2020-07-13,36,Other,East Tamara
5545,Casey Cain,odonnelldonald@gmail.com,454-713-1328,2021-10-27,43,Male,West Jenniferchester
5546,Matthew Bowman,tgaines@gmail.com,868-231-3088,2023-03-03,30,Male,East Christophermouth
5547,Deborah Smith,ghancock@gmail.com,611-212-2039,2022-09-04,63,Female,Joseland
5548,Anthony Hernandez,carrollbrian@gmail.com,242-949-7396,2024-08-24,41,Male,Jameschester
5549,Robert Schmidt,stevensimpson@gmail.com,487-729-5804,2024-01-31,36,Other,Aliciafurt
5550,Joshua Bowen,joseph16@gmail.com,269-814-7248,2020-05-02,58,Other,Cynthiaville
5551,Stephanie Willis,bsherman@gmail.com,486-914-7350,2024-08-13,23,Other,Carrollland
5552,Matthew Conner,crhodes@gmail.com,708-985-2384,2021-06-27,33,Female,Williamtown
5553,Dave Porter,alex09@gmail.com,979-521-1499,2023-02-04,34,Male,Kaylaport
5554,Sarah Callahan,velasquezjose@gmail.com,999-729-6995,2023-09-27,31,Female,East Frederickberg
5555,Kevin Summers,jamesjennifer@gmail.com,431-873-0013,2023-03-07,52,Female,New Jeanview
5556,Charles Williams,barbara17@gmail.com,404-335-3589,2024-01-08,26,Male,East Victor
5557,James Fernandez,susanwilliams@gmail.com,288-908-2875,2022-11-18,60,Male,Howardland
5558,Anthony Reynolds,michaeljohnson@gmail.com,293-243-0265,2023-09-10,51,Male,Karenfurt
5559,Jordan Lawrence,eric54@gmail.com,756-879-5483,2024-01-15,55,Male,Lake Kathryn
5560,Steven Ibarra,mark83@gmail.com,892-814-7076,2020-03-24,18,Male,Courtneyfort
5561,Kimberly Christensen,wagnerchristopher@gmail.com,487-393-1757,2022-12-14,20,Female,South Moniqueton
5562,Arthur Miller,david44@gmail.com,395-468-9472,2021-04-09,35,Female,North Kevinton
5563,Kimberly Cooper,lawsonerica@gmail.com,927-403-7118,2024-04-06,35,Other,Wrightshire
5564,Emily Mayer,amy90@gmail.com,908-459-9695,2022-04-03,22,Male,Grayfurt
5565,Erica Blanchard,dwilson@gmail.com,708-998-9246,2022-01-17,26,Female,West Aaron
5566,Sherri Levine,davisnicholas@gmail.com,285-333-6019,2022-08-23,60,Female,Arellanofurt
5567,Mrs. Christine Dunn,melanie23@gmail.com,906-281-4357,2022-02-16,26,Other,East Ambermouth
5568,Kelly Parker,loriwilson@gmail.com,837-683-4334,2020-07-12,57,Female,Port Benjaminburgh
5569,Michael Lopez,michaelcarroll@gmail.com,812-809-6867,2023-06-16,29,Male,Martinezland
5570,Zachary Ward,douglashudson@gmail.com,488-849-1279,2023-03-23,28,Male,Derekstad
5571,Mark Garcia,reyesjoshua@gmail.com,589-664-0671,2022-07-03,58,Other,Kevinfurt
5572,Blake Garrett,thomas51@gmail.com,511-394-9952,2024-09-25,25,Other,Robinside
5573,Amanda Mitchell,tara51@gmail.com,538-645-0319,2022-06-06,41,Male,South Lisatown
5574,Michele Clayton,nicholsjoshua@gmail.com,793-609-9420,2024-05-16,26,Male,Port Margaret
5575,Frank Moran,joneskaitlyn@gmail.com,201-529-3888,2022-11-13,60,Other,Adrianmouth
5576,Steven Franco,annette38@gmail.com,586-958-6398,2023-02-23,28,Female,East Lindsay
5577,Edward Rice,chensarah@gmail.com,519-426-3926,2024-05-28,51,Other,North Courtneyton
5578,Kim Hanson,valenciakeith@gmail.com,526-595-6730,2023-07-29,37,Other,New Barbara
5579,Lindsey Brown,emosley@gmail.com,434-996-9190,2022-03-31,24,Female,Port Jenniferton
5580,Anthony Arnold,veronicasmith@gmail.com,226-355-3243,2024-07-01,26,Male,East Michaelmouth
5581,Bethany Vasquez,achapman@gmail.com,267-334-6784,2022-12-09,35,Other,Brianland
5582,Patricia Cole,megan51@gmail.com,750-990-8210,2024-02-01,63,Other,Port Markland
5583,Joseph Petty,jacob02@gmail.com,791-312-2885,2024-03-10,31,Other,Dominguezmouth
5584,Hannah Garcia,gchapman@gmail.com,202-322-3911,2022-07-20,59,Male,Andrewburgh
5585,Richard Brooks,waltersmichael@gmail.com,557-391-3072,2022-04-27,29,Male,Port Ashlee
5586,Courtney Figueroa,lynchpatricia@gmail.com,307-714-9537,2020-12-21,33,Female,Floresbury
5587,Robert Herrera,smcgrath@gmail.com,846-771-5102,2024-06-22,65,Other,Lambtown
5588,Nicholas Gallagher,ellisdaniel@gmail.com,419-790-9221,2020-12-07,50,Other,Houstonshire
5589,Shelly Phillips,rmurphy@gmail.com,710-636-3636,2022-01-02,45,Female,South Heatherville
5590,Christy Tran,peterterry@gmail.com,483-476-5961,2024-03-26,33,Female,Port Jeanborough
5592,Craig Miller,reyeschristopher@gmail.com,430-539-9801,2023-06-17,65,Male,Port Ashley
5593,James Hughes,gilesjoseph@gmail.com,274-555-6925,2021-07-02,50,Male,New Heatherbury
5594,Tom Hill,danielhughes@gmail.com,582-930-5034,2020-01-12,35,Female,Lake Seth
5595,Angela Moore,arielwhitehead@gmail.com,915-777-3404,2020-02-20,23,Male,Robertberg
5596,Gina Howell DVM,jacqueline19@gmail.com,869-879-3935,2024-04-13,20,Male,Lake Donmouth
5597,Lisa Gonzalez,lortiz@gmail.com,403-208-3565,2023-12-03,24,Male,Lake Jodi
5598,Dawn Thomas,brian13@gmail.com,808-324-8799,2022-09-09,34,Female,Jacksontown
5599,Billy Crawford,nunezdavid@gmail.com,290-643-2306,2023-10-08,19,Other,Carrieport
5600,Emma Hickman,patrick26@gmail.com,828-732-9778,2020-11-23,57,Female,Smithberg
5601,Laura Rodgers,wallstanya@gmail.com,866-607-2564,2023-11-02,38,Female,East Samantha
5602,Michelle Baker,xjones@gmail.com,280-931-8608,2022-03-22,65,Male,New Martinchester
5603,Heather Young,cochranmichael@gmail.com,752-828-5995,2023-11-01,30,Female,Lawsonborough
5604,William Smith,mark72@gmail.com,667-298-6408,2023-12-14,61,Other,Jacobchester
5605,Dustin Caldwell,hendersonmary@gmail.com,621-397-1453,2023-11-22,50,Male,Jamesfort
5606,Kevin Delgado,connersarah@gmail.com,722-822-4036,2024-06-27,26,Female,Ashleyview
5607,Brittney Hughes,wmiller@gmail.com,741-802-0622,2024-09-22,37,Other,East Rebeccahaven
5608,Jennifer Gibson,garyerickson@gmail.com,594-310-0570,2021-01-14,42,Female,Reneebury
5609,Andrea Martin,donna11@gmail.com,285-251-2281,2020-05-02,36,Male,East Amandamouth
5610,Kayla Haynes,bridgesjason@gmail.com,726-788-6167,2020-11-17,65,Other,Lake Tracyborough
5611,Chad Adams,ghayes@gmail.com,420-915-4808,2024-09-19,58,Female,Smithstad
5612,Christopher Morris,patricia08@gmail.com,706-600-1519,2022-10-24,63,Female,Julieberg
5613,Grace Alvarez,michael25@gmail.com,535-999-9762,2020-03-21,44,Other,Ericksonhaven
5614,Michael Russell,martinezlee@gmail.com,728-678-1100,2021-10-20,32,Female,Joneshaven
5615,David Anderson,ashleymarshall@gmail.com,925-605-8011,2020-10-24,31,Male,East Travis
5616,Renee Cole,karen24@gmail.com,958-877-9695,2022-11-24,51,Male,Garnerbury
5617,Garrett Hill,larryrodriguez@gmail.com,518-844-6898,2023-10-07,52,Female,East Joshua
5618,Ruth Fritz DVM,lori41@gmail.com,880-553-8143,2020-11-06,53,Male,Butlerton
5619,Andrew Williams,brandy46@gmail.com,911-305-6851,2022-02-04,54,Female,Lake Allen
5620,Mary Ford,ebrooks@gmail.com,213-785-7061,2023-09-26,56,Other,Nathanielshire
5621,Jeremy Williams,robertfrazier@gmail.com,738-941-1403,2022-09-12,24,Female,East Jamesview
5622,Michael Brown,garciaerica@gmail.com,220-241-0246,2020-02-13,56,Other,West Allisonmouth
5623,Deborah Harper,gbrown@gmail.com,456-329-0640,2020-07-31,62,Female,Brandonborough
5624,Robert Jenkins,jwhite@gmail.com,934-655-6593,2020-04-28,46,Male,Yangview
5625,Jill Mayo,joseph78@gmail.com,498-242-7689,2020-11-02,63,Female,Lake Jennifer
5626,Jessica Garcia,jameskelly@gmail.com,420-641-5905,2024-03-29,65,Male,Lisaland
5627,Jimmy Fischer,elizabeth21@gmail.com,901-205-6411,2023-05-28,41,Other,North Christophershire
5628,Ariana Johnson,rebecca95@gmail.com,633-536-3263,2023-07-24,23,Female,East Stephanie
5629,Vincent Bates,joshuajohnson@gmail.com,603-832-8338,2021-06-13,26,Female,Lake Sara
5630,Calvin Reyes,michaelfuller@gmail.com,586-666-1478,2024-08-20,54,Other,Andreashire
5631,Angela Gilmore,millercrystal@gmail.com,310-333-7501,2023-08-16,61,Male,West Catherine
5632,Tanya Brown,isaac98@gmail.com,487-996-3267,2020-04-14,50,Male,Port Julie
5633,Kelly Johnson,rebeccamcdonald@gmail.com,684-349-3725,2022-09-24,61,Male,Kristenland
5634,Danielle Cook,matthewcooke@gmail.com,519-477-1786,2024-04-10,30,Female,Lake Wendy
5635,Jeremy Williamson,matthew73@gmail.com,646-362-3278,2020-09-22,47,Male,Brookeland
5636,Monique Webster,longthomas@gmail.com,756-627-6875,2024-04-22,38,Male,Adamport
5637,Donald Evans,tracymitchell@gmail.com,270-230-2207,2020-02-05,41,Male,Cookborough
5638,Casey White,brownnicholas@gmail.com,571-442-3414,2024-01-17,37,Female,Lake Robertfurt
5639,Caitlin Crosby,robertmorrow@gmail.com,208-243-9546,2020-12-04,43,Other,Hendersonside
5640,Courtney Heath,jeffrey20@gmail.com,312-790-4810,2020-04-05,19,Female,North Ronald
5641,Valerie Lee,carol30@gmail.com,206-246-5436,2022-10-23,53,Female,Velezville
5642,Shannon Estrada,michaelmorales@gmail.com,500-707-7182,2020-05-05,60,Other,Bartonbury
5643,Melvin Williams,adam40@gmail.com,917-883-9063,2023-07-24,45,Other,North Jack
5644,Diane Phillips,olsonangela@gmail.com,977-928-5429,2022-06-10,47,Male,North Lorrainestad
5645,April Simmons,davidyu@gmail.com,651-411-0356,2023-01-24,44,Other,Davidland
5646,Mike Rojas,jacquelinewelch@gmail.com,830-773-1369,2024-06-11,39,Male,Kyleton
5647,Ashley Baker,peggy20@gmail.com,556-771-9565,2020-08-10,60,Other,South Sherryton
5648,Michelle Mcknight,dicksonkevin@gmail.com,263-663-9502,2022-01-07,32,Female,North Lori
5649,Megan Smith,danielsjose@gmail.com,469-328-3884,2023-10-12,61,Other,West Steven
5650,Andrea Thornton,angela64@gmail.com,575-885-9484,2022-01-24,49,Other,West Juliastad
5651,William Flores,solomonrebecca@gmail.com,514-928-7384,2023-03-05,20,Other,Mitchellstad
5652,David Powell,dennis95@gmail.com,841-746-6781,2024-07-08,41,Male,South Michael
5653,Nathan Hughes,vhowe@gmail.com,672-588-9515,2022-12-17,35,Other,Franklinville
5654,Theresa Richards,rreyes@gmail.com,641-583-6581,2020-07-29,23,Female,Pittsport
5655,Shannon Kramer,hodgesheather@gmail.com,320-517-1295,2020-09-01,39,Other,North Aaronshire
5656,Carmen Davis DDS,fhenderson@gmail.com,245-324-5165,2023-08-20,52,Female,New Deannaborough
5657,John Shaw,phenderson@gmail.com,839-206-0875,2020-06-16,53,Other,Brownville
5658,Mark Miranda,angela43@gmail.com,836-815-7267,2021-06-24,48,Male,Serranoville
5659,Matthew Porter,hallryan@gmail.com,554-972-0573,2022-01-09,22,Male,Murphyland
5660,Michael Taylor,myersmark@gmail.com,642-500-6511,2023-07-18,53,Other,Port Brittany
5661,Jenny Garrett,jeansexton@gmail.com,352-703-5153,2020-09-16,33,Female,West Pamela
5662,Brandon Williams,john86@gmail.com,351-893-2091,2021-07-20,56,Male,New Taylorstad
5663,Nicholas Harris,ybenson@gmail.com,924-210-4723,2021-10-18,33,Female,East Lauraborough
5664,Thomas Rivera,riverabrianna@gmail.com,596-918-9695,2023-11-04,32,Female,Port Julia
5665,Kimberly Pham,nicholasday@gmail.com,366-630-1392,2023-08-14,59,Other,Port Matthewhaven
5666,John Martinez,dramirez@gmail.com,578-449-9585,2021-03-11,43,Female,West Beth
5667,Mario Clark,sjones@gmail.com,348-916-0884,2020-02-24,53,Other,Craneview
5668,Katie Hill,gailshaw@gmail.com,231-636-3619,2024-03-27,55,Female,North Brucefurt
5669,Michael Rodriguez,danielsamy@gmail.com,957-525-9309,2020-03-09,22,Male,Ricebury
5670,Michael Smith,cburnett@gmail.com,623-508-9857,2022-02-16,53,Other,Port Donnaberg
5671,Carl Rogers,erica92@gmail.com,206-805-9312,2022-07-03,26,Other,Lake Marissa
5672,Scott Mccullough,joshuaperkins@gmail.com,354-469-7428,2024-05-30,38,Female,East Andrewfort
5673,Sandra Ross,loganmckee@gmail.com,387-211-1293,2024-07-14,49,Other,East Ronald
5674,Julie Wolfe,chloewarren@gmail.com,917-574-0184,2022-08-18,52,Other,Emilymouth
5675,Steven White,john95@gmail.com,700-743-8794,2021-12-01,29,Female,New Isabelborough
5676,Autumn Chavez,josephfry@gmail.com,385-300-0531,2023-01-28,24,Male,North Marktown
5677,Phillip Cooper,khicks@gmail.com,428-451-7906,2020-01-24,31,Male,Francoport
5678,Andrea Harris,michaelmcknight@gmail.com,473-545-4170,2023-09-16,27,Other,Port Patricia
5679,Jill Anderson,lauren27@gmail.com,607-817-6683,2020-04-29,49,Female,Grossburgh
5680,Brandi Mccarty,briana87@gmail.com,358-728-2145,2024-04-10,47,Female,Sarafort
5682,Maria Hopkins,vthomas@gmail.com,919-408-6306,2022-04-29,62,Other,Samanthatown
5683,Robert Ross,morrisonlisa@gmail.com,858-900-9995,2020-11-05,55,Other,Lindseyburgh
5684,Brandy Smith,jeffrey04@gmail.com,761-362-5897,2023-07-23,45,Female,Amandamouth
5685,Daniel Reed,cassandrawhite@gmail.com,457-329-6843,2023-12-11,43,Female,Lisaland
5686,Sabrina Matthews,alicia77@gmail.com,522-493-7843,2022-03-23,47,Male,East Kathryn
5688,Lauren Mccann,kayla32@gmail.com,275-795-1117,2023-10-13,50,Female,Port Charlottehaven
5690,Terry Moreno,heather14@gmail.com,285-530-4931,2021-10-31,35,Female,West Denisetown
5691,Natasha Adams,jacksonmichael@gmail.com,381-812-4181,2023-04-07,22,Other,Weberview
5692,Sheri Jensen,michaelcarr@gmail.com,968-723-0029,2024-07-16,59,Female,Codyland
5693,Raven Jackson,nichole97@gmail.com,705-243-7519,2020-03-04,22,Other,West Sarahview
5694,Eric Walters,kelly86@gmail.com,518-358-0301,2023-05-19,56,Female,Lake Jonathan
5695,Anne Brady,belljohn@gmail.com,315-208-5178,2023-11-01,20,Other,West Denise
5696,Matthew Sanders,ralph24@gmail.com,934-507-2461,2021-02-28,54,Other,Jeffreystad
5697,Jared Moore,danieljohnson@gmail.com,443-830-9704,2023-12-14,53,Female,New Ashleytown
5698,Heather Williams,ericaevans@gmail.com,706-845-0608,2023-07-06,56,Male,South Cherylstad
5699,Lori Roy,wubarbara@gmail.com,356-405-8240,2020-01-25,34,Male,West Melissabury
5700,Elizabeth Collins,rebecca40@gmail.com,739-416-4548,2021-02-01,55,Other,Port Charlesbury
5701,Jeremy Rodriguez,kimkathryn@gmail.com,448-336-5849,2021-10-27,63,Other,Flynnborough
5702,Thomas Williams,myerscynthia@gmail.com,993-822-0677,2020-04-04,49,Female,South Tiffanybury
5703,Katie Kennedy,jbrown@gmail.com,850-729-6865,2024-01-02,20,Female,North Richard
5704,Jason Abbott,keith89@gmail.com,616-450-1415,2024-03-21,37,Other,Cherylberg
5705,Michael Snow,timothygardner@gmail.com,457-483-1566,2022-06-04,56,Female,New Lauren
5706,Lisa Cline,rogersadam@gmail.com,602-727-4692,2020-02-05,26,Female,Lisaville
5707,Victoria Carpenter,shafferrichard@gmail.com,538-983-4958,2022-05-15,45,Female,Port Cindy
5708,Brad Lucas,littlemelissa@gmail.com,605-995-3766,2021-02-11,64,Other,South Linda
5709,Justin Norris,davidstevens@gmail.com,546-929-5756,2022-03-30,55,Female,Brownfurt
5710,Jamie Schroeder,bmcintyre@gmail.com,379-872-2456,2023-02-03,30,Other,South Valerie
5711,Tara Edwards,paynemichael@gmail.com,307-811-6912,2024-08-21,54,Male,West Donnafurt
5712,Marie Rodriguez,rthomas@gmail.com,382-406-2011,2023-10-01,20,Male,Port Erik
5713,Lisa Smith,gwells@gmail.com,807-914-8239,2024-10-01,65,Female,Nathanberg
5714,Nathaniel Gonzalez,mfuentes@gmail.com,269-358-8644,2021-07-01,41,Other,East Johnbury
5715,Kevin Mitchell,suzanne57@gmail.com,460-541-2628,2023-03-11,48,Other,North Dennis
5716,Elizabeth Garcia,kmarsh@gmail.com,422-322-8207,2021-07-13,56,Male,Port Jennifer
5717,Alexander Jennings,halexander@gmail.com,618-563-8368,2022-10-07,29,Male,Walkerborough
5718,Nathan Mills,johnchristensen@gmail.com,965-630-7078,2024-09-20,25,Male,Michaelborough
5719,Paul Owens,rpineda@gmail.com,-10-551-,2020-05-18,38,Female,Holdenton
5720,Nicole Johnson,colleenmathews@gmail.com,443-673-0260,2020-09-20,56,Male,Andersonburgh
5721,Rachel Jones,hornjeremy@gmail.com,456-315-1183,2021-02-04,29,Male,Johnstonberg
5722,Robert Jordan,donna70@gmail.com,535-928-4319,2022-07-12,23,Male,Lake Jamie
5723,Robert Rivera,adamsbruce@gmail.com,439-689-6537,2023-12-19,26,Other,North David
5724,Kevin Lewis,dbates@gmail.com,980-688-1319,2022-06-25,28,Other,East Marissaport
5725,Jason Burke,ulin@gmail.com,965-682-9642,2021-02-11,65,Male,East Brianland
5726,Christine Jackson,lisa98@gmail.com,805-798-2730,2024-08-29,65,Female,New Michele
5727,Amanda Jackson,nwells@gmail.com,733-467-4091,2023-03-18,50,Female,Summermouth
5728,Jacob Henderson,pjohnson@gmail.com,240-755-7923,2021-03-06,27,Other,East Meredithberg
5730,Megan Harper,maria06@gmail.com,728-634-8069,2023-04-05,49,Female,New Robertside
5731,Angela Hicks,rsmith@gmail.com,572-790-7249,2022-10-10,21,Male,Rachelshire
5732,Jeffrey Schmitt,shaneparks@gmail.com,415-243-4249,2022-01-16,24,Other,Rogerside
5733,Cathy Walker,joneskayla@gmail.com,428-819-9861,2021-02-03,51,Female,North Jessicastad
5734,Daniel Taylor,joseph66@gmail.com,565-983-2339,2021-10-23,47,Male,North Jameshaven
5735,Timothy Smith,lindapowell@gmail.com,915-397-6992,2022-12-22,52,Other,North Mikaylabury
5736,Michael Campbell,dannywhite@gmail.com,579-708-9076,2023-12-09,24,Male,Garciamouth
5737,Paul Griffin,ahernandez@gmail.com,285-963-9469,2023-12-29,21,Male,Port Daniel
5738,Cheryl Lewis,sarahwatson@gmail.com,219-449-2047,2023-03-30,59,Other,Jennyville
5739,Daniel Anderson,bboyle@gmail.com,280-694-0796,2024-02-15,29,Other,East George
5740,Jennifer Beard,jillcopeland@gmail.com,829-270-8503,2023-05-11,57,Male,South Royside
5741,Jane Henderson DDS,peter37@gmail.com,517-969-1612,2021-11-09,55,Male,Wongview
5742,Rachel Walker,christyrivas@gmail.com,449-814-0617,2024-07-05,53,Other,Rogerstown
5743,Mary Blake,joshua21@gmail.com,440-903-5384,2020-08-01,51,Other,Chelseamouth
5744,Eric Mccullough,megan76@gmail.com,327-638-0660,2023-11-07,54,Male,South Destinychester
5745,Bonnie Johnson,bryantshane@gmail.com,900-684-6719,2023-12-30,60,Female,Dunnton
5746,Levi Mccall,gregorymorrow@gmail.com,463-979-4768,2021-05-23,21,Other,New Jodi
5747,Shane Roberts,vanessaallison@gmail.com,524-215-9682,2020-05-05,26,Male,Christopherstad
5748,Pamela Stephens,brenda38@gmail.com,469-948-3230,2020-02-14,50,Male,New Malikmouth
5749,Donald Holt,tracy75@gmail.com,223-324-9549,2021-08-26,39,Female,Foxfort
5751,Jesus Logan,howard49@gmail.com,632-764-8954,2020-02-07,23,Female,West Emilyland
5752,Jason Davis,watkins@gmail.com,227-583-4906,2021-05-16,37,Female,Jeffreyview
5753,Troy Taylor,mitchell72@gmail.com,738-750-0318,2022-06-29,58,Male,Lewisland
5754,Janice Taylor,rileyjoseph@gmail.com,752-899-5798,2023-06-19,18,Other,Ryanchester
5755,Lori Maxwell,crystal79@gmail.com,446-812-2569,2021-07-19,37,Male,Port Sarahview
5756,Gregory Drake,emily97@gmail.com,298-889-9099,2020-11-13,41,Female,Michaelburgh
5757,Christopher Jensen,larsonbrenda@gmail.com,964-278-0582,2021-08-11,48,Female,West Richardfurt
5758,Tammy Cowan,cpeterson@gmail.com,591-224-0989,2020-11-08,55,Other,North Michael
5759,Sharon Campbell,jerry15@gmail.com,653-557-4541,2023-06-16,63,Other,Lake Jean
5760,Erica Logan,whitneymartin@gmail.com,988-952-6898,2024-01-13,58,Female,East Brittanyberg
5761,Michael Gonzalez,cmartin@gmail.com,647-855-8351,2024-04-24,22,Male,Richardsmouth
5762,Julia Smith,calderonsharon@gmail.com,601-569-4090,2022-07-18,23,Female,North Howardton
5763,Jo Hill,carlosfowler@gmail.com,972-587-2621,2024-03-15,49,Other,Seanmouth
5764,Megan Ryan,judithjohnson@gmail.com,270-257-2382,2020-06-29,49,Male,East Vernonborough
5765,Thomas Myers,melissa93@gmail.com,283-977-8868,2022-04-09,34,Other,East Michael
5766,Kenneth Griffin,amber46@gmail.com,621-378-4107,2021-12-07,61,Female,South Kevin
5767,Kristin Fox,michael85@gmail.com,463-471-0866,2020-03-28,54,Other,New Tyler
5768,James Thompson,jessicaramos@gmail.com,544-811-8609,2020-01-20,43,Male,North Andrewville
5769,Timothy Mejia,bhernandez@gmail.com,997-364-8779,2023-02-20,62,Female,Browningchester
5770,Benjamin Tanner,castanedakaren@gmail.com,209-799-5055,2024-01-10,33,Other,Carlsonmouth
5771,William Roach,myersbrandon@gmail.com,615-853-6842,2022-11-06,36,Female,Huntfurt
5772,Audrey Garrett,roblesmichael@gmail.com,818-371-8512,2024-04-03,18,Male,New Shannonmouth
5773,Heather Lindsey,thomas96@gmail.com,502-521-2785,2020-08-18,29,Female,Jesusstad
5774,Karen Hill,prios@gmail.com,422-462-1296,2023-03-16,34,Male,Kaylafurt
5775,Jeffrey Russell,youngbryan@gmail.com,719-383-7214,2023-09-07,19,Female,Smithtown
5776,Thomas Lewis,matthewzamora@gmail.com,-10-795-,2021-11-09,24,Male,East Laura
5777,Amanda Hill,donnaberg@gmail.com,803-842-6284,2020-06-19,60,Male,Swansonmouth
5778,Garrett Parker,emccarthy@gmail.com,279-762-1227,2022-12-13,31,Male,Pamelamouth
5779,Connor Valencia,rebeccamendoza@gmail.com,889-422-6111,2020-05-27,33,Male,Pooleton
5780,Joseph Reed,brianeaton@gmail.com,923-467-4162,2020-01-30,20,Other,Tranbury
5781,Heidi Cox,john07@gmail.com,952-202-5213,2020-02-26,46,Female,Lake Ryanfurt
5782,Megan Nguyen,anthony22@gmail.com,277-403-4353,2021-07-24,60,Female,North Saraville
5784,Brian Perez,bfry@gmail.com,838-474-3055,2021-06-23,61,Other,Tonyafort
5785,James Dorsey,victoriaweber@gmail.com,961-356-0440,2021-05-05,33,Other,North Richard
5786,Laurie Smith,maxwellbenjamin@gmail.com,832-657-2595,2024-06-05,26,Other,North Mary
5787,Shelly Huff,diana00@gmail.com,896-342-6143,2023-01-27,60,Female,Brianmouth
5788,Brianna Hanson,brittany74@gmail.com,823-684-6691,2024-01-15,35,Male,Port Michaelchester
5789,Angela Brown,herrerashawn@gmail.com,420-590-0614,2022-10-12,61,Male,South Melissaville
5790,Brittany Oneal,davidpark@gmail.com,471-620-3363,2024-03-06,21,Other,Lake Brianton
5791,Nicholas Bennett,hgay@gmail.com,717-288-3997,2022-04-27,58,Female,Lake Timothyfurt
5792,Ryan Johnson,lisa85@gmail.com,401-419-3646,2022-12-20,27,Other,Englishstad
5793,Lisa Faulkner,wheelerheather@gmail.com,706-236-1789,2021-01-09,32,Other,Lake Yolandachester
5794,Jennifer Drake,josephmartinez@gmail.com,459-429-2113,2021-07-22,25,Male,Davidberg
5795,Jody Porter,cassandra58@gmail.com,770-260-1403,2021-04-03,63,Other,Port Debra
5797,Tom Brown,levans@gmail.com,753-288-7344,2023-10-31,41,Other,Whitneyville
5798,Marisa Mueller,lopezgloria@gmail.com,220-346-3785,2022-06-11,65,Other,Baldwinborough
5799,Crystal Clark,jesse84@gmail.com,493-587-8196,2021-03-18,27,Female,Camposport
5800,Margaret Curry,rickyrichard@gmail.com,317-499-8864,2022-09-12,26,Male,Smithborough
5801,Michelle Luna,dennisdaugherty@gmail.com,561-229-9020,2024-06-22,55,Female,East Aliciaview
5802,Amy Garcia,romeroyvonne@gmail.com,706-533-7451,2023-01-12,20,Male,Pereztown
5803,Hailey Mcintyre,rhondastrong@gmail.com,985-776-0004,2021-08-27,25,Other,Villarrealbury
5804,Christopher Peterson,floreskimberly@gmail.com,677-927-2933,2023-12-08,64,Female,South Tammyland
5805,Susan Palmer,kevin52@gmail.com,646-297-2131,2021-05-07,38,Male,South Martinchester
5806,Richard Lindsey,kwalker@gmail.com,755-502-3802,2023-11-23,29,Other,Port Morganshire
5807,Richard Hammond,egreen@gmail.com,613-618-5478,2022-03-31,30,Other,North Frederickchester
5808,Emily Alvarado,ztaylor@gmail.com,985-499-7660,2022-01-31,58,Other,Harrisberg
5809,Tamara Gray,michelle20@gmail.com,744-400-6712,2020-10-26,61,Other,Jacobsside
5810,Alexander Jensen,herringdennis@gmail.com,457-277-8760,2024-08-11,51,Other,New Lisa
5811,Nathan Chung,lestephanie@gmail.com,273-312-1268,2020-05-13,53,Other,Lake Jaime
5812,Susan Horne,wmyers@gmail.com,262-619-4955,2022-09-29,36,Other,East Melissa
5813,Phillip Myers,vazquezsean@gmail.com,772-953-0553,2024-09-11,57,Female,North Adam
5814,Derek Lambert,donald97@gmail.com,369-233-9542,2021-12-02,31,Other,Beardfort
5815,Edward Schneider,karenford@gmail.com,242-663-5932,2020-11-13,28,Other,Lake Richardhaven
5816,Victoria Kennedy,ewingemily@gmail.com,723-898-0247,2020-05-14,23,Male,Espinozatown
5817,Dr. Marie Hernandez,kathyandrews@gmail.com,699-214-1370,2022-04-03,37,Male,West Daniel
5818,Yvonne Moore,mwalsh@gmail.com,440-864-8306,2023-08-02,44,Other,Dakotaview
5819,Jennifer Reese,asmith@gmail.com,911-530-7755,2021-04-30,37,Female,Lake Julie
5820,Joyce Palmer,steve78@gmail.com,632-208-3769,2022-06-25,21,Female,Delacruzmouth
5821,Mr. Joshua Sampson,seanbuck@gmail.com,503-650-0036,2023-11-13,36,Other,Brooksstad
5822,Kathleen Williamson,richardlopez@gmail.com,456-542-5726,2020-03-29,40,Female,Lake Jaimefurt
5823,Lawrence Ford,ycollins@gmail.com,342-411-8560,2022-09-15,56,Other,South Danielmouth
5824,Kyle Harper,kimberlymartinez@gmail.com,541-809-5116,2022-12-08,56,Female,New Andresport
5825,Joy Walter,kathleen64@gmail.com,463-925-8703,2024-06-03,19,Other,West Carolyn
5826,Yvette Jones,gary90@gmail.com,214-900-6443,2022-11-17,22,Other,Maryburgh
5827,Timothy Webb,kathryn87@gmail.com,342-238-3742,2021-01-27,65,Female,West Raymond
5828,Jesse Armstrong,garrett07@gmail.com,285-381-9582,2020-12-09,26,Female,South Bettychester
5829,Michael Baker,yjones@gmail.com,387-483-2173,2022-03-20,25,Male,South Timothy
5830,Lindsey Velez,alyssalarson@gmail.com,244-551-9181,2023-10-20,36,Other,South Danielle
5831,Christopher Lyons,millerkaren@gmail.com,426-280-0703,2023-07-30,22,Other,Guerramouth
5832,Robert Miller,wellsjoseph@gmail.com,371-767-9229,2020-02-16,64,Male,Laurenport
5833,Roger Calhoun,scampbell@gmail.com,467-600-3648,2020-12-14,40,Other,New Erica
5834,Stephanie Taylor,ahoward@gmail.com,630-779-3151,2021-04-06,20,Other,Lake Darrentown
5835,Kyle Clark,adaniels@gmail.com,586-734-1553,2023-01-02,38,Male,Dawnville
5836,Eric Dyer,jacksonjames@gmail.com,716-357-3709,2022-04-13,61,Female,New Samantha
5837,Mr. John Klein,kstevenson@gmail.com,623-529-7387,2021-11-14,41,Male,Port Kimberlyville
5838,Keith Proctor,alexander28@gmail.com,658-710-3999,2022-07-10,40,Female,Marissashire
5839,Thomas Medina,david37@gmail.com,810-859-2358,2022-01-01,51,Female,Barbarafurt
5840,Theresa Richards,louis67@gmail.com,914-929-0907,2020-10-20,40,Other,Elizabethberg
5841,Diamond Morton,fhill@gmail.com,849-717-7390,2022-10-07,57,Other,East Michelleside
5842,Susan Sanchez,matthew59@gmail.com,587-228-9351,2022-03-06,64,Male,Summerfort
5844,Jason Sherman,john02@gmail.com,575-483-9880,2022-01-14,18,Male,Whitemouth
5845,Jeremy Evans,nathan98@gmail.com,541-759-6854,2023-04-21,50,Other,Port Destinyland
5846,Larry Trevino,richardgriffin@gmail.com,443-917-7087,2021-05-11,46,Male,Ashleystad
5847,Jack Tucker,heatherbarnett@gmail.com,417-915-8738,2020-11-12,32,Other,South Cynthia
5848,Michael Jones,alfred25@gmail.com,296-664-2070,2023-12-06,62,Male,Erikashire
5849,Jamie Gonzalez,christopherhall@gmail.com,435-847-4198,2023-02-17,39,Female,Katelynmouth
5850,Mrs. Alyssa Cooper,coledeborah@gmail.com,933-401-0450,2020-09-22,24,Male,Heatherfurt
5852,Donna Howard,rodney48@gmail.com,925-650-2616,2020-12-07,65,Other,Jamesmouth
5853,Richard Parks,lcruz@gmail.com,257-735-2312,2021-08-09,19,Male,South Lauren
5854,Anna Schultz MD,victoriacarroll@gmail.com,277-303-3871,2020-03-29,39,Female,Campostown
5855,Elizabeth Hubbard,byrdlindsey@gmail.com,407-369-6665,2020-07-03,50,Male,Stantonberg
5856,Stephen King,courtney20@gmail.com,545-349-5629,2022-08-22,49,Other,Williamsland
5857,Hayley Allen,brendabradshaw@gmail.com,464-732-1474,2021-07-24,39,Other,Elijahmouth
5858,Adrian Mclean,gwilson@gmail.com,493-887-7187,2023-11-08,53,Female,West Julia
5859,Mandy Thompson,gonzalezderrick@gmail.com,926-802-8715,2024-03-24,57,Female,New Tylerfort
5860,Theresa English,leahallison@gmail.com,937-980-6703,2024-08-04,49,Female,East Maryview
5861,Michelle Brown,kristin13@gmail.com,781-705-2297,2024-02-23,46,Other,Staceyland
5862,Shane Buck,alexander34@gmail.com,501-578-6970,2021-05-31,19,Male,West Elizabethbury
5863,David Martin,wrightzachary@gmail.com,848-203-0964,2022-03-20,24,Male,Johnsonstad
5864,Jesse Johnson Jr.,wilsonshannon@gmail.com,433-401-7903,2022-04-24,41,Female,Michelleport
5865,Julie Cook,lindsey21@gmail.com,389-693-8888,2021-01-24,43,Female,Reidtown
5866,Brett Carey,dmayo@gmail.com,326-321-3894,2024-05-12,61,Female,Trevorville
5868,James James,fwilliams@gmail.com,318-298-3988,2021-12-02,25,Female,Port Denise
5869,Thomas Pitts,sandersjustin@gmail.com,220-976-5742,2022-05-20,54,Male,Jesusland
5870,Roger Brown,sanchezbrandon@gmail.com,666-897-1506,2023-12-11,65,Female,Oconnellberg
5871,Tina Giles,mwilliams@gmail.com,446-776-9844,2020-01-07,26,Male,West Crystalchester
5872,Ana Gonzales,jameshall@gmail.com,916-320-0521,2022-05-10,22,Other,Michaelmouth
5873,Melissa Martinez,bdunn@gmail.com,520-415-6688,2023-05-08,43,Other,Vanessamouth
5874,Jose Hill,brownkim@gmail.com,264-513-2007,2020-09-23,59,Female,North Caitlinport
5875,Justin Esparza,scoleman@gmail.com,460-928-6502,2022-09-22,62,Female,North Michael
5876,Terry Morris,millerkristin@gmail.com,786-522-1886,2021-01-04,60,Female,Williamsview
5877,Michelle Smith,millertimothy@gmail.com,339-218-7483,2021-06-24,52,Other,Lawrenceberg
5878,Michelle King,vthompson@gmail.com,700-972-9419,2020-07-09,43,Male,Elizabethland
5879,Mitchell Sanders,theresa36@gmail.com,971-745-7437,2024-09-13,60,Female,Port Johnny
5880,Charles Cisneros,becky58@gmail.com,669-811-6711,2024-08-10,50,Male,Nielsenhaven
5881,Tracy Rivera,aprilanderson@gmail.com,661-238-6488,2023-07-22,46,Male,Reyesstad
5882,Matthew Hahn,adamwebb@gmail.com,955-857-6457,2022-02-16,24,Other,Lake Hannahstad
5883,Nancy Murphy,mcdonaldrobert@gmail.com,316-369-9676,2020-08-18,21,Female,Lake Angelaside
5884,Ryan Barrera,frogers@gmail.com,791-609-0569,2021-11-12,53,Male,Heathertown
5885,Daniel Cummings,katie32@gmail.com,710-489-2714,2020-03-08,33,Male,Port Marissaton
5886,Jacqueline Aguilar,meghanmiller@gmail.com,303-524-1012,2020-11-12,34,Male,Port Lisa
5887,Terry Gallegos,kdouglas@gmail.com,295-872-6230,2022-12-08,52,Other,Lorettaburgh
5888,Michelle Peterson,raymondmoore@gmail.com,395-822-7520,2024-02-14,64,Male,Port Michaela
5889,Wyatt Smith,montesdeborah@gmail.com,374-431-7798,2021-11-11,56,Female,Port Edwardland
5890,Jesse Martin,xryan@gmail.com,615-880-8592,2022-09-01,18,Male,South Kaylaburgh
5891,Dalton Owens,kellyzachary@gmail.com,520-625-6650,2020-02-03,41,Female,Levyview
5892,Daniel Contreras,kgentry@gmail.com,701-282-6675,2024-03-30,65,Female,South Sandra
5893,Dustin Horton,nicole74@gmail.com,842-457-2739,2023-09-14,33,Male,Lake Michael
5894,Allen Cook,michelle17@gmail.com,526-853-5873,2022-05-28,19,Other,Luisstad
5895,Mary Rogers,xkennedy@gmail.com,616-972-0038,2023-12-21,23,Other,Lisaside
5896,Robert Phillips,cindyhanson@gmail.com,841-882-9356,2022-04-12,35,Male,Lake Andrewbury
5897,Allen Mitchell,julieperkins@gmail.com,374-973-8122,2022-04-22,57,Male,North Nancy
5898,Stephen Kaiser,ryandavid@gmail.com,696-802-7975,2023-03-25,37,Male,South Thomasburgh
5899,David Miller,seanhernandez@gmail.com,405-980-0849,2023-08-04,29,Male,Perezshire
5900,Cindy Pearson,jessicawilliams@gmail.com,751-921-3724,2023-10-18,27,Female,Jasontown
5902,Rachel Anderson,zachary38@gmail.com,357-916-2975,2022-01-13,58,Other,West Benjaminshire
5903,Kevin English,derrickday@gmail.com,631-959-4704,2023-11-04,36,Other,East Rossburgh
5904,Aaron Barker,michael44@gmail.com,807-949-8417,2024-02-29,33,Male,Sharpside
5905,Marie Pineda,leonardortega@gmail.com,629-946-4790,2023-04-07,24,Other,Jenniferbury
5906,Elizabeth Lam,holmesnancy@gmail.com,896-362-8762,2020-09-06,38,Other,Mistyberg
5907,Penny Payne,mhernandez@gmail.com,769-883-7785,2020-07-04,61,Male,New Olivia
5908,Megan Duffy,joel67@gmail.com,775-559-5714,2020-12-19,37,Other,Sandersmouth
5909,Kevin Blackwell,bjackson@gmail.com,419-246-1572,2020-05-26,54,Male,Rachelborough
5910,Mary Hawkins,schultzheather@gmail.com,213-801-3511,2024-08-05,37,Female,New James
5911,Sheena Martin,margaretjones@gmail.com,358-686-8056,2021-09-27,44,Female,North Loribury
5912,Jessica Russell,farmstrong@gmail.com,366-372-3491,2020-02-17,55,Other,South Hannah
5913,Jasmine Gay,brittany59@gmail.com,377-586-2237,2024-08-03,29,Female,South Melody
5914,Bill Stephenson,aprilfaulkner@gmail.com,476-589-3067,2023-10-09,61,Other,South Phillip
5915,Jacob Baker,kathy17@gmail.com,940-768-8069,2024-07-14,40,Other,East Angelamouth
5916,David Harrell,petersenkaitlin@gmail.com,901-512-6179,2024-07-12,37,Male,Emilyfort
5917,Sandra Morgan,melody90@gmail.com,589-990-0092,2021-07-20,46,Female,Lake Angela
5918,Colin Garcia,foxaaron@gmail.com,400-593-9918,2021-07-09,33,Other,Gregoryside
5919,Amanda Moore,toddgriffith@gmail.com,831-885-3441,2020-12-30,48,Other,East Mirandaport
5920,Mrs. Teresa Bullock MD,jonesmary@gmail.com,811-796-8447,2022-07-14,58,Male,North Yolanda
5921,George Lane,vnelson@gmail.com,720-386-5809,2024-05-29,41,Male,Port Jonathan
5922,David Peterson,alyssa10@gmail.com,862-240-6924,2020-08-07,22,Male,Tristanfurt
5924,Christine Shaw,mhughes@gmail.com,810-527-2216,2021-06-20,56,Male,Jordanberg
5925,John Turner,michellegarcia@gmail.com,743-380-3523,2024-01-03,34,Other,North Jennifer
5926,Kimberly Peterson,fmorton@gmail.com,922-467-0979,2021-11-22,37,Other,East Justinborough
5927,Brooke Rodgers,ahoffman@gmail.com,765-639-8905,2021-11-08,38,Female,South Kimberly
5928,Rodney Carson,williamsamy@gmail.com,265-472-1545,2024-08-04,30,Female,East Richard
5929,Katie White,penny15@gmail.com,684-727-6549,2022-07-16,43,Male,Lake Marie
5930,Whitney Phillips,nathaniel46@gmail.com,805-475-0295,2020-07-26,53,Female,Johnhaven
5931,Michelle Thompson,jamie93@gmail.com,805-597-8953,2020-08-20,61,Female,Michaelburgh
5932,Andre Cunningham,nicholas83@gmail.com,935-754-3556,2020-06-26,49,Female,Wheelertown
5933,Nicholas Hogan,barrylambert@gmail.com,788-488-0274,2020-04-09,61,Male,North Douglas
5934,Adam Bennett,amy08@gmail.com,995-786-6410,2024-06-07,44,Male,East Gracehaven
5936,Madeline Jones,thomaspamela@gmail.com,547-352-1330,2022-11-12,55,Other,Youngton
5937,Jennifer Brock,mariahferrell@gmail.com,943-829-1220,2021-09-17,45,Female,Reynoldsborough
5938,David Rodgers,chenchristopher@gmail.com,830-756-1870,2023-03-10,54,Male,Cruzfort
5939,Christine Stevens,theresahorn@gmail.com,431-673-3181,2021-06-22,34,Female,East Stephanie
5940,Rebecca Glenn,brianjackson@gmail.com,337-907-0693,2022-05-14,47,Female,New Morganmouth
5941,Meghan Buckley,mgolden@gmail.com,489-979-9716,2022-10-29,34,Other,Bowenmouth
5942,Thomas Young,pterry@gmail.com,304-995-6947,2023-01-04,56,Male,Port Tinamouth
5943,Robert Murphy,hollypham@gmail.com,893-860-5701,2020-12-30,20,Female,Harrisland
5944,Michelle Hale,rachaeljohnson@gmail.com,519-315-3351,2021-05-27,65,Male,Kellyview
5945,Eric Myers,mercadojohn@gmail.com,919-268-6843,2024-02-12,42,Male,Hatfieldside
5946,Rhonda Martinez,matthew26@gmail.com,712-955-6230,2023-04-14,43,Male,Kristifurt
5947,Karen Gillespie,jacob59@gmail.com,611-913-0690,2020-02-29,54,Other,New Taylor
5948,Becky Navarro,dhill@gmail.com,261-723-1347,2022-06-13,33,Other,Hebertfurt
5949,Julie Lee,melvin22@gmail.com,530-703-2270,2021-06-23,55,Other,East Nicole
5951,Jennifer Skinner,uwinters@gmail.com,929-509-5502,2021-01-09,64,Female,Christensenchester
5952,Alyssa Patterson,chrisreynolds@gmail.com,510-420-3808,2023-11-21,18,Male,East Kathrynstad
5953,Leslie Macias,walkermichael@gmail.com,859-392-6281,2021-06-14,26,Male,Port Danielport
5954,Shari Gould,williamskatherine@gmail.com,259-805-5728,2021-01-02,26,Other,Nicholastown
5955,Dylan Cummings,andersonerin@gmail.com,563-399-8915,2024-02-11,33,Male,North Julia
5956,Katherine Gonzales,jonathan42@gmail.com,840-661-1428,2022-05-25,51,Male,North Carolmouth
5957,Kenneth Fisher,robert65@gmail.com,950-991-1554,2024-02-21,61,Other,Lake Andrea
5958,Sherry Allison,henrymeredith@gmail.com,714-673-5604,2020-12-16,42,Male,Ryanborough
5959,Heather Davis,racheldavis@gmail.com,995-233-2651,2022-04-03,55,Female,West Saraland
5960,Jack Wood,brianmason@gmail.com,201-472-6562,2020-02-03,62,Male,Lake Stuart
5961,Lauren Cook,shawallison@gmail.com,551-604-6587,2020-12-08,59,Male,New Ronaldmouth
5962,Kristy Franco,lesliewilliams@gmail.com,272-898-4724,2023-11-05,54,Female,Santiagostad
5963,Richard Gray,anthony85@gmail.com,672-327-6618,2022-09-14,59,Female,West Kiara
5964,Joann Black,sheila10@gmail.com,874-734-5461,2023-10-11,29,Female,Davidport
5965,Jacob Whitney,bailey07@gmail.com,643-982-7751,2020-11-20,33,Female,Shaunview
5966,Frances Merritt,michael46@gmail.com,974-768-2949,2022-02-27,18,Female,Joshuamouth
5967,John Smith,tammywells@gmail.com,300-968-8438,2021-02-03,52,Female,Lake Sarah
5968,Amanda Johnson,jsmith@gmail.com,259-849-4886,2022-11-28,37,Other,West Julia
5969,John Lynn,smithzachary@gmail.com,986-785-2548,2024-02-28,51,Male,South Tracyside
5970,Kristi Reyes MD,gary01@gmail.com,576-643-4657,2020-11-01,25,Male,Barrettmouth
5971,Maria Allen,amanda47@gmail.com,956-662-8133,2024-02-01,56,Other,North Katherine
5972,Audrey Ramos,henry90@gmail.com,772-983-3171,2020-04-18,27,Other,South Jessicaside
5973,Cole Todd,msantiago@gmail.com,877-597-2118,2024-06-26,45,Other,West Victoria
5974,Donald Waller,lesliehaas@gmail.com,295-399-1502,2022-08-09,19,Male,West Logan
5975,Bruce Ballard,kimberlywright@gmail.com,671-967-9664,2020-12-24,53,Male,Lindaview
5976,Susan Torres,bushrebecca@gmail.com,954-914-3751,2024-08-02,54,Other,Alejandrochester
5977,Douglas Moss,smithscott@gmail.com,868-891-6488,2023-02-23,53,Other,Brianhaven
5978,Christopher Rowe,collinscandace@gmail.com,375-212-9702,2022-05-07,49,Male,North Heather
5979,Brett Gutierrez,daniel45@gmail.com,-11-167-,2020-10-11,19,Female,Kevinstad
5980,Amber Peterson,vdickerson@gmail.com,325-687-6691,2020-11-14,57,Female,Hughesfurt
5981,Alexis Anderson,michaelhamilton@gmail.com,297-527-3676,2023-02-19,40,Other,South Alexis
5982,William Clark,hannahsalinas@gmail.com,653-487-3899,2020-09-29,24,Female,North Abigailton
5983,Aaron Robertson,lisa61@gmail.com,653-990-3697,2020-08-11,59,Female,New Cherylstad
5984,Mr. Mike Gregory,fmooney@gmail.com,506-984-0079,2021-01-06,53,Female,East Brianstad
5985,Vanessa Lewis,timothygarcia@gmail.com,950-775-4114,2024-01-12,26,Other,South Aaronberg
5987,Brian Gutierrez,bobby49@gmail.com,476-674-2941,2020-10-24,48,Female,Lozanoland
5988,Christopher Lopez,mwilson@gmail.com,688-476-2645,2021-01-25,39,Female,North Christophermouth
5989,Tanner Molina,icoleman@gmail.com,541-523-6547,2023-05-02,33,Male,West Kelsey
5990,Dr. Heather Harris DDS,qsanders@gmail.com,493-776-4007,2022-07-21,38,Female,Jonesview
5991,Annette Barrett,nuneznorma@gmail.com,398-326-9502,2021-03-06,29,Male,Cherylchester
5992,Timothy Shelton,robert59@gmail.com,345-750-2750,2022-02-24,36,Male,Christinamouth
5993,Roy Lopez,jody88@gmail.com,631-814-6245,2023-09-04,28,Other,Port Shirley
5994,Hannah Perez,onorris@gmail.com,696-699-1116,2024-06-29,36,Other,New Tiffany
5995,Sydney Nelson,rogerlevy@gmail.com,889-794-8342,2023-11-27,34,Male,South Rebecca
5996,Christina Hall,palmerchris@gmail.com,967-986-2258,2020-03-04,35,Other,Lake Jamie
5997,Erik Robinson,jnelson@gmail.com,877-864-9418,2020-08-21,53,Female,Paulland
5998,Anne Holmes,christine05@gmail.com,326-250-9069,2021-06-27,43,Other,New Amanda
5999,Meredith English,angelicamitchell@gmail.com,507-932-9780,2023-12-08,57,Male,Natashaview
6000,Mrs. Norma Stein,eadams@gmail.com,866-727-5921,2022-08-25,24,Female,Abigailtown
6001,Gina Cross,oray@gmail.com,289-410-0114,2024-07-06,47,Other,West Davidbury
6002,Daniel Logan,sbond@gmail.com,251-823-0668,2022-06-16,61,Male,New Daniel
6003,Brenda Edwards,awallace@gmail.com,334-701-7745,2023-03-21,46,Female,Lake Jenniferside
6004,John King,suzanne85@gmail.com,494-895-2792,2021-11-07,65,Male,Sarahmouth
6005,Jamie Patterson,wardbrandi@gmail.com,758-778-4798,2021-10-02,42,Female,West Kayla
6006,Mariah Mclaughlin,tiffany31@gmail.com,395-672-1323,2022-03-26,27,Other,Mackburgh
6007,Matthew Martinez,jonathan65@gmail.com,891-515-8094,2024-07-20,28,Male,New James
6008,Stacey Myers,william73@gmail.com,220-773-4639,2020-11-26,30,Male,Katiemouth
6010,Mr. Joseph Mills,tayloranderson@gmail.com,205-909-5923,2021-04-15,25,Male,New Vincent
6011,Brandon Hawkins,kevinmoore@gmail.com,611-626-3028,2022-01-23,57,Other,Cynthiaburgh
6012,Briana Davenport,ruben63@gmail.com,922-976-8844,2023-10-19,40,Male,Williamtown
6013,William Jones,ingrammelissa@gmail.com,502-382-2307,2022-06-03,20,Male,Thompsonhaven
6015,Randall Peters,maria80@gmail.com,600-232-2763,2020-03-22,33,Male,West Austin
6017,Devin Wilson,emiller@gmail.com,348-755-5086,2022-06-28,28,Female,East Joshua
6018,David Nash,taylorward@gmail.com,982-700-5141,2021-07-27,48,Female,Kennethstad
6020,Suzanne Wang,yberry@gmail.com,473-554-9785,2024-06-07,53,Other,West Stephanietown
6021,Thomas Vargas,samuelortiz@gmail.com,276-746-2377,2023-02-13,34,Male,New Kevinfurt
6022,Nicole Moreno,dfoster@gmail.com,681-728-3822,2020-07-09,33,Female,Port Chelseaville
6023,Michael Davis,hollandcourtney@gmail.com,-10-167-,2022-06-20,23,Other,Mitchellville
6024,Brian Sanders,ddalton@gmail.com,561-594-2138,2022-01-28,48,Male,Burgessbury
6025,Christopher Maxwell DDS,kristingreen@gmail.com,548-858-9560,2021-10-03,35,Female,Robertborough
6026,Emily Ferguson,carterjames@gmail.com,447-282-0355,2022-08-29,31,Male,Darrenmouth
6027,Laura Hill,andrew75@gmail.com,844-406-4974,2024-08-27,53,Female,East Michaelchester
6028,Joshua Garcia,briannagallagher@gmail.com,555-223-0199,2022-04-26,36,Female,Hillberg
6029,Laura Rodriguez,patricia95@gmail.com,489-896-2183,2020-11-25,36,Female,Odonnellton
6030,Carlos Robinson,jacksongarrett@gmail.com,853-771-9381,2023-01-28,22,Male,East Markland
6031,Jeffery Morris,christine53@gmail.com,573-279-0516,2022-03-01,47,Male,Martinchester
6032,John Long,christopherlove@gmail.com,969-721-9709,2020-03-15,30,Male,New Christopher
6033,Stephanie Medina,lawsoncynthia@gmail.com,799-750-9107,2022-10-16,65,Other,Port Christinaport
6034,Jill Watson,johndeleon@gmail.com,946-828-9198,2023-08-08,28,Male,East Ryan
6035,Tyrone Mckay,adam35@gmail.com,317-993-7603,2024-04-26,58,Male,Carlmouth
6036,Guy James,kingharold@gmail.com,312-829-8934,2022-04-18,30,Other,Matthewmouth
6038,Jennifer Garza,tracyrollins@gmail.com,467-505-8537,2020-11-30,62,Female,Lake Josephborough
6039,Kaitlin Craig MD,julieyork@gmail.com,818-869-1360,2024-09-15,51,Male,New Anthony
6040,Dr. Judy Douglas,ywest@gmail.com,299-239-2283,2020-10-07,63,Female,Whiteborough
6041,Jennifer Wall,cjohnson@gmail.com,691-810-0079,2021-10-30,18,Male,South Stephen
6042,Kristen Dixon,karen58@gmail.com,314-754-5011,2021-10-28,36,Other,Williamsburgh
6043,Felicia Taylor,danielwilliams@gmail.com,570-859-4221,2020-07-05,62,Male,West Kyle
6044,Benjamin Barrett,rebeccacampbell@gmail.com,203-945-6521,2024-06-28,20,Other,Andersonstad
6045,Tammy Thompson,mitchelltimothy@gmail.com,834-595-8631,2023-05-11,32,Female,Meyersshire
6046,Madison Lewis,fhammond@gmail.com,543-469-5517,2023-07-09,63,Male,East Teresaton
6047,Linda Garcia,amanda03@gmail.com,688-682-0323,2023-10-26,45,Male,Lake Stephenland
6048,Tony Robertson,xwhite@gmail.com,718-635-3529,2020-01-05,34,Female,Port Christianberg
6049,William Gonzalez,pbradford@gmail.com,403-579-0716,2024-04-26,46,Other,West Johnfurt
6050,Vicki Murphy,brian13@gmail.com,550-943-5230,2021-08-25,59,Other,East Paul
6051,Krystal Odonnell,jeremy25@gmail.com,233-621-6706,2022-10-21,62,Female,Port Lindsay
6052,Christopher Peck,gardneralyssa@gmail.com,242-273-7424,2022-12-12,48,Female,Kleinview
6054,Cassandra Daniel,silvadaniel@gmail.com,279-423-0829,2020-03-21,52,Male,East Mike
6055,Sabrina York,dwilson@gmail.com,292-995-5058,2022-11-27,33,Female,Lisaview
6056,Jonathan Scott,paul61@gmail.com,545-999-6956,2020-12-11,50,Female,Wallacefurt
6057,Kristin Miller,adamsdavid@gmail.com,978-712-3309,2023-10-23,21,Male,Lake Jacob
6058,Joseph Barton,alex61@gmail.com,481-428-7517,2023-09-18,19,Other,Port Amandaview
6059,Richard Miller,ninagreen@gmail.com,785-405-9340,2023-11-29,25,Other,Ewingtown
6060,Brianna Shaw,mquinn@gmail.com,982-788-9896,2023-08-26,58,Other,Candiceton
6061,Joseph Miller,stephensmichael@gmail.com,485-461-5422,2021-08-01,19,Female,Teresaberg
6062,Karen Lee,christinebrown@gmail.com,942-991-1021,2024-06-21,55,Other,Lake Kristin
6063,Matthew Stewart,brianrichards@gmail.com,901-584-1167,2023-01-20,23,Other,Port Kyle
6064,Anna Boyd,colemanchristina@gmail.com,927-934-2929,2022-12-03,23,Other,Watsonstad
6065,Dwayne Bradford,nicolecole@gmail.com,798-690-7162,2022-11-24,38,Male,Lake Steven
6066,Jessica Dominguez,turnerjennifer@gmail.com,376-520-2741,2023-03-15,21,Male,South Luis
6067,Christina Bowen,halljonathan@gmail.com,859-567-9885,2021-11-14,19,Other,West Donna
6069,Ashley Nguyen,cody48@gmail.com,335-224-5234,2021-08-13,29,Male,Snyderfort
6070,Tammy Young,shawkevin@gmail.com,206-397-1638,2022-08-24,63,Other,Port Barbaraview
6071,Michael Morales,josephprice@gmail.com,653-244-5142,2024-05-25,20,Female,Loriburgh
6072,Dean Palmer,krystalkim@gmail.com,612-640-8091,2023-10-22,55,Female,North Shaneside
6073,Mr. Justin Cox,samantha33@gmail.com,613-564-2948,2021-07-17,53,Male,Amberport
6075,David Ross,walkervincent@gmail.com,933-334-7104,2020-07-26,24,Male,Rachaelton
6077,Samantha Simmons,knightkristina@gmail.com,947-833-5091,2023-01-15,39,Other,Brownborough
6078,Jennifer Alvarez,wilsonpeter@gmail.com,276-238-7434,2020-05-21,52,Male,Princeport
6079,Robert Moore,obriengerald@gmail.com,712-880-6053,2021-01-14,23,Female,Lindsayland
6080,Jay Guzman,gmccann@gmail.com,327-265-8028,2020-08-20,46,Male,Barberside
6081,Andrea Mcbride,youngbradley@gmail.com,705-535-5892,2021-10-16,21,Male,Lake Carrieburgh
6082,Brandi Hughes,traceyyoung@gmail.com,227-307-4397,2022-09-25,42,Male,Robinsonbury
6083,Jennifer Bauer,jorr@gmail.com,788-556-5275,2024-03-30,39,Female,New Victoriatown
6084,James Gordon,robert41@gmail.com,776-799-1316,2024-07-11,49,Male,Lake Benjamin
6085,Amber Hicks,atkinsonmichelle@gmail.com,248-828-2795,2023-11-30,50,Other,Angelafurt
6086,Julie Craig,kimberly52@gmail.com,929-756-4140,2021-05-23,20,Female,Johnsonmouth
6087,Kenneth Reed,catherine25@gmail.com,859-834-3554,2023-07-23,49,Other,West Victorchester
6088,Rebecca Morris,carlos91@gmail.com,578-248-2710,2021-10-30,55,Female,West Nicole
6089,Dominic Phillips,laurenanthony@gmail.com,410-735-4242,2022-03-12,65,Male,Greenton
6090,Amy Maxwell,matthewlopez@gmail.com,223-845-4401,2021-02-11,62,Other,Saraville
6091,Jacob Johnson,mezachad@gmail.com,842-727-5573,2022-03-20,58,Male,Donovanchester
6092,Leslie Watson,jacobroth@gmail.com,926-561-4955,2022-08-12,37,Other,Vincentchester
6093,Jessica Jackson,martinzachary@gmail.com,223-656-0588,2023-08-16,40,Female,North John
6094,Jonathan Dillon,amanda09@gmail.com,460-463-6694,2023-03-08,43,Male,Marvinchester
6095,Alison Jennings,ravenallen@gmail.com,982-975-7918,2023-04-08,40,Other,South Mackenziechester
6096,Heather Mills,ascott@gmail.com,574-450-6753,2020-06-04,59,Female,Hernandezland
6097,Chelsey Roach,jeromesullivan@gmail.com,303-980-5753,2021-02-09,33,Female,Port Robert
6098,Donna Mclaughlin,bruceharris@gmail.com,396-423-5476,2022-03-04,32,Other,Amyburgh
6099,Jared Eaton,qnelson@gmail.com,714-348-7465,2022-03-26,57,Male,Amandaville
6100,James Villegas,kathryn61@gmail.com,370-609-6564,2023-04-11,48,Male,New Monicafort
6101,Teresa Wright,dsmall@gmail.com,830-844-9546,2020-02-24,49,Female,West Johnberg
6102,Caleb Gutierrez,donaldpatrick@gmail.com,543-317-1755,2020-09-11,35,Female,North Royville
6103,Michael Walter,khaynes@gmail.com,347-504-5767,2021-08-01,43,Other,Bradton
6104,Sheila Martin,leahhawkins@gmail.com,623-944-4341,2020-01-29,59,Female,Angelicamouth
6105,Meagan Boyd,harperjacqueline@gmail.com,465-511-4890,2023-11-26,34,Male,West Joe
6106,Jared Leonard,shannonwilliams@gmail.com,421-594-9559,2021-01-18,24,Male,Rowlandmouth
6107,Judy Collins,iclark@gmail.com,931-522-8454,2020-11-06,62,Other,North Roberttown
6108,Jay Hanson,perezmatthew@gmail.com,928-267-4225,2022-11-19,33,Other,North Shannontown
6109,Susan Hernandez,lauradavis@gmail.com,398-378-0030,2023-03-20,36,Other,Colemanmouth
6110,Rickey Cooper,griffinjonathan@gmail.com,485-323-4363,2024-02-23,35,Female,Jeffreyhaven
6111,Joseph Thompson,ftrujillo@gmail.com,518-984-0584,2022-11-17,64,Other,North Nicole
6112,Andrea Lewis,sullivanbarbara@gmail.com,754-379-7255,2024-09-23,56,Female,East Cathy
6113,Dr. Bryan Davis MD,makaylafloyd@gmail.com,255-643-8033,2021-08-15,31,Other,North Jeffrey
6114,Marilyn Robles,kathleencunningham@gmail.com,318-959-2980,2021-08-30,21,Female,Lake Thomas
6115,Steven Ellison,chapmanluis@gmail.com,253-899-9457,2020-06-06,53,Female,Evansport
6116,Monica Campbell,rosescott@gmail.com,256-768-1059,2020-10-10,54,Female,West Michaelmouth
6117,Stephanie Bowman,meyerparker@gmail.com,936-841-6299,2021-06-07,65,Other,New Angelabury
6118,Patrick Franklin,paulburke@gmail.com,208-448-8315,2021-01-11,18,Other,Lake Kennethfurt
6119,Charlene Hobbs,jenniferfleming@gmail.com,331-525-6714,2020-03-09,52,Other,Trevormouth
6120,Carly Griffin,ywood@gmail.com,329-709-5415,2020-05-15,38,Female,South Edward
6121,Kristen Hall,jasoncopeland@gmail.com,743-498-0452,2020-02-13,65,Other,East Tammy
6122,Alyssa Gomez,james70@gmail.com,694-564-1653,2024-07-31,50,Male,South Jessica
6123,Martin Chan,qhunter@gmail.com,655-382-2945,2021-10-21,21,Male,Snyderville
6124,Christopher Shaw,thompsonkyle@gmail.com,424-771-9819,2021-08-01,51,Male,Christinafurt
6125,Carlos Olson,smithjulia@gmail.com,807-970-4265,2024-01-31,64,Female,Lake Jose
6126,Bonnie Huerta,stephenwalsh@gmail.com,486-340-1767,2024-03-31,23,Other,South Katherine
6127,Matthew Thomas,donnabrown@gmail.com,546-314-6680,2021-12-25,36,Other,Lake Sergioberg
6128,Mark Mccarthy,gjackson@gmail.com,346-884-4567,2021-11-13,25,Other,West Johnborough
6129,Christine Kennedy,dunlaptammy@gmail.com,611-780-4807,2021-01-03,37,Male,New Madelinemouth
6130,Jason Collier,melissa49@gmail.com,626-932-0285,2021-04-20,37,Other,Torresfurt
6131,Brian Munoz,samantha96@gmail.com,672-839-2096,2021-01-19,56,Male,West Claytonborough
6132,Mark Miller,dgardner@gmail.com,619-279-1540,2020-05-07,35,Male,East Michael
6133,Angela Phillips,jonesdeborah@gmail.com,931-899-5536,2021-12-09,39,Female,Aprilstad
6134,Kayla Werner,manuel29@gmail.com,825-250-9917,2021-04-17,41,Other,Sotoview
6135,Jeremiah Coffey,athompson@gmail.com,469-799-3442,2020-11-12,22,Other,Owensburgh
6136,Amy Roberson,qflynn@gmail.com,314-257-4704,2023-07-14,52,Male,Matthewbury
6137,Cody Gray,ihayes@gmail.com,490-873-3128,2020-11-10,62,Other,Ibarraville
6138,Erin Smith,johnwaller@gmail.com,272-731-9057,2021-08-29,23,Male,North Kennethland
6139,Denise Ellis,zperry@gmail.com,850-620-2649,2023-01-13,53,Female,Lake Gailton
6141,Gregory Davis,gregory45@gmail.com,492-260-6107,2024-08-20,21,Male,Cortezstad
6143,Megan Dalton,ymills@gmail.com,547-991-5488,2024-09-19,18,Other,Johnsonshire
6144,Sarah Gomez,wbradley@gmail.com,724-666-6637,2021-08-30,28,Other,East Staceystad
6145,Eric Anderson,awalker@gmail.com,272-235-8849,2021-05-20,55,Other,West Jenna
6146,Michael Richardson MD,bryan94@gmail.com,791-283-3421,2020-09-21,34,Other,New Matthewland
6147,Brian Petty,jamesgarza@gmail.com,438-231-3572,2021-11-14,32,Female,East Davidport
6148,Tiffany Adkins,hortonkathryn@gmail.com,451-452-4650,2022-06-15,62,Female,North Jamesview
6149,Eric Irwin,mcneilpaul@gmail.com,395-787-9120,2023-04-17,24,Other,North Mark
6150,Joseph Smith,susan40@gmail.com,436-515-0571,2023-03-19,55,Other,North Perry
6151,Stephanie Martinez,peterskaren@gmail.com,334-475-5613,2024-05-04,59,Male,Walkerchester
6152,Carlos Johnson,toddlove@gmail.com,984-324-0387,2024-03-23,49,Other,Darrylborough
6153,Kyle Brown,leah82@gmail.com,437-429-8987,2020-08-06,62,Other,Phamburgh
6154,Tabitha Serrano,kaitlynstevenson@gmail.com,470-274-8175,2022-01-21,31,Female,West Scottmouth
6155,Dawn Weiss,markhowe@gmail.com,854-648-4698,2024-01-12,50,Other,South Laurenfurt
6156,Debra Murray,shawnlewis@gmail.com,748-920-3860,2021-05-26,55,Other,South Brandonfurt
6157,Danielle Davis,rebeccasexton@gmail.com,994-803-1145,2020-12-07,42,Male,Port Jamie
6158,Carl Tanner,vincent20@gmail.com,420-926-1814,2020-03-22,31,Female,Lisaburgh
6159,Mercedes Page,kyleconner@gmail.com,581-513-2660,2024-05-14,45,Female,Davidchester
6160,Dana Combs,cynthiabrooks@gmail.com,686-371-5634,2020-08-20,21,Female,South Kristinaborough
6161,Matthew Jones,pottertimothy@gmail.com,277-834-8870,2021-07-06,51,Other,New Williamland
6162,Kyle Bowen,ruizbrandy@gmail.com,531-455-3667,2020-05-01,45,Male,New Raymond
6163,Jessica Sanchez,jenkinsjennifer@gmail.com,976-279-1505,2020-01-23,55,Female,Whitefort
6164,Laura Barber,davidmacias@gmail.com,473-532-7384,2023-06-23,46,Female,Stewartview
6165,Lindsay Morton,lrodriguez@gmail.com,404-976-9086,2020-09-02,53,Other,Katelynburgh
6166,Brandon White,fdavidson@gmail.com,349-655-4522,2022-04-10,48,Female,Sergiofort
6167,Dr. Isaac Noble,uhoffman@gmail.com,688-839-9772,2022-07-15,45,Female,East Hunterstad
6168,Joseph Chavez,smithchristine@gmail.com,496-703-5567,2023-11-22,27,Other,Onealview
6169,Harry Boyer,smitheric@gmail.com,535-942-1893,2020-01-07,24,Other,Tammyborough
6170,Sarah Perkins,morrisbeverly@gmail.com,940-996-9119,2023-06-27,24,Male,Annamouth
6171,Kathy Bryant,martinezaudrey@gmail.com,446-589-6334,2020-04-13,26,Male,Bradleystad
6172,Betty Fuentes,georgebrenda@gmail.com,675-274-4760,2024-07-09,62,Female,East Eddiestad
6173,Brittany Baker,jacobdyer@gmail.com,640-755-3574,2023-03-17,20,Other,Robertsshire
6174,Austin Hill,arielkidd@gmail.com,594-206-2599,2024-09-03,25,Female,Port Joshua
6175,Ethan Hernandez,bjohnson@gmail.com,571-731-5727,2021-09-21,61,Other,South Todd
6176,Cory Miller,bsherman@gmail.com,485-563-1739,2020-11-12,22,Male,East Thomasberg
6177,Emily Shaw,teresa72@gmail.com,605-970-6458,2023-11-28,25,Male,New Misty
6178,Nichole Griffin,randy24@gmail.com,804-864-4899,2021-02-27,41,Male,Moodyville
6179,Juan Hill,obrown@gmail.com,893-746-7420,2024-02-17,40,Male,East Kimberlymouth
6180,Brad Gallagher,dunnphyllis@gmail.com,280-991-2962,2021-09-16,27,Other,East Amy
6181,Alicia Stevens,michelleanderson@gmail.com,777-799-9599,2023-02-05,37,Female,East Maria
6182,Katie Sutton,luis97@gmail.com,550-965-0086,2023-06-12,19,Female,Lake Ryan
6183,Jeremy Moore,beckjack@gmail.com,415-537-9798,2021-08-16,59,Male,North Lisahaven
6184,Natasha Walker,susan46@gmail.com,212-846-5416,2022-04-22,59,Male,Donaldfort
6185,Patrick Williamson,wharmon@gmail.com,871-846-3563,2023-12-09,30,Female,Walkerside
6186,John Espinoza,alexstewart@gmail.com,217-952-3814,2022-04-14,43,Male,Masonstad
6187,Kevin Johnson,nicoleoneill@gmail.com,625-337-0090,2023-03-25,28,Female,Traceytown
6188,Danielle Jordan,mcneilmaria@gmail.com,862-783-5062,2024-03-22,20,Other,Lake Jermaine
6189,Eric Shelton,ycoleman@gmail.com,908-475-4110,2022-08-01,27,Other,Careyborough
6190,Amber Williamson,timothy65@gmail.com,613-494-8881,2023-03-08,47,Other,Scottmouth
6191,Jonathan Bell,tanya28@gmail.com,311-463-3946,2022-04-23,65,Male,East Jackson
6192,Paul Webster,scottcrawford@gmail.com,296-913-1964,2022-12-30,38,Other,Bakerport
6193,Melissa Frey,dhughes@gmail.com,528-785-9834,2023-05-14,31,Other,Ashleymouth
6194,Ryan Brown,stewartjoseph@gmail.com,406-909-8334,2020-11-05,65,Other,Kevinshire
6195,Michael Shelton,xtucker@gmail.com,582-848-3150,2021-03-01,21,Female,East Mariah
6196,Jackie Montgomery,allengina@gmail.com,515-894-0964,2023-03-07,24,Male,Marymouth
6197,Christy Davidson,leonardrobert@gmail.com,821-202-5205,2023-10-22,55,Male,Jonesfurt
6198,Terri Alexander,kennethdavis@gmail.com,257-652-4274,2021-05-06,34,Male,North Loritown
6199,Roger Grant,marycochran@gmail.com,873-271-6614,2022-07-17,28,Other,Stacytown
6200,Zachary Evans,thomas63@gmail.com,393-611-0137,2021-10-03,55,Male,Johnstad
6201,George Thomas,joshuajackson@gmail.com,827-682-6257,2023-10-05,59,Male,Lake Heather
6202,Carlos Hatfield MD,laurenwilson@gmail.com,873-276-9638,2020-05-10,53,Other,Elizabethmouth
6203,Jordan Powers,sarahlarson@gmail.com,302-964-3798,2022-01-31,44,Other,West Amber
6204,James Garcia,cynthia36@gmail.com,884-741-7468,2023-09-29,19,Female,Shieldsborough
6205,Gerald Chavez,angelariley@gmail.com,319-337-0145,2021-11-24,50,Other,Dawnville
6206,Amy Wilson,gary50@gmail.com,481-377-7008,2021-05-04,32,Male,Cohenfort
6207,Noah Preston,courtney26@gmail.com,815-204-0878,2020-05-29,27,Male,East John
6208,Brandon Rubio,kathrynjones@gmail.com,643-465-9299,2021-04-04,48,Female,Port Jennifer
6209,Johnny Martin,umalone@gmail.com,989-352-5712,2021-10-24,22,Female,Perrychester
6210,Ann Morris,pking@gmail.com,985-345-1473,2024-08-02,41,Female,Houstonport
6211,Jamie Francis,allenspencer@gmail.com,587-444-7220,2021-04-16,59,Male,Jamesside
6212,Alex Wells,kathryn19@gmail.com,450-402-4570,2024-07-17,20,Male,Smithfort
6213,Rachel Nixon,emilyhenderson@gmail.com,652-982-1010,2024-07-29,51,Male,East Joshua
6214,Kyle Anderson Jr.,marysmith@gmail.com,865-791-0625,2020-09-25,60,Other,Jordanport
6215,James Palmer,ashley50@gmail.com,354-493-5127,2022-12-01,28,Female,South Eric
6216,Bradley Harris,iwilliams@gmail.com,742-952-4696,2020-09-04,49,Male,West Dianaburgh
6217,Eugene Jackson,brownchad@gmail.com,525-389-7430,2023-02-27,18,Male,Waltershaven
6218,Jason Ford,haynesashley@gmail.com,605-785-6960,2021-04-17,60,Male,Baileyside
6219,Mitchell Meyer,wmoody@gmail.com,242-288-5868,2021-09-12,23,Male,North Aimeeview
6220,Justin Monroe,lguerra@gmail.com,318-306-1738,2022-12-13,63,Male,East Lisafort
6221,Kenneth Murphy,batesedward@gmail.com,524-566-3359,2020-05-04,63,Female,Lisaview
6222,James Rice,danny56@gmail.com,292-620-7890,2024-09-11,49,Other,Lake Shelly
6223,Elijah Rhodes,xallen@gmail.com,315-868-4015,2020-06-25,30,Other,Port Tonya
6224,John Benton,robertsonnathan@gmail.com,469-542-3696,2024-05-07,26,Male,Geraldchester
6225,Calvin Daniel,jefferyyoder@gmail.com,345-219-6156,2023-11-02,30,Female,Sandraburgh
6226,Heather Walters,jillian93@gmail.com,213-913-7859,2020-06-12,23,Male,New Rodneyport
6227,Mary Little,edwardgeorge@gmail.com,731-680-0734,2022-06-18,31,Male,Victoriamouth
6228,Tyler Nichols,johnsonjoseph@gmail.com,766-747-6742,2022-04-03,44,Male,East Hectorport
6229,Vicki Robles,hrobinson@gmail.com,233-384-9372,2020-06-27,51,Other,Chadland
6231,Rebecca Powell,javiermoran@gmail.com,864-312-1240,2023-02-26,25,Male,Lake Rachel
6232,Thomas Jackson,erinkent@gmail.com,880-698-9077,2021-09-13,19,Male,Bonillaberg
6233,Cameron Miller,travis13@gmail.com,875-970-3301,2022-12-26,36,Other,West Bryan
6234,Frederick Graham,krystal59@gmail.com,591-638-8228,2022-02-24,31,Other,Bullockmouth
6235,Melissa Wilcox,sandra18@gmail.com,215-775-2178,2020-12-23,53,Male,Lopeztown
6236,Shawn Johnson,ffox@gmail.com,703-413-2303,2020-10-09,61,Other,Theodoreport
6237,Lisa Levy,ryanmartin@gmail.com,302-643-2988,2021-07-06,48,Female,Reeseview
6238,Jessica Thornton,matthewwatson@gmail.com,581-537-4552,2020-01-22,20,Female,New Jeffrey
6239,Barbara Morris,isaiah24@gmail.com,973-808-3261,2022-09-10,61,Other,West Adam
6240,Kristen Brown,laurarojas@gmail.com,722-223-4181,2022-03-13,46,Other,Valentinechester
6241,John Willis,joshua23@gmail.com,528-490-5841,2023-02-09,64,Female,New Brandihaven
6242,Felicia Rodgers,parkereric@gmail.com,310-458-2740,2021-11-14,57,Male,South Zacharyburgh
6243,Donna Baxter,jeffrey81@gmail.com,565-658-9844,2021-07-12,30,Other,Timothymouth
6244,David Madden,mark03@gmail.com,363-201-8500,2024-05-18,61,Male,Port Jose
6245,Shannon Goodman,wardjoseph@gmail.com,443-235-9593,2021-10-18,33,Female,Krauseberg
6246,Nicole Gray,joshuaraymond@gmail.com,235-838-3255,2023-12-04,35,Other,Adkinsburgh
6247,Mitchell Torres,uoneal@gmail.com,558-786-3353,2023-10-16,43,Male,West Jordanton
6248,Stephanie Young,chelseaparker@gmail.com,710-950-6589,2022-12-03,46,Other,Port Jillborough
6249,Lauren Horne,anthonyjohnson@gmail.com,854-518-5435,2023-04-02,38,Male,South Amberstad
6250,Kimberly Anderson,larry90@gmail.com,998-967-0851,2023-11-04,53,Other,South Donnafurt
6251,Karen Lester,taylorheather@gmail.com,226-514-7609,2024-03-15,64,Female,Emilyton
6252,Laurie Kelley,robinburke@gmail.com,872-586-4607,2020-11-18,55,Male,South Lawrence
6253,Luis Mendez,jason50@gmail.com,842-832-0325,2021-06-03,56,Other,Sabrinastad
6254,Fernando Moore,tyler19@gmail.com,630-687-8031,2022-12-20,35,Male,West Brendashire
6255,Daniel Carrillo,caldwellmatthew@gmail.com,512-235-7893,2023-04-19,38,Male,Josephview
6256,Dr. Terry Norton Jr.,jameshaley@gmail.com,999-613-3619,2024-01-14,46,Male,South Jill
6257,Joseph Davis,teresa08@gmail.com,788-916-5152,2021-12-12,38,Male,West Christie
6258,Erica Warner,annahutchinson@gmail.com,617-293-4861,2021-09-26,21,Female,Frankmouth
6259,Matthew Mcdonald,jeremygarcia@gmail.com,807-895-1899,2021-06-12,25,Other,South Jimmyburgh
6260,Johnny Mitchell,lesliechandler@gmail.com,785-724-4019,2023-12-23,24,Female,North Ronald
6261,Andrew Hodges,sherri33@gmail.com,530-411-3912,2020-04-04,23,Other,Thompsonchester
6262,Meagan Davis,nlowe@gmail.com,999-791-6015,2021-04-19,32,Male,Perezside
6263,Thomas Jackson,brittanywarner@gmail.com,873-982-7502,2024-05-08,31,Female,Freemanside
6264,Michael Campos,jamesreyes@gmail.com,245-360-8981,2023-02-27,50,Male,West Leslieland
6265,Ms. Kimberly Palmer PhD,faulknerpaul@gmail.com,936-429-5511,2023-01-04,47,Other,Port Michael
6266,Daniel Mendez,helengraham@gmail.com,999-714-4985,2024-01-26,47,Female,New Brian
6267,Christopher Lin,shawn19@gmail.com,451-481-1837,2024-07-16,22,Other,West Walterland
6268,Matthew Tran,sherrywaters@gmail.com,405-699-1418,2021-06-19,65,Other,West Bryanside
6269,Riley Adams,wolfjamie@gmail.com,255-935-5927,2023-04-19,30,Other,North Christopher
6270,Katie Glover,arroyoandrew@gmail.com,956-661-1332,2022-12-08,19,Female,Johnmouth
6271,Kimberly Underwood,williamsrobert@gmail.com,829-509-6023,2022-07-31,38,Male,Davidsonfort
6272,Willie Martinez,angelaharvey@gmail.com,993-248-7352,2021-05-26,19,Female,Johnfurt
6273,Samuel Booker,vmahoney@gmail.com,475-320-1229,2022-08-18,21,Male,Amberberg
6275,Donna Bryant,dawndouglas@gmail.com,439-305-9640,2023-12-13,46,Male,Williamschester
6276,Rickey Jackson,haleyreynolds@gmail.com,675-312-6454,2022-03-11,33,Other,Barrettton
6277,Sue Smith,michaelgreen@gmail.com,589-588-4899,2023-03-25,41,Male,Hernandezport
6278,Richard Horn,pgarrison@gmail.com,291-678-9711,2022-12-20,50,Female,Port Phillip
6279,Victoria Clark,juliekaufman@gmail.com,466-855-5540,2024-09-06,23,Female,Munozstad
6281,Eric Ruiz,stephanie00@gmail.com,958-592-0456,2022-05-04,37,Other,Webbstad
6282,Lori Price,sylvia38@gmail.com,935-616-6685,2021-12-11,42,Female,Jordanside
6283,Christopher Todd,hendersonrobin@gmail.com,844-221-4479,2023-09-11,61,Other,Lake Collinhaven
6284,Joseph Newman,lpierce@gmail.com,959-996-8383,2020-06-17,21,Other,Thomasside
6285,Tiffany Phillips,eric11@gmail.com,410-959-3115,2024-09-06,38,Other,West Shawn
6286,Sandra Davis,brittany17@gmail.com,421-931-9703,2021-12-11,34,Male,Port Brianhaven
6287,Kristy Herman,devin83@gmail.com,658-675-2179,2024-04-29,47,Other,Heatherstad
6288,Kristen Johnson,henrytroy@gmail.com,914-557-4524,2024-08-23,39,Other,West Nicoleberg
6290,Catherine Anderson,carmenmartin@gmail.com,639-643-6151,2022-09-09,36,Male,Alexandraport
6291,Jessica Suarez,dmiller@gmail.com,776-237-8075,2023-03-16,22,Other,Port Rhonda
6292,Michael Jones,hooverwhitney@gmail.com,589-819-1456,2020-03-29,19,Female,Michaelstad
6293,John Frye,jamescallahan@gmail.com,377-942-4808,2020-05-25,58,Male,Lynchbury
6294,Lisa Thornton,ruizlaura@gmail.com,223-600-7249,2020-04-27,40,Other,Carlsonview
6295,Savannah Wright,barrontoni@gmail.com,950-827-9271,2020-05-18,57,Other,North Charles
6296,Anthony Berger,rodgerskimberly@gmail.com,260-918-4423,2023-07-25,36,Other,Mcgeeside
6297,William Brewer,lopeznatasha@gmail.com,225-514-2645,2024-01-08,25,Other,New Frankshire
6298,Phillip Powell,erin45@gmail.com,274-435-0837,2021-06-21,47,Other,East Gregory
6299,Kyle Manning,megananderson@gmail.com,317-957-8295,2024-02-04,48,Male,Cameronhaven
6300,Patricia Jackson,ipalmer@gmail.com,703-562-1493,2021-01-03,44,Other,Port Timothybury
6302,Shane Meyer,jennifercarter@gmail.com,263-960-7166,2023-05-14,32,Other,New Oliviahaven
6303,Maxwell Ramos,lindsay22@gmail.com,744-541-7127,2020-07-20,57,Female,Port Denise
6304,Daniel Acosta,dukekim@gmail.com,340-867-0718,2024-09-22,38,Other,Crystalfurt
6305,Amanda Guerra,rodriguezlisa@gmail.com,642-420-4768,2022-01-01,64,Male,East Christinatown
6306,Amber Lee,owhite@gmail.com,313-947-8823,2022-12-05,36,Other,Jeffreyberg
6307,Michael Garza,blake28@gmail.com,860-629-9254,2023-04-28,24,Female,Fordborough
6308,Henry Dennis,taraguerra@gmail.com,668-430-7830,2022-07-13,47,Other,Schmidtfurt
6309,Bradley Schultz,haasmatthew@gmail.com,361-994-6254,2021-02-04,47,Female,Kimberlystad
6310,Austin Lucas,hward@gmail.com,583-844-0724,2021-06-18,23,Male,Villashire
6311,Michael Tucker,whiteheadkevin@gmail.com,261-562-4427,2020-06-23,63,Female,Kennethfurt
6312,Justin Robertson,zanderson@gmail.com,368-991-2469,2020-03-25,29,Female,South Marcland
6313,Derek Berg,iramirez@gmail.com,396-936-3105,2021-04-11,60,Female,New Michaelfort
6314,Blake Farley,carlos68@gmail.com,336-425-7733,2020-05-10,27,Male,Hendersonborough
6315,Richard White,sethgriffith@gmail.com,959-796-4493,2023-09-26,26,Female,Anitaview
6316,Tina Harrington,imorris@gmail.com,617-304-6564,2021-05-13,28,Female,Gatesbury
6317,Susan Taylor,reidjessica@gmail.com,762-590-2381,2024-05-17,29,Other,Torresville
6318,Taylor Williams,jessica60@gmail.com,804-420-7833,2023-11-07,25,Female,South Morganburgh
6319,Shelby Molina,brian64@gmail.com,788-941-6590,2024-07-16,25,Other,West Stevenborough
6320,Andrew Mccoy,matthewcoleman@gmail.com,676-450-4587,2023-07-28,60,Other,Port Elizabethville
6321,Gregory Taylor,rossjohn@gmail.com,458-311-8068,2022-12-27,41,Male,East Charles
6322,Amy Davis,bonillavirginia@gmail.com,319-367-4012,2022-10-25,27,Male,New Nicholas
6323,George Moore,wjones@gmail.com,403-202-4574,2020-11-17,59,Female,East Michelle
6324,Justin Sellers,websterashley@gmail.com,368-224-5165,2021-12-08,51,Female,Weissbury
6325,Nicholas Morton,cooperjudy@gmail.com,275-991-6836,2021-02-18,55,Male,Roberttown
6327,Paul Ellis,twright@gmail.com,537-513-7167,2020-11-14,34,Other,Catherineside
6328,John Wells DDS,lisadixon@gmail.com,845-618-0174,2022-03-15,37,Other,North Jennifer
6329,Thomas Mullen,michael12@gmail.com,368-816-9558,2021-03-21,30,Male,South Robertland
6330,Dustin Simon,jamesstephens@gmail.com,339-237-6854,2020-06-09,42,Male,East Charles
6331,Michael Ray,smithemily@gmail.com,238-657-8916,2021-06-16,46,Other,Farrellhaven
6332,Anthony Price,cooperjudith@gmail.com,530-912-8520,2023-08-24,37,Male,Port Lisa
6333,Rebecca Lowe,djordan@gmail.com,633-843-4188,2023-11-05,53,Female,Josephmouth
6334,Erica Roman,michael81@gmail.com,-11-204-,2022-06-02,26,Male,West Thomashaven
6335,Anna Mosley,aaron29@gmail.com,801-615-9398,2024-03-15,44,Other,East Joy
6336,Theresa Howard,wolftracy@gmail.com,699-666-7212,2023-05-15,61,Other,Jessicafurt
6337,Brenda Benson,michael03@gmail.com,500-274-1314,2024-01-02,53,Male,Williamsville
6338,Jose Day,chavezjohn@gmail.com,390-944-2223,2022-08-11,53,Female,Liuchester
6339,Michael Brandt,carmen89@gmail.com,248-237-1025,2024-06-03,42,Other,New John
6340,Andrew Mcgee,billyjackson@gmail.com,939-452-6033,2022-10-05,59,Male,New Mark
6341,Richard Spears,francisco39@gmail.com,495-219-8562,2021-05-12,54,Other,Patelmouth
6342,Nicole Bowen,heather83@gmail.com,895-327-4537,2022-10-28,47,Male,Joshuashire
6343,Derrick Lynch DVM,sferguson@gmail.com,322-307-6090,2020-02-16,29,Male,Dennisshire
6344,Kevin Thomas,ryoung@gmail.com,836-430-0016,2024-04-24,31,Female,Petershire
6345,Andrew Brown,joshuaandrews@gmail.com,529-976-6816,2023-10-30,35,Male,Johnshire
6346,Anne Washington,xsmith@gmail.com,714-344-8711,2022-08-24,29,Female,North Danaport
6347,Victor Johnson,samuel83@gmail.com,378-629-9989,2022-05-03,29,Other,Lake Stacie
6348,Lori Rivers,iryan@gmail.com,825-947-9085,2023-05-25,64,Female,North Danielle
6349,Heather Moore,erinwilliams@gmail.com,657-437-4226,2020-12-15,54,Male,Port Robinland
6351,Timothy Rodriguez,cgreen@gmail.com,857-924-2343,2021-11-05,45,Other,Morganview
6352,Jennifer Graham,matthewriley@gmail.com,539-537-3018,2024-03-04,48,Male,New Eugene
6353,James Smith,josephlowe@gmail.com,868-876-2422,2021-01-22,65,Female,Carolburgh
6354,Jennifer Pierce,garrettsophia@gmail.com,388-985-8460,2021-07-11,53,Other,Marymouth
6355,Meghan Brown,darinhart@gmail.com,536-353-8071,2023-06-08,48,Male,New Catherine
6356,Christopher Patel,patriciajohnson@gmail.com,339-622-9627,2023-07-05,45,Male,North Taylor
6357,Tracy Russell,stacy38@gmail.com,270-549-7250,2020-03-03,25,Other,Barnesfort
6358,Julie Atkinson,mistyherrera@gmail.com,959-452-2735,2021-07-06,19,Other,Scottmouth
6359,Dr. Debbie Lawrence,duanewolfe@gmail.com,233-393-6575,2024-01-15,34,Other,East Davidchester
6360,Jessica Burns,tracy07@gmail.com,995-612-4828,2024-02-04,58,Other,Davidsonport
6361,Nicholas Medina,tiffanygay@gmail.com,844-236-9705,2021-06-04,34,Female,Port Johnland
6362,Douglas Lambert,bakergregory@gmail.com,541-236-8966,2021-07-03,60,Other,Port Jeffreyport
6363,Andrew Valdez,lewiselizabeth@gmail.com,845-999-5688,2021-07-26,50,Other,West Tony
6364,Jordan Gibson,hamiltonmichael@gmail.com,669-542-2637,2021-11-08,61,Male,Jacquelinetown
6365,Kenneth Chen,danny76@gmail.com,367-517-5212,2020-09-23,48,Female,Port Reginaview
6366,Tracy Jackson,juanwright@gmail.com,488-861-3756,2020-05-07,35,Male,Lake Julie
6367,Morgan West,karen66@gmail.com,699-982-1074,2023-02-11,50,Other,East Justin
6368,Timothy Bennett,lowepatrick@gmail.com,242-666-0626,2020-06-13,36,Other,Brownchester
6369,Kristi Smith,vpalmer@gmail.com,658-877-9525,2021-04-17,31,Male,Lopezberg
6371,Donald Fernandez,michael03@gmail.com,946-370-2474,2023-10-12,33,Male,Lake Emilystad
6372,John Rogers,mooresean@gmail.com,430-480-8229,2024-09-11,42,Female,East Christinahaven
6373,Christina Randall,kennethharris@gmail.com,448-422-7036,2024-04-21,24,Female,Bethanyview
6374,David Martinez,cherrytiffany@gmail.com,312-808-2223,2022-09-16,42,Female,Smithtown
6375,Alan Lee,melissakeller@gmail.com,922-441-9559,2022-01-10,48,Female,Navarroview
6376,Kevin Bryant,fmurphy@gmail.com,756-706-1490,2020-06-29,46,Male,Lake Jasonshire
6377,Denise Davis,jeffreykelly@gmail.com,255-312-0158,2020-08-09,39,Female,North Nicholas
6378,Seth Harris,billyboyd@gmail.com,953-442-5329,2023-01-16,34,Other,Gonzaleztown
6379,Ashley Kim,willisjoshua@gmail.com,418-261-5843,2022-12-03,37,Other,New James
6380,Stephanie Warner,gentryanthony@gmail.com,850-700-2021,2024-05-26,27,Other,Jenniferfurt
6381,Anthony Liu,destiny34@gmail.com,415-669-0572,2022-08-15,56,Other,Jessicamouth
6382,Dr. Michael Velez,jenkinskatie@gmail.com,525-600-7097,2023-08-21,21,Male,Mathisberg
6383,Elizabeth Johnson,marcus04@gmail.com,576-237-6185,2022-06-03,36,Other,North William
6384,Amber Miller,joshua93@gmail.com,691-742-5879,2021-05-01,58,Female,West Parker
6385,Angela Baker,don15@gmail.com,577-361-4358,2020-09-07,42,Other,Baldwinfort
6386,Mike Nelson,richardpeterson@gmail.com,846-655-7445,2024-04-25,29,Female,Elizabethmouth
6387,Virginia Anthony,xbenton@gmail.com,375-580-6965,2023-05-18,36,Other,West Alexis
6388,Peggy Brown,whiteheadgary@gmail.com,777-482-3581,2020-04-06,53,Other,Garciaborough
6389,Sarah Johnson,sandra24@gmail.com,851-811-8268,2020-02-03,65,Other,Smithside
6390,Taylor Beck MD,robert40@gmail.com,357-590-3872,2021-05-23,51,Male,North Morgan
6391,Margaret White,pcase@gmail.com,371-895-9831,2023-08-01,65,Female,East Melinda
6392,Heather Campbell,mrobinson@gmail.com,557-325-6863,2022-10-30,51,Other,New April
6393,Justin Jordan,zmoore@gmail.com,452-241-8009,2021-12-22,62,Male,Benjaminchester
6394,Luis White,victoriamunoz@gmail.com,742-637-1492,2023-02-24,56,Female,Port Kyle
6395,Susan Turner DDS,ineal@gmail.com,285-662-0254,2020-12-20,51,Female,South Deniseside
6396,Steven Aguilar,thomasblack@gmail.com,958-666-5118,2023-09-21,31,Female,Glennport
6397,Norman Carrillo,rdavis@gmail.com,711-208-6759,2021-01-04,19,Female,North Danielle
6398,Melinda Powell,lisa68@gmail.com,575-657-1314,2023-04-06,28,Other,Port Thomasborough
6399,Cathy Powers,alyssaclay@gmail.com,978-943-6547,2023-07-27,52,Other,West Erin
6400,Brian Snow,fullercrystal@gmail.com,739-275-0084,2023-03-29,22,Female,Zacharytown
6401,Wendy Olson,petersdiana@gmail.com,442-414-4528,2020-07-01,59,Male,Vincenthaven
6402,Jessica Garcia,fordlauren@gmail.com,437-409-1406,2020-03-06,32,Other,Mezafurt
6403,Brittney Johnson,irodriguez@gmail.com,396-271-8633,2022-03-28,43,Female,East Jonathon
6404,Amy Harrington,singletondylan@gmail.com,996-991-3312,2020-10-18,48,Male,Ponceview
6405,James Dorsey,orozcojames@gmail.com,855-338-2811,2021-02-26,28,Male,Steventown
6406,Kara Richards,josephweber@gmail.com,998-827-2552,2022-11-04,51,Other,South Janetview
6407,Mary Murphy,daryl76@gmail.com,710-414-4265,2022-01-20,30,Other,North Lisa
6408,Regina Williams,kimsmith@gmail.com,969-769-3010,2023-09-05,36,Male,Hawkinston
6409,Ronald Thomas,lopezamanda@gmail.com,844-445-2198,2021-01-21,22,Male,Fergusonland
6411,Rebecca Conway,hollowayjason@gmail.com,768-691-2567,2022-10-23,47,Other,Michaelton
6412,Christopher Ray,robertperry@gmail.com,453-703-4926,2021-02-08,39,Female,Ericmouth
6413,Bethany Garcia,smithsusan@gmail.com,656-503-1443,2021-05-31,18,Other,Dannyborough
6414,John Gordon,michellechavez@gmail.com,663-646-3373,2020-08-13,62,Male,Garrettshire
6415,Jimmy Johnson,patrick55@gmail.com,299-529-3954,2021-10-17,38,Female,North Kennethborough
6416,Tina Watkins,brittneyalvarez@gmail.com,553-656-0973,2020-12-31,56,Male,Lake Brookeland
6417,Ashley Collins,erinpatrick@gmail.com,691-885-8226,2023-08-19,50,Other,Ortizstad
6418,Paul Nelson,reyesamy@gmail.com,746-358-2769,2022-12-24,47,Male,Robinsonfurt
6419,Michael Boyle,ibartlett@gmail.com,562-559-6562,2023-04-16,44,Male,East Stephen
6420,Lindsay Greene,jackson94@gmail.com,558-281-2436,2021-10-17,58,Other,West Nathanton
6421,Teresa Brown,ericawilcox@gmail.com,639-762-8385,2022-06-24,28,Female,West Elizabeth
6422,Ashley Erickson,melodyphillips@gmail.com,200-362-9932,2022-04-24,26,Female,Marshallmouth
6423,Kimberly Cain,tjames@gmail.com,309-531-0420,2024-07-01,47,Female,West Meganchester
6424,David Floyd,thompsonsuzanne@gmail.com,781-978-2350,2023-06-07,55,Male,Jamesville
6425,Gloria Martinez,zlee@gmail.com,638-491-8270,2022-05-18,42,Female,Timothyfurt
6426,Hector Fisher,ronald37@gmail.com,795-301-1951,2023-06-20,37,Other,North Melaniefort
6427,Chad Medina,gregorychavez@gmail.com,224-628-9431,2022-05-10,55,Female,North Kimberlychester
6429,Thomas Graham,ericgross@gmail.com,742-346-9021,2020-04-19,51,Other,North Michaelberg
6430,Katie Watson,michael69@gmail.com,846-601-8436,2023-03-31,44,Female,Maryland
6431,Melissa Duran PhD,amydavis@gmail.com,646-868-2693,2021-08-14,39,Male,West Wandaport
6433,Amanda Griffin MD,robertedwards@gmail.com,772-308-3268,2020-07-01,57,Other,East Jacqueline
6434,Douglas Moreno,pittslori@gmail.com,328-981-8076,2022-06-22,44,Other,West Cody
6435,Tara Wolf,iwebb@gmail.com,955-532-7133,2021-02-11,25,Male,Tracyville
6436,Brent Ruiz,jesusdavila@gmail.com,799-749-4697,2021-12-19,45,Female,Shelleyside
6437,Brian Jones,shawnbrown@gmail.com,746-628-3781,2020-08-24,62,Other,West Ryan
6438,Jessica Stephens,thomasmonica@gmail.com,895-651-3446,2024-07-20,60,Female,Cuevasfort
6439,Ashley Johnson,christopher52@gmail.com,583-722-2944,2021-09-05,18,Female,North Tammy
6440,Anne Smith,michaelbrown@gmail.com,925-676-2042,2024-09-08,54,Male,Kennethview
6441,Kevin Turner,afranklin@gmail.com,496-411-1821,2023-11-18,47,Male,Jackland
6442,Daniel Cruz,matthewgibson@gmail.com,813-613-9350,2020-09-21,65,Male,Armstrongborough
6443,James Gillespie,pwashington@gmail.com,828-743-1858,2023-09-03,61,Other,Samuelhaven
6444,Norman Long,lindsay84@gmail.com,853-282-6394,2023-01-30,37,Other,West Bryan
6445,Roger Andrews,kpowell@gmail.com,587-337-2354,2020-06-02,24,Other,East Kevinchester
6446,Michael Griffin DVM,hernandezrobert@gmail.com,986-786-2407,2020-08-09,35,Other,East Norman
6447,Laura Walton,markhoward@gmail.com,417-818-7709,2020-02-13,38,Male,West Gloria
6448,James Brown,griffithdavid@gmail.com,468-945-1307,2021-09-30,48,Other,Fisherfurt
6449,Richard Scott,tamara88@gmail.com,670-746-6321,2022-12-10,24,Male,West Darlene
6450,John Crawford,anthonyhunter@gmail.com,582-235-8773,2022-07-13,65,Other,South Charles
6451,Michael Peterson,jasonyu@gmail.com,782-977-9474,2023-06-21,22,Female,East Tammyburgh
6452,Carlos Brown,anthonymyers@gmail.com,627-615-4919,2021-06-04,19,Other,Harryborough
6453,Isabella Avila,brett71@gmail.com,378-718-8538,2020-03-12,42,Male,Tylerchester
6454,Emily Fernandez,ohebert@gmail.com,354-730-7378,2023-01-05,24,Other,Port Rachel
6456,Jennifer Kim,millerlisa@gmail.com,537-826-1267,2020-04-08,65,Other,West Carriestad
6457,Sarah Guerrero,briana24@gmail.com,505-458-6961,2021-09-07,49,Female,South Jenniferstad
6458,Ronald Kidd,ttyler@gmail.com,876-839-2308,2022-09-03,21,Male,Stewartton
6459,Mark Allison,sloanjames@gmail.com,349-959-2773,2020-10-01,29,Male,Stephenmouth
6460,Carol Nguyen,bradleyfrank@gmail.com,705-750-5982,2020-01-08,42,Female,Kanechester
6461,Brett Evans,rosevanessa@gmail.com,279-311-4961,2023-09-28,62,Male,Staceymouth
6462,Paul Peters,sanfordtyrone@gmail.com,960-655-2226,2022-05-23,47,Female,Shermanhaven
6463,Nathan Padilla,tylersloan@gmail.com,312-963-6801,2023-11-13,42,Female,Jesusside
6464,Michael Haynes,gabrielle70@gmail.com,378-222-8860,2020-06-26,59,Female,Edwardsfurt
6465,John Michael,oclayton@gmail.com,965-485-5546,2020-07-07,25,Female,West Thomasland
6466,Geoffrey Stuart,nicholasking@gmail.com,498-821-9458,2022-11-25,53,Other,Lake Jeremy
6467,Xavier Huang,mklein@gmail.com,818-495-0726,2022-01-01,40,Male,Davidborough
6468,Samantha Walker,parsonskimberly@gmail.com,810-665-4670,2024-06-23,54,Other,Blevinsborough
6469,Michael Morse,denise01@gmail.com,844-899-7311,2020-04-23,54,Male,Valenciaton
6470,Christine Dunn,dustinblack@gmail.com,435-681-8460,2021-05-22,27,Female,Susanfort
6471,Austin Hines,ooneill@gmail.com,454-973-0743,2020-12-24,31,Female,Jonesport
6472,Paula Jackson,jessica62@gmail.com,556-277-8782,2023-09-08,36,Other,West Lisaview
6474,David Monroe,nwalton@gmail.com,288-443-1138,2022-02-08,34,Other,Lake Darlene
6475,Jose Jones,marshalljohn@gmail.com,656-328-4914,2023-05-31,51,Other,Adamfurt
6476,Matthew Smith,mgonzalez@gmail.com,938-967-0843,2022-06-07,61,Female,Lowebury
6477,William Cross,rileyalexander@gmail.com,460-926-2528,2020-08-15,55,Male,Heatherchester
6478,Tina Watson,kpadilla@gmail.com,585-633-0449,2022-06-07,62,Male,West Jameschester
6479,Omar Gonzalez,sknox@gmail.com,773-466-4555,2021-12-11,39,Female,South Ann
6480,Candace Poole,michael13@gmail.com,524-426-8391,2023-01-17,34,Male,Port Jade
6481,Thomas Morgan,heididurham@gmail.com,256-498-5189,2021-06-12,60,Female,Huffmanside
6482,Wendy Moreno,brandimurphy@gmail.com,773-406-5261,2020-09-12,22,Female,West Bradleyville
6483,Tracey Nguyen,awright@gmail.com,808-935-0381,2021-11-02,52,Other,Port Kristenstad
6485,Timothy Ramirez,christopher45@gmail.com,912-996-5028,2020-07-16,39,Male,South Tommy
6486,Jennifer Velez,ramirezbryan@gmail.com,674-975-7108,2020-09-06,53,Other,Shaneburgh
6487,Julie Bryant,duncanscott@gmail.com,531-949-1400,2023-02-23,18,Other,Clarktown
6488,Amber Blankenship,justin64@gmail.com,630-255-2448,2021-05-07,27,Female,New Janetborough
6489,Dr. Shirley Mullins,hilltiffany@gmail.com,823-872-2169,2022-03-26,36,Female,Patrickland
6490,Tammy Martin,fordmary@gmail.com,360-665-4292,2020-08-31,18,Female,Lake Kathryn
6491,Justin Martin DDS,hopkinsanthony@gmail.com,552-391-8890,2021-01-27,19,Male,Port Johnstad
6492,Lauren Bryant,martinezxavier@gmail.com,318-864-4032,2023-04-01,28,Male,Charlesbury
6493,Christopher Patel,alexander80@gmail.com,831-609-6651,2020-10-12,31,Female,West Danielle
6494,Jessica Cooper,ihenry@gmail.com,417-953-8579,2020-12-20,57,Other,Johnbury
6495,Isaiah Brown,smorgan@gmail.com,905-835-7532,2024-03-22,52,Female,Chavezton
6496,Lori Fitzgerald,xmartinez@gmail.com,762-204-2620,2024-04-14,63,Other,North Lauriemouth
6497,Sheri Cole,kylegonzalez@gmail.com,237-565-2098,2022-08-25,65,Female,West Shelby
6498,Catherine Leblanc,clineashley@gmail.com,451-255-8279,2023-06-10,31,Other,West Kellyside
6499,Kevin Guerrero,christopher87@gmail.com,905-356-5567,2021-10-25,47,Other,Port Tylermouth
6500,Gerald Delacruz,jill93@gmail.com,428-867-8481,2024-04-24,38,Female,Taylorstad
6501,April Ellis,tbeltran@gmail.com,962-890-9813,2020-09-30,35,Male,East Sabrinabury
6502,Daniel Buchanan,davidcrawford@gmail.com,465-815-8140,2023-02-25,44,Female,Erinland
6503,Danielle Gilbert,christopher65@gmail.com,353-525-2413,2024-03-17,53,Other,Lake Garrett
6504,Brittany Benson,francescombs@gmail.com,315-821-0857,2024-01-15,39,Other,Washingtonmouth
6506,Michael George,hicksjohn@gmail.com,450-227-5079,2021-02-07,21,Other,Angeltown
6507,Abigail Green,gregory79@gmail.com,492-969-4944,2020-02-28,21,Male,East Shawn
6508,Michael Robertson,susanlane@gmail.com,804-292-5272,2024-07-08,37,Other,Richardhaven
6509,Sean Hodges,lauralarson@gmail.com,487-699-6020,2022-02-28,59,Female,Kelseyborough
6510,Douglas Thomas,joanna39@gmail.com,631-754-6553,2022-10-05,31,Male,New Tamara
6511,James Simmons,brent95@gmail.com,511-633-5953,2022-01-03,52,Other,Laurabury
6512,Kim Rodgers,michael79@gmail.com,869-286-9227,2023-02-07,49,Male,Anthonyfurt
6513,Holly Bates,nicholasalvarez@gmail.com,601-593-9822,2020-03-07,43,Other,Emilymouth
6514,Stephanie Todd,anthonyfisher@gmail.com,919-678-3917,2022-05-02,39,Male,North Amandachester
6516,Joseph Jackson,conleypatricia@gmail.com,828-408-1142,2022-05-14,50,Other,New Warrenview
6517,Cheryl Singh,brenda40@gmail.com,379-803-7539,2020-10-21,25,Other,South Nathanview
6518,Daniel Mora,pmayer@gmail.com,861-910-5812,2020-09-11,50,Other,Port Cheryl
6519,Lauren Hawkins,chungchase@gmail.com,247-441-5296,2021-01-13,25,Male,Reynoldsbury
6520,Rose Perry,bradley32@gmail.com,888-526-9243,2021-02-09,58,Female,Johnsontown
6521,Michael Lopez,jenniferadams@gmail.com,933-575-0034,2023-08-05,52,Other,New Michaelland
6522,Kathryn Vargas,rneal@gmail.com,840-703-1487,2022-05-09,31,Male,Reedhaven
6523,Diana Mcfarland,evansjessica@gmail.com,600-905-8811,2024-07-15,28,Male,Meltonmouth
6524,Lucas Shah,douglaspage@gmail.com,411-378-7353,2021-08-30,41,Female,Millerton
6525,Brandi Phillips,bsaunders@gmail.com,738-877-4038,2021-11-10,63,Male,Harrisonside
6526,Amanda Flores,morrisonmelody@gmail.com,307-254-4314,2024-06-06,57,Male,East Ginastad
6527,Robert Ramos,oross@gmail.com,454-669-8683,2021-08-10,31,Female,North Matthewtown
6528,Alicia Duncan,rodriguezwendy@gmail.com,315-351-8383,2022-05-06,62,Female,Deborahberg
6529,Bethany Lopez,jhughes@gmail.com,515-786-8664,2023-05-12,34,Male,Stephaniemouth
6530,Elizabeth Bell,ohill@gmail.com,865-455-5095,2023-03-14,54,Male,South Kevin
6531,Samantha Sloan,lawrencerichard@gmail.com,475-422-0321,2022-06-08,61,Female,New Juan
6533,Sonya Gray,lewismaria@gmail.com,673-886-9440,2023-08-05,59,Female,Lake Taylor
6534,Timothy Wright,delgadojane@gmail.com,823-208-8828,2021-12-07,56,Male,South Stacyport
6535,Ashley Myers,evanmanning@gmail.com,397-376-6501,2023-07-07,35,Male,Hallshire
6536,Luis Carson,marioirwin@gmail.com,617-285-4656,2023-12-26,65,Male,Gregoryside
6537,Aaron Brown,collinsrebecca@gmail.com,640-990-4414,2024-01-12,31,Female,West Emilyport
6538,Dr. Samantha Garcia DDS,kimgarza@gmail.com,613-253-9730,2023-01-05,37,Other,Williamsbury
6539,Susan Hill,anna17@gmail.com,851-988-1035,2021-12-11,55,Male,Lake Jimmy
6540,Raymond Lang,jacobgardner@gmail.com,344-470-7442,2020-06-10,64,Other,Jasonhaven
6541,Brittany Long,brianahunter@gmail.com,739-785-9798,2023-10-14,21,Other,New David
6542,Christopher Bauer,michelle58@gmail.com,292-429-6816,2021-04-08,18,Other,New Michael
6543,Shannon Jacobs,larcher@gmail.com,247-316-7736,2020-09-15,46,Other,West Jessica
6544,Dominique Cabrera,campbellandrew@gmail.com,546-528-8470,2022-03-23,18,Male,East Jamie
6545,James Hayes,bryanstephanie@gmail.com,289-777-6448,2020-12-28,24,Male,Caitlynmouth
6546,Jennifer Arnold,rhunter@gmail.com,917-318-8249,2020-08-15,22,Other,Anthonyberg
6547,Patricia Cross,harrisjessica@gmail.com,865-297-1886,2024-08-14,18,Male,Moniqueside
6548,Aaron Lopez,richardneal@gmail.com,235-687-6667,2021-11-21,23,Other,East Robertville
6549,Kyle Wong,emorris@gmail.com,804-439-5987,2024-03-20,54,Other,Christinestad
6550,Sherri Robinson,patriciaclements@gmail.com,796-200-5031,2021-06-01,31,Male,Cristianstad
6551,Michael Andrews,heidi67@gmail.com,506-578-9652,2022-05-12,18,Other,East Daniellemouth
6552,Amanda Hale,bmartinez@gmail.com,598-986-4737,2020-04-22,58,Female,Bakerberg
6553,Meghan Lee,amanda89@gmail.com,812-512-2786,2024-04-08,33,Female,Johnsonport
6554,Christina Warren,johnsonmichael@gmail.com,252-706-4654,2020-02-26,40,Female,Tiffanymouth
6555,Michael Adkins,jonathon02@gmail.com,610-808-5741,2023-10-08,29,Other,Williamshaven
6556,Jared Casey,angelagibson@gmail.com,854-580-8213,2022-06-07,45,Other,Daughertyland
6557,Kristen Smith,hunterferguson@gmail.com,211-351-1956,2022-10-22,22,Female,Lake Aaronchester
6558,Kristen Miller,kathryn48@gmail.com,279-931-8887,2022-07-28,56,Other,Michaelview
6559,Bridget Watson,longmichele@gmail.com,716-568-5490,2020-08-08,43,Female,South Aaron
6560,Roger Roman,vterry@gmail.com,765-748-8880,2023-03-09,36,Male,North Michelle
6561,Patrick Carr,gpark@gmail.com,844-548-9859,2024-04-15,59,Female,Carterville
6562,Timothy Wilson,kyle22@gmail.com,747-545-3098,2023-10-19,43,Female,South Tylerside
6563,Danny Wade,mccoyadam@gmail.com,418-399-8689,2021-06-05,53,Male,East Jodiberg
6564,Donald Robertson,perezomar@gmail.com,389-960-2962,2021-02-23,41,Male,South Robertchester
6565,Ronald Farmer,bradley56@gmail.com,599-561-7464,2020-09-07,19,Other,East Christopherton
6566,Scott Rodriguez,rbennett@gmail.com,576-747-1582,2022-04-24,42,Male,West Sara
6567,Connor Andrade,aprilsaunders@gmail.com,581-536-5402,2023-07-15,44,Female,New Paulton
6568,Andrea Harper,taylor37@gmail.com,677-595-5635,2024-03-11,62,Other,Jonathanville
6569,Mark Rojas,davidmitchell@gmail.com,387-885-2711,2024-07-17,22,Male,New Brandon
6570,Cindy Weber,jonathanscott@gmail.com,787-256-4574,2024-06-15,31,Other,Keithport
6571,Vanessa Stevens,cruzruben@gmail.com,691-408-6416,2024-02-21,47,Female,Danielport
6572,Darlene Campbell,fwhite@gmail.com,636-833-1271,2022-04-15,33,Other,Sanchezfurt
6573,Joel Lopez,danielwalker@gmail.com,765-766-2159,2021-09-16,40,Female,Lake John
6574,Ellen Hill,whitetracie@gmail.com,433-937-3384,2022-11-18,64,Other,Aaronstad
6575,Robert Martin,brandyallison@gmail.com,669-569-7366,2020-03-06,62,Other,Codytown
6576,Margaret Huber,rayjennifer@gmail.com,374-455-5065,2024-02-01,61,Other,Port Rachel
6577,Bethany Francis,jessicajones@gmail.com,466-625-5710,2021-03-02,39,Male,Lake Lucas
6578,John Morales,ashleyfields@gmail.com,490-789-0630,2021-07-20,20,Male,North Matthew
6579,Lisa Clark,sdelgado@gmail.com,647-521-7738,2024-08-29,54,Other,Pedrobury
6581,Sheila Klein,sampsonstephanie@gmail.com,491-620-2102,2021-12-02,47,Male,East Josephmouth
6582,Ralph Molina,robert08@gmail.com,416-667-9645,2024-08-31,49,Female,South Eric
6583,Joshua Johnson,shepherdkelly@gmail.com,703-296-1186,2023-02-14,30,Other,New Mary
6584,Steven Flores,buchananjonathan@gmail.com,881-688-7319,2024-03-09,57,Male,Johnsonland
6585,Thomas Moran,uhale@gmail.com,803-822-8299,2022-11-09,63,Other,Whitneychester
6586,Benjamin Savage,marshallsteven@gmail.com,727-750-4723,2024-04-20,59,Other,South Jeremymouth
6587,Jamie Stone,brittany84@gmail.com,866-765-7189,2020-12-07,26,Other,East Leahmouth
6589,Michael Acosta,acox@gmail.com,834-427-8190,2024-08-24,62,Female,West Rhondaland
6590,Charles Jones,amber79@gmail.com,536-303-3076,2021-08-11,63,Male,Wilsonborough
6591,Barbara Mccullough,westkristen@gmail.com,576-584-5598,2021-08-27,48,Female,Barnettburgh
6592,Joel Garcia,fcoleman@gmail.com,344-315-8784,2022-09-23,59,Male,New Robert
6593,Jacob Newman,tbowman@gmail.com,868-604-4816,2021-12-26,29,Other,Foxshire
6594,Brittany Watkins,cristianross@gmail.com,367-580-0488,2024-01-13,27,Other,Billyside
6595,Elizabeth Byrd,miguel45@gmail.com,539-256-4338,2022-08-12,26,Other,Lake Debraberg
6596,Travis Berry,ujohnson@gmail.com,863-397-7137,2023-01-29,34,Male,Lake Desiree
6597,Zoe Nixon,adamherring@gmail.com,218-560-0205,2023-03-06,22,Male,New Ericburgh
6598,Tara Potts,annephillips@gmail.com,989-652-6305,2024-06-08,63,Other,South Nathaniel
6599,Robert Floyd,travis85@gmail.com,391-962-1601,2024-03-13,60,Other,Melissafort
6600,Caitlin Crawford,bowmantina@gmail.com,962-340-3162,2022-04-01,56,Other,Port Ronald
6601,Taylor Olson,kleonard@gmail.com,217-270-9265,2023-09-19,41,Female,Alanmouth
6602,Stephanie Brown,howesarah@gmail.com,917-417-9819,2020-09-12,43,Female,West Edwardshire
6603,Kimberly Morgan,crystal54@gmail.com,805-942-2565,2024-01-30,23,Female,Port Deborahberg
6604,Derrick Jordan,tbranch@gmail.com,943-390-7901,2020-02-18,56,Female,Floresfort
6605,Andrea Russell,lisa22@gmail.com,294-407-7913,2020-07-07,31,Female,Kristiechester
6606,John Hunt,valeriewilliams@gmail.com,354-238-1713,2023-01-01,26,Male,North Emma
6607,Amy Thomas,alisharobertson@gmail.com,379-268-9423,2024-02-18,59,Other,East Cindy
6608,Nicholas Potts,kimryan@gmail.com,947-896-5061,2023-03-09,27,Male,Bridgesmouth
6609,Melissa Miller,grant47@gmail.com,924-703-6807,2021-07-02,33,Female,Millstown
6610,Brady Johnson,fleminglarry@gmail.com,215-614-6401,2024-08-16,32,Female,South Evantown
6611,James Ramirez,zacharydavis@gmail.com,786-495-2927,2023-07-13,21,Female,Lake Kevin
6613,Kimberly Powell,erin63@gmail.com,936-240-6752,2024-05-09,28,Other,Jenniferland
6614,Kristina Dunlap,bradleysnyder@gmail.com,722-981-5576,2024-01-23,58,Male,Kurtchester
6616,Alicia Huff,veronica99@gmail.com,906-798-6706,2024-07-28,63,Other,Rebeccahaven
6618,Monica Lambert,morgan76@gmail.com,284-271-6948,2021-06-24,57,Other,North Charles
6619,Mr. Kevin Cruz,weissthomas@gmail.com,596-288-6032,2022-04-20,31,Other,Warrenton
6620,Michael Poole,misty83@gmail.com,474-439-4581,2020-10-19,62,Female,Ryantown
6621,Noah Roberson,markflores@gmail.com,878-429-5639,2024-02-03,23,Other,Larsonfort
6623,Christopher Carter,michelle51@gmail.com,569-390-2431,2020-07-01,39,Female,South Reneemouth
6624,Dawn Moore,ibarajas@gmail.com,264-627-1899,2024-05-19,36,Female,East Alexandra
6625,Heather Cox,todd88@gmail.com,438-752-6582,2022-04-25,34,Male,Port Karen
6626,Cody Arnold,gmendoza@gmail.com,748-982-6383,2024-07-01,27,Female,South Sylviafort
6627,Michele Matthews,ericmalone@gmail.com,281-953-9397,2020-07-02,52,Other,Port Nicolemouth
6629,David Molina,stewartadrienne@gmail.com,870-721-4882,2023-12-12,52,Other,South Troy
6630,Crystal Swanson,thompsonangela@gmail.com,544-304-5304,2023-10-17,27,Other,North Laura
6631,Debbie Davis DDS,vthomas@gmail.com,374-640-0970,2024-06-15,45,Other,Ericamouth
6632,Dana Bailey,nwelch@gmail.com,404-997-7613,2022-07-06,31,Male,Brianville
6633,Mindy Morrison,elaine02@gmail.com,609-573-9956,2023-03-22,29,Female,Bryantland
6634,Melinda Diaz,tneal@gmail.com,428-231-9852,2024-04-09,29,Male,Port Williamshire
6635,April Cooper,gibsonapril@gmail.com,341-938-1202,2021-01-20,55,Female,West Anthonyhaven
6636,Rebecca Hansen,maria50@gmail.com,430-589-9509,2024-05-16,59,Male,East Zacharyport
6637,Sarah Miller,ashley73@gmail.com,254-359-9865,2022-11-13,54,Male,Robertville
6638,Amanda Kelley,walkerandrea@gmail.com,725-394-4642,2022-02-20,40,Male,East Andreaborough
6639,Kimberly Thompson,shannonsampson@gmail.com,279-357-5986,2023-01-12,49,Other,South Michael
6640,Susan Weeks,mfowler@gmail.com,745-510-4632,2021-06-20,49,Male,North Savannah
6642,Patricia Davis,hernandezphilip@gmail.com,969-465-3949,2020-07-31,26,Female,Lake Geoffrey
6643,Duane Mcdonald,vroberts@gmail.com,562-511-9966,2021-05-04,18,Male,East Brandy
6644,Joseph Morgan,sscott@gmail.com,921-380-9811,2022-07-18,65,Male,Lake Stephanie
6645,Jo Doyle,cbrock@gmail.com,391-571-9057,2021-03-22,38,Male,Jaimeton
6646,Francisco Schaefer,jkerr@gmail.com,878-741-3284,2020-02-06,31,Female,South Kevin
6647,Keith Oneill,djones@gmail.com,525-793-5401,2024-04-04,35,Female,Port Christopher
6648,Cynthia Juarez,powersgeorge@gmail.com,312-929-1704,2023-11-23,20,Male,Jimenezborough
6649,Katie Hernandez,lindseyfields@gmail.com,967-412-5435,2023-09-01,25,Other,Port Samuel
6650,Michele Norton,courtneygarcia@gmail.com,356-562-5012,2022-05-15,24,Other,Kennethfurt
6651,Margaret Carpenter,curtisrivera@gmail.com,713-985-3428,2024-01-30,41,Other,West Damon
6652,Carrie Cooper,pdavis@gmail.com,571-649-8009,2020-07-23,38,Other,Ritterberg
6653,Samantha Rocha,phillip26@gmail.com,436-538-3774,2023-09-17,64,Female,Joannastad
6654,Robert Kim,markhughes@gmail.com,903-279-2051,2023-07-16,54,Other,Lake Kaylafurt
6655,Tyler Cannon,nfrancis@gmail.com,607-866-2269,2021-11-08,30,Female,Scottbury
6656,Michael Sandoval,taylordesiree@gmail.com,342-466-0322,2024-09-25,59,Male,Davidside
6657,Todd Brewer,william71@gmail.com,758-775-9746,2021-08-22,42,Other,Dustinburgh
6658,Jacob Zimmerman,turnerdwayne@gmail.com,936-642-2400,2023-03-12,36,Male,Pettyfurt
6659,Danielle Hammond,rhonda06@gmail.com,916-576-1553,2021-03-27,18,Female,Katherineton
6660,Mark Nguyen,dhowell@gmail.com,521-625-1160,2021-01-10,52,Female,Charlesland
6661,Dr. Andrew Harris DVM,wolfthomas@gmail.com,201-678-7289,2024-02-01,59,Other,North Melanie
6662,Vicki Lambert,austinlittle@gmail.com,979-690-5073,2022-08-29,43,Other,East Lindsay
6663,Nicole Torres,sethdavis@gmail.com,909-702-5297,2023-02-22,63,Male,New Aprilhaven
6664,Michael French,monica17@gmail.com,863-579-7677,2020-03-31,65,Other,Markberg
6665,William Solis,mark26@gmail.com,682-511-4650,2021-02-08,26,Male,Kevinhaven
6666,Marcia Morrow,jwelch@gmail.com,524-666-3587,2020-04-03,36,Other,Richardville
6667,Ricky Ewing Jr.,xfreeman@gmail.com,588-540-9691,2022-02-21,41,Other,East Kristiburgh
6668,Kyle Adkins,suzanneandrade@gmail.com,696-544-0402,2020-11-16,56,Male,North Jasmine
6669,Heidi Becker,ustewart@gmail.com,549-493-2578,2022-06-18,33,Other,New Juan
6670,Chase Moore,morrisrebekah@gmail.com,477-408-3467,2022-05-16,29,Male,Jerrychester
6671,Crystal Washington,rachel15@gmail.com,813-662-3496,2021-06-12,38,Male,Russellhaven
6672,Nicole Smith,jameshenson@gmail.com,730-868-8860,2021-06-27,34,Other,New Charlesview
6673,Vanessa Chandler,mcdonalddavid@gmail.com,309-642-2586,2022-12-20,57,Female,Cookview
6674,Aaron Ramirez,veronicairwin@gmail.com,324-894-2077,2021-06-19,31,Other,South Jose
6675,Megan Collins,bhenry@gmail.com,725-672-4081,2023-11-12,32,Male,South Elizabethland
6676,John Holmes,hugheskelsey@gmail.com,293-560-3948,2024-07-08,55,Male,Huntville
6677,Marie Parker,reginaldwilliamson@gmail.com,512-361-9713,2023-08-03,40,Female,Port Kyleland
6678,Evan Flores,dawn90@gmail.com,612-247-4474,2021-08-01,35,Other,Port Zoeview
6679,Michael Brown,pagejessica@gmail.com,545-930-5157,2021-02-25,62,Other,Terrenceport
6681,Laurie Pitts,bruceamanda@gmail.com,614-721-3860,2020-11-17,29,Other,West Karen
6682,Andrew Howard,vanessalittle@gmail.com,800-215-2869,2023-01-05,51,Male,Stewartmouth
6683,Kathryn Henderson,charlesrose@gmail.com,573-515-3457,2021-10-03,44,Other,Collinstown
6684,Lauren Obrien,snyderregina@gmail.com,968-305-7367,2024-01-01,30,Other,Tammyland
6685,Connie Hutchinson,rachel31@gmail.com,422-217-3755,2021-06-19,63,Female,Lake Stacytown
6686,Joshua Gregory,lutzzachary@gmail.com,688-706-1868,2020-02-17,39,Male,Kennethville
6687,Haley Hall,joanne97@gmail.com,853-720-9424,2022-02-22,24,Other,Nancyfurt
6688,Stacy Singleton,qmatthews@gmail.com,987-414-0833,2021-04-16,51,Male,New Steven
6689,Crystal Brown,rebecca35@gmail.com,612-730-2708,2024-09-28,32,Female,South Mark
6690,George Walter,millerjennifer@gmail.com,328-732-6548,2024-08-27,56,Other,Lisahaven
6691,Amanda Woodward,nlucas@gmail.com,405-913-2458,2020-02-09,36,Other,Harrismouth
6692,Nancy Nichols,bergerholly@gmail.com,810-296-3050,2022-06-06,46,Other,Port Jason
6693,Stephen Scott,paul17@gmail.com,759-710-4974,2023-03-04,28,Male,North Brendabury
6694,Jennifer Dixon MD,patricia57@gmail.com,666-388-6245,2024-03-26,51,Female,North Josephbury
6695,Stacy Anderson,bscott@gmail.com,392-773-2996,2020-08-16,23,Other,Martinezfort
6696,Joseph Olsen,kimjake@gmail.com,953-337-4944,2021-03-13,39,Male,Smithberg
6697,Nancy Wolfe,christopher79@gmail.com,779-891-4587,2022-10-12,62,Male,Scottberg
6698,Brandy Morales,sarahjohnson@gmail.com,237-257-4907,2023-06-13,18,Other,Williamsside
6699,Joseph Collins,obrown@gmail.com,535-377-5513,2023-01-13,65,Male,West Jenniferland
6700,Christina Hill,lpeterson@gmail.com,392-422-9999,2023-04-10,48,Other,South Tiffany
6701,Rachel Mitchell,eperkins@gmail.com,423-739-3039,2020-03-22,30,Male,North Katherineville
6702,Samuel Schultz,bklein@gmail.com,456-970-1796,2021-11-09,64,Male,Robertsview
6703,Sarah Camacho,fwong@gmail.com,949-558-7472,2022-01-14,43,Female,West Jessicamouth
6704,Ashley Tucker PhD,ohowell@gmail.com,693-536-1856,2024-05-23,52,Other,Jordanfurt
6705,Maria Jacobson,yhill@gmail.com,874-652-7145,2024-01-11,30,Female,Ramosland
6706,Alyssa Smith,richardsjames@gmail.com,724-250-7985,2021-05-05,49,Male,East Davidport
6707,Nicholas Zuniga,smithjennifer@gmail.com,832-512-3140,2021-01-03,42,Male,Lake Erinmouth
6708,Jody Lee,twright@gmail.com,974-368-0590,2020-11-20,53,Other,Mariehaven
6709,Keith Scott,spencerjoshua@gmail.com,779-574-0839,2020-01-04,61,Male,New Jordan
6710,Kyle Ramirez,poncekelly@gmail.com,679-783-4354,2021-09-08,36,Male,Port Hannah
6711,Valerie Black,josephkoch@gmail.com,912-795-1243,2024-02-18,34,Male,New Claytonfurt
6712,Brett Hubbard,heather43@gmail.com,340-381-9751,2020-05-26,27,Other,Cherryton
6713,Brandi Campbell,rebecca69@gmail.com,331-973-8508,2024-01-28,18,Other,North Vincent
6714,Pamela Hall,thomas73@gmail.com,376-793-2947,2024-04-11,25,Male,Parrishstad
6715,Matthew Swanson,tthomas@gmail.com,970-764-6260,2022-03-29,61,Female,North Matthewville
6716,Laura Lucero,kimdaniel@gmail.com,929-364-7524,2021-07-14,58,Female,Port Tamara
6717,John Lam,carol74@gmail.com,860-367-1507,2024-04-10,21,Female,North Eric
6718,Brian Hunter,jacksonandrew@gmail.com,773-410-9664,2021-08-10,34,Male,Aliciaburgh
6719,Kenneth Patrick DDS,nathanjohnston@gmail.com,757-753-8213,2020-09-23,18,Other,Serranostad
6720,Stacey Simpson,vstein@gmail.com,210-517-1186,2023-12-29,37,Male,South Mariabury
6721,Dawn Munoz,obrienkim@gmail.com,655-886-0361,2023-11-14,54,Other,Jessicaton
6722,Joseph Taylor,joseph18@gmail.com,376-691-3572,2021-01-29,50,Female,West Melissamouth
6723,Mary Baker,jenniferrodriguez@gmail.com,584-499-1500,2020-03-14,60,Other,Russellmouth
6724,Tracy Bell,odonnelljohnny@gmail.com,783-767-6278,2021-05-28,31,Female,Michealville
6725,Nicole Brown,deanriley@gmail.com,794-594-4963,2021-08-23,41,Female,New Deborah
6726,Maria Roberson,sarah54@gmail.com,676-975-2529,2022-10-05,21,Other,North Catherinemouth
6727,Mark Miller,john90@gmail.com,710-723-5767,2024-08-20,18,Female,Fordstad
6728,Renee Martin,thomas69@gmail.com,546-446-2766,2024-02-25,53,Other,Port Tyroneland
6729,Jennifer Smith,mpatel@gmail.com,360-322-7523,2021-04-16,33,Male,West Jenniferhaven
6730,Victor Alvarez,jodilee@gmail.com,314-339-9929,2022-06-12,28,Other,Ashleyburgh
6731,Amy Martin,kristiknox@gmail.com,846-744-3207,2024-02-08,37,Female,East Davidland
6732,Kathryn Rivera,dodsonchristopher@gmail.com,357-718-7487,2022-08-05,47,Male,New Jasminefort
6733,Tyler Allen,stuartjohn@gmail.com,736-557-8498,2021-12-11,61,Female,Garciaberg
6734,Stephen Cole,smartin@gmail.com,357-949-7227,2024-07-26,62,Male,Hughesfurt
6735,Kimberly Rodriguez,tsanders@gmail.com,859-452-6497,2022-11-24,59,Other,North Andreaport
6736,Theresa Schultz,smithjoseph@gmail.com,553-283-7270,2021-10-12,55,Male,Allenberg
6737,Robert Barrett,howard94@gmail.com,347-761-6514,2022-09-13,32,Female,Hillside
6738,Stephen Moore,stevenskenneth@gmail.com,802-250-2421,2023-05-14,33,Female,Port Robert
6739,Melissa Martinez,jane93@gmail.com,742-259-6761,2024-02-11,50,Female,Lake Abigail
6740,Joseph Barnett,lisa42@gmail.com,721-671-1110,2021-06-25,34,Female,South Paulmouth
6741,Thomas Green,rileychristopher@gmail.com,956-702-2920,2023-03-19,22,Other,East Marissaside
6742,Jorge Mason,curryjonathan@gmail.com,339-543-6881,2021-08-24,64,Male,Burtonview
6743,Peter Thornton,ocastaneda@gmail.com,995-577-4089,2024-01-16,50,Female,Joelchester
6744,Phillip Avila,justin22@gmail.com,651-575-7231,2020-01-31,39,Other,West Lori
6745,Ariel Bowman,danielle00@gmail.com,284-602-7119,2023-12-09,25,Male,Nataliestad
6746,Teresa Ryan,davidmartinez@gmail.com,803-834-5953,2021-06-11,26,Other,Leonfort
6747,Shannon Smith,donaldfleming@gmail.com,241-247-9366,2023-09-17,18,Other,Mcclureport
6748,Patricia Young,markdonovan@gmail.com,543-286-4798,2023-04-06,35,Female,Wrightville
6749,Christopher Jones,rachel95@gmail.com,853-939-4715,2022-01-22,38,Other,Tammyberg
6750,James Solis,hmccall@gmail.com,814-796-4772,2022-02-02,48,Female,East Dennis
6751,Taylor Paul,hendersoncharles@gmail.com,516-906-8248,2022-09-14,57,Male,Port Terrencefort
6752,Leon Taylor,brownangela@gmail.com,222-486-4553,2022-11-19,38,Female,Mosesmouth
6753,Elizabeth Mcdaniel,hansenwendy@gmail.com,201-876-6681,2021-02-28,62,Female,South Christinefurt
6754,Wendy Nguyen,theresa19@gmail.com,453-818-2038,2021-09-13,21,Female,West Lauraland
6755,Bryan Compton,floresmary@gmail.com,697-952-5919,2023-10-17,59,Male,Jeremyside
6756,Jared Campbell,christinecooper@gmail.com,798-344-0749,2022-11-16,62,Female,Brianmouth
6757,Scott Young,thomasmarilyn@gmail.com,954-634-8321,2024-04-13,38,Other,Stonehaven
6759,Catherine Ford,daniel54@gmail.com,806-745-8219,2020-03-25,53,Female,West Kathleen
6760,Nichole Stevenson,stanleytaylor@gmail.com,807-856-6396,2023-03-25,38,Female,East Kellyfort
6761,Edward Roy,laura01@gmail.com,355-807-5212,2020-04-17,41,Other,South Joshua
6762,Norman Johnson,johncarpenter@gmail.com,400-558-1911,2024-02-05,21,Other,North Jasonmouth
6763,Crystal Morris,hodgecrystal@gmail.com,534-768-8769,2021-10-18,29,Female,Michaelburgh
6764,Timothy Payne,elliottdarlene@gmail.com,251-250-0131,2021-11-15,41,Male,West Stacey
6765,Mr. David Allen,amandaowens@gmail.com,649-786-1775,2023-11-20,43,Female,Jacquelinemouth
6766,Ashley Smith,djennings@gmail.com,890-931-6073,2024-04-13,63,Male,West Daisy
6767,Bruce Marquez,amymcmahon@gmail.com,568-669-2760,2022-08-10,59,Other,Paulport
6769,Barbara White,hollypowell@gmail.com,290-857-3745,2023-11-26,46,Male,West William
6770,Jennifer Vargas,kellererin@gmail.com,614-909-1380,2021-11-24,42,Male,Davismouth
6771,Curtis Garcia,stevenbarber@gmail.com,684-797-9699,2024-03-07,37,Other,Johnburgh
6772,William Brewer,ctaylor@gmail.com,523-299-2560,2020-10-12,24,Male,Teresamouth
6773,Ronnie Navarro,nfuller@gmail.com,536-539-0240,2023-04-23,54,Male,Lake Emily
6774,Harold Gordon,sherrirussell@gmail.com,284-931-0678,2021-05-03,21,Female,Seanmouth
6775,Daniel Curtis,christophersmith@gmail.com,515-931-8985,2024-03-23,43,Female,Matthewchester
6776,Steven Peterson,margaret39@gmail.com,967-372-1592,2021-07-08,64,Male,Johnchester
6777,Jerry Yang,justinburke@gmail.com,854-579-5985,2021-03-28,52,Male,Martinezshire
6778,Matthew Reeves,jeffrey87@gmail.com,885-604-8571,2020-04-29,34,Female,Port James
6779,Patrick Walker,angiegentry@gmail.com,800-835-6139,2023-08-28,53,Female,Lake Jenniferfort
6780,Miranda Parker,kirk55@gmail.com,437-359-4724,2021-10-09,23,Female,Alexanderview
6781,James Zavala,sarah93@gmail.com,826-733-3528,2021-05-28,61,Male,New Robertview
6782,Elizabeth Williams,robert04@gmail.com,290-350-4333,2020-06-21,39,Male,West Wendy
6783,Bradley Compton,kimberly73@gmail.com,916-623-0760,2021-04-23,46,Female,Jamesfurt
6784,Glenda Sellers,sanderslaura@gmail.com,732-399-7009,2021-04-13,46,Female,New Tammy
6785,Terry Bryant,kevinlewis@gmail.com,365-453-8849,2020-10-07,41,Male,Zamoraside
6786,Donald Lee,serickson@gmail.com,281-324-9984,2021-07-22,30,Female,Mendozaport
6787,Margaret Esparza,thompsonkelly@gmail.com,684-292-7125,2024-01-08,58,Other,West Josefort
6788,Robert Thompson,levi83@gmail.com,922-314-7892,2020-04-17,42,Other,East Brianbury
6789,Kelsey Pierce,christian54@gmail.com,679-761-6084,2020-07-06,47,Male,Lake Robertfurt
6790,Tyler Martin,bbrooks@gmail.com,351-536-0902,2024-08-23,55,Other,East Daniel
6791,Jessica Cummings,gilljennifer@gmail.com,406-768-6690,2021-03-13,33,Other,Davidborough
6792,Jamie Oliver,kingmichael@gmail.com,780-867-9121,2023-11-13,47,Other,Lake Michele
6793,Derek Williams,skennedy@gmail.com,276-985-0781,2021-01-26,39,Female,East Jennifer
6794,John Hodges,gardnerthomas@gmail.com,256-801-7010,2022-10-15,22,Female,Millermouth
6795,Patricia Weber,evansstephanie@gmail.com,824-365-3615,2024-06-06,34,Other,Wilsonport
6796,Crystal King,ugraves@gmail.com,945-516-8323,2021-05-17,61,Other,South Jennifer
6797,Douglas Morris,zflores@gmail.com,493-332-0836,2020-09-10,21,Female,Lake Nicolasland
6798,Henry Castro,brenda33@gmail.com,761-392-3739,2021-12-02,42,Other,Brandonshire
6799,Vanessa Lee,apetersen@gmail.com,633-361-4754,2022-09-23,49,Female,Wilsonside
6800,Rodney Crawford,byrdkenneth@gmail.com,423-304-0808,2022-08-10,23,Other,New Geoffrey
6801,Richard Davies,amymassey@gmail.com,788-873-3172,2022-05-30,29,Female,Franciscoburgh
6802,Michael English,smithkirk@gmail.com,803-580-3971,2022-12-16,56,Female,Rowechester
6803,John Estrada,jonathanmiddleton@gmail.com,901-470-0741,2024-07-16,50,Other,Hansenton
6804,Alyssa Scott,anthonycarrillo@gmail.com,788-237-3613,2022-07-07,64,Other,Sparksstad
6805,Thomas Kelley,hallkristina@gmail.com,807-407-2217,2020-05-09,27,Male,North Mike
6806,John Barker,ybell@gmail.com,324-659-9771,2022-04-26,40,Female,South Benjaminborough
6807,Anita West,yturner@gmail.com,214-553-4184,2022-12-06,33,Female,Richardburgh
6808,Edward Olson,vsmith@gmail.com,311-340-7348,2020-08-23,18,Other,Port Veronica
6809,Robin Foster,gthomas@gmail.com,795-957-3493,2024-06-27,64,Other,Martinezmouth
6810,David Lee,jeffreyryan@gmail.com,603-633-1042,2024-08-22,31,Other,North Yolandaton
6811,Nancy Blevins,rhondaberry@gmail.com,520-503-0744,2020-03-21,51,Female,Williamsside
6812,Erin Rich,megan02@gmail.com,577-257-8460,2022-09-13,37,Male,North Deanna
6813,Jacqueline Jimenez,btaylor@gmail.com,808-478-8756,2022-06-16,52,Other,Williamsfurt
6814,Elizabeth Martinez,ideleon@gmail.com,484-376-7905,2023-08-10,27,Female,West Alan
6815,Brittany Stein,bradley62@gmail.com,451-605-1408,2024-02-08,20,Other,Robertmouth
6816,Michele Gutierrez,eevans@gmail.com,270-934-6043,2023-05-06,41,Male,South Christopher
6817,Tammie Reyes,cindy40@gmail.com,218-657-6011,2021-11-26,63,Male,Elizabethville
6818,Scott Flynn,uaustin@gmail.com,408-439-5266,2020-05-27,29,Female,North Dianeport
6819,Riley Whitaker,jay78@gmail.com,629-231-2556,2024-05-19,54,Male,Davidburgh
6820,Todd Christian,pottervanessa@gmail.com,313-208-9106,2020-06-28,57,Female,Francestown
6821,Caroline Ramos,jose90@gmail.com,667-328-3902,2023-02-14,55,Other,New Earl
6822,Vanessa Choi,johnsonpatrick@gmail.com,438-550-9245,2024-04-14,54,Female,North Stephen
6823,Monica Cooper,nmoore@gmail.com,625-594-7472,2021-06-13,51,Female,East Charles
6824,Nathaniel Gutierrez,gary89@gmail.com,295-259-0038,2021-09-24,42,Other,North Amyfort
6825,Timothy Mccarthy,tiffany11@gmail.com,774-834-6015,2021-07-21,18,Male,Port Stevenchester
6826,Jeffrey Mitchell,matthew66@gmail.com,228-644-3045,2023-01-17,42,Female,Nicoleside
6827,Mrs. Robyn Martin,jeffreypalmer@gmail.com,256-622-2450,2021-06-30,42,Female,Christopherville
6828,Nancy Molina,jennamckenzie@gmail.com,511-541-5740,2021-03-13,34,Other,Ferrellborough
6829,Reginald Perez,ogarcia@gmail.com,228-916-3004,2023-03-08,44,Other,Contrerasmouth
6830,Haley Walls,wilsonalexander@gmail.com,921-307-7727,2022-11-19,36,Other,Rogerston
6831,James Robles,darrelllindsey@gmail.com,360-203-8706,2023-03-28,36,Male,West Mark
6832,Stacy Myers,lori59@gmail.com,817-478-9078,2021-03-21,46,Other,Wilsonmouth
6833,Roger Bush,schwartzmark@gmail.com,337-290-8191,2024-01-20,65,Other,North Katherineport
6834,Misty Miller,mnelson@gmail.com,632-463-1971,2022-03-13,46,Female,Martinezfort
6835,Lauren Wood,shaunrobinson@gmail.com,905-270-6135,2023-09-30,37,Female,New Jacobfort
6836,Jennifer Skinner,benjamin31@gmail.com,641-583-5027,2021-03-17,39,Male,West Tracy
6837,Jason Clark,paige82@gmail.com,332-224-2223,2020-04-18,30,Male,North Nina
6838,Yolanda Cline,cindyarroyo@gmail.com,345-294-2847,2023-09-29,43,Female,South Bradyfort
6839,Jason Lane,nicholas12@gmail.com,357-558-2588,2024-02-19,58,Other,Torresfort
6840,Corey Ward,daniel79@gmail.com,676-351-8280,2020-10-24,30,Other,New Melissaport
6841,Aaron Williams,donaldchapman@gmail.com,747-309-7943,2023-10-03,44,Female,Hayesside
6842,Donna Richards,ojohnson@gmail.com,539-812-8313,2022-03-09,20,Female,Johnsonton
6843,Kevin Potter,pkelley@gmail.com,420-612-5825,2024-06-29,61,Other,New Brenda
6844,Rebecca Moreno,zcollins@gmail.com,434-596-2783,2024-07-14,19,Female,Lake Perry
6845,Jennifer Whitney,pwood@gmail.com,718-522-3783,2020-09-02,45,Other,Lake Kyleview
6846,Joseph Webb,bwaters@gmail.com,557-468-2277,2020-03-31,18,Male,West Melissamouth
6847,Brittney Mendez,thomasbowman@gmail.com,707-659-1045,2022-04-12,27,Other,New Deborahview
6848,James Reyes,wevans@gmail.com,745-636-8999,2020-12-02,52,Other,Timothyview
6849,Traci Wade,griley@gmail.com,454-870-7347,2021-07-24,25,Male,Lake Shelby
6850,Jill Anderson,beltrankyle@gmail.com,205-712-3200,2020-08-13,38,Female,West Olivia
6851,Jeremy Conley,tanya17@gmail.com,285-668-2646,2020-07-28,21,Male,Estradamouth
6852,Kimberly Adams,parkerscott@gmail.com,873-537-4448,2020-09-18,21,Other,Bradside
6853,Trevor Williams,aroberts@gmail.com,761-274-3469,2021-04-28,61,Other,New Lisaside
6854,Timothy Thomas,lmelton@gmail.com,449-416-1684,2020-07-29,64,Female,South Stephanie
6855,Jacqueline Walters,christina18@gmail.com,396-374-8065,2021-04-07,30,Female,North Christopher
6856,Richard Patterson,bethtodd@gmail.com,278-312-8166,2023-11-03,42,Other,West Alexandria
6857,Alexa Obrien,derickson@gmail.com,966-704-0002,2022-01-29,62,Male,Nortonberg
6858,Stephen Wood,tyler20@gmail.com,887-855-7549,2020-02-13,19,Other,Port Julieview
6859,Theresa Walker,gruiz@gmail.com,696-933-3604,2022-11-29,50,Other,New Joyville
6860,Elizabeth Meyer,marshlinda@gmail.com,738-376-9893,2024-01-26,52,Female,Victoriatown
6861,Paul Wagner,joshua69@gmail.com,274-434-1212,2022-09-05,36,Female,Noahberg
6862,Theresa Lowery,rebecca72@gmail.com,965-998-5602,2021-01-07,35,Female,Lauraview
6863,Brandi Brown,ufarley@gmail.com,535-827-3425,2022-03-25,45,Female,New Devinland
6864,Darrell Blair,nsantana@gmail.com,369-820-9615,2020-11-06,20,Other,Rebeccaton
6865,Jessica Chavez,tonyacantu@gmail.com,924-251-1132,2021-02-24,62,Other,Keithchester
6867,Jimmy Clark,sward@gmail.com,302-500-3771,2023-12-07,57,Other,Port Wendyport
6868,Stephen Schwartz,sarah60@gmail.com,477-689-7536,2023-01-30,62,Female,Jonesburgh
6869,Felicia Moyer,deborahgriffin@gmail.com,820-988-7340,2024-05-11,42,Other,Johnsonport
6870,Mary Smith,jasonberry@gmail.com,550-733-4864,2021-04-24,57,Other,North Diane
6871,Gregory Armstrong,brandi14@gmail.com,216-454-7053,2022-08-19,27,Other,Port Taramouth
6872,Laurie Shaw,barronmichael@gmail.com,643-914-7454,2022-11-18,63,Other,Stevenchester
6873,Kayla Sparks,xshaw@gmail.com,836-420-1792,2022-06-06,21,Female,South Matthewfort
6874,Thomas Stone,griley@gmail.com,959-483-4692,2023-01-16,29,Female,Moorebury
6875,Jeffrey Chavez,stephanieestes@gmail.com,371-540-4956,2023-01-04,23,Male,Henrystad
6876,Jared Lloyd,amygeorge@gmail.com,504-423-1196,2022-09-13,56,Other,East David
6877,Valerie Thompson,brettgutierrez@gmail.com,322-235-1178,2020-05-01,24,Other,Patrickton
6878,William Cohen,adam67@gmail.com,933-944-1558,2020-01-02,44,Female,New Lisa
6879,Gina Martinez,shawnberger@gmail.com,848-807-1063,2020-09-15,54,Other,Fitzgeraldmouth
6880,William Crawford,teresabarry@gmail.com,884-821-2622,2023-09-26,36,Female,Martinezburgh
6881,Nicholas Carter,elizabeth84@gmail.com,464-833-7899,2020-06-20,33,Female,Williamsbury
6882,Chelsea Marks,laura47@gmail.com,867-864-8224,2023-10-16,26,Female,Port Jenniferville
6883,Mark Miller,laurenmendoza@gmail.com,665-216-6586,2020-04-18,65,Other,Lindsayfort
6884,Renee Good,houstonalyssa@gmail.com,742-575-3741,2021-08-25,31,Male,Smithton
6885,Heather Delacruz,tapiadeanna@gmail.com,536-294-5336,2020-01-19,65,Other,East Darrellborough
6886,Shawn Lloyd,gmckenzie@gmail.com,675-219-7424,2023-08-23,18,Female,West Jamesborough
6887,Jessica Lane,jgonzales@gmail.com,947-812-1672,2021-11-01,56,Other,New Lisamouth
6888,Kathleen Rodriguez,fordwilliam@gmail.com,485-657-1902,2023-06-03,30,Male,Cooperland
6889,Robin Spencer,palmerrodney@gmail.com,442-752-9832,2023-07-20,61,Male,Andreaside
6890,Luis Estes,devans@gmail.com,862-466-3072,2023-06-09,40,Female,South Deborahmouth
6891,Gabrielle Taylor,brandon16@gmail.com,779-459-8249,2024-03-04,61,Other,Jessicabury
6892,Emily Williams,danny12@gmail.com,865-668-6840,2020-07-14,25,Male,Simpsonborough
6893,Jessica Lopez,sarahscott@gmail.com,928-984-2320,2024-03-03,33,Other,East Frank
6894,Kayla Morales,sarahbrown@gmail.com,770-561-7472,2020-02-10,41,Other,Thomasview
6895,Dr. Jonathan Ortiz,wyoung@gmail.com,985-218-8699,2021-05-27,41,Other,South Gary
6896,Dawn Jones,james68@gmail.com,294-839-7518,2022-08-12,42,Other,Jasonburgh
6897,Mrs. Brenda King,martinmisty@gmail.com,826-827-0863,2024-07-10,25,Female,Glassshire
6898,Cassandra Hayes,kshelton@gmail.com,979-644-7746,2022-08-31,32,Male,Arthurshire
6899,Heather Rowe,deborah22@gmail.com,703-783-4312,2022-04-05,42,Male,New Nicolebury
6900,Caleb Travis,jeremyjohnson@gmail.com,346-791-7670,2024-03-27,50,Female,Michaelhaven
6901,Sarah Henderson,terri51@gmail.com,341-254-3132,2020-09-03,61,Other,Erinside
6903,James Olson,charleslopez@gmail.com,624-727-6974,2022-02-12,33,Other,New Gina
6904,Brandon Hall,hallpaul@gmail.com,626-324-5117,2024-04-04,53,Female,Port Alison
6905,Jon Patel,brittanymeyer@gmail.com,341-272-3771,2021-09-14,57,Other,Robertport
6906,Michelle Williamson,victorstewart@gmail.com,208-330-9468,2023-08-06,62,Other,Victorstad
6907,Tammy Mora,randy35@gmail.com,584-874-5288,2024-04-23,41,Male,Anthonyshire
6908,Courtney Cummings,kathryn85@gmail.com,923-591-3970,2024-01-12,39,Male,Lake Beverlyshire
6910,Arthur Jones,jkramer@gmail.com,527-252-7277,2023-05-19,20,Other,Merrittmouth
6911,Michael Smith,brittney72@gmail.com,578-889-7267,2023-07-15,50,Female,South Stephenshire
6912,Destiny Park,kbender@gmail.com,818-463-5401,2020-03-25,27,Male,Fosterbury
6913,Cindy Moore,michael93@gmail.com,752-743-9672,2023-07-08,50,Male,Lake Taylormouth
6914,Troy Brown,phillipsteresa@gmail.com,345-858-4961,2021-02-23,23,Female,Michaelhaven
6915,Michael Williams,gutierrezcatherine@gmail.com,874-927-0184,2024-08-11,32,Male,Lake Cindyfort
6916,Victor Olson,qsanders@gmail.com,893-323-3583,2022-02-12,56,Other,East Donnabury
6917,Scott Snow,tammy08@gmail.com,395-593-5770,2023-03-25,45,Female,Kevinland
6918,Peter Faulkner DVM,dennisjones@gmail.com,554-212-6514,2022-04-12,43,Female,Ashleyfurt
6919,Brandy Ray,mcdonaldvanessa@gmail.com,677-690-0182,2023-10-16,33,Female,Lisahaven
6920,Anthony Larsen,jack12@gmail.com,748-799-8687,2023-02-25,57,Other,East Danny
6921,Amanda Mitchell,margaret93@gmail.com,627-682-6246,2020-11-14,55,Other,Sandovalburgh
6922,Michael Jenkins,shannon46@gmail.com,922-846-3749,2021-04-19,31,Other,Timothymouth
6923,Hailey Lopez,fwilson@gmail.com,468-683-3261,2022-11-11,60,Other,Port Jeffreymouth
6924,Randall Love,millerjames@gmail.com,858-429-1712,2024-06-30,50,Male,Stephenmouth
6925,Kelsey Lynch,latashajohnson@gmail.com,799-771-3950,2024-04-14,35,Female,Port Melissa
6926,Cheryl Taylor,alanjohnson@gmail.com,517-958-2475,2023-09-04,33,Female,Port Timothy
6927,James Fernandez,melissagarcia@gmail.com,638-836-0285,2024-01-26,37,Other,East Michael
6928,Steven Williams,haneyolivia@gmail.com,879-732-6473,2020-05-22,30,Female,Michaeltown
6929,Ryan Pham,ernest61@gmail.com,393-766-8319,2023-11-30,40,Female,Cunninghamville
6930,Brian Morris,marisahenry@gmail.com,530-743-0331,2021-02-07,47,Female,Jacksonland
6931,Sara Barnes,elizabeth18@gmail.com,799-294-0620,2023-02-10,46,Other,Vasquezmouth
6932,Margaret Brandt,griffincristina@gmail.com,407-558-8929,2024-07-29,38,Female,New Angelafurt
6933,Megan Nelson,toni16@gmail.com,969-743-1131,2020-12-01,64,Male,New Chad
6934,Craig Bonilla,qgibbs@gmail.com,452-637-0663,2022-08-16,28,Other,Delgadofort
6935,George Espinoza,morrischristopher@gmail.com,934-387-0692,2024-03-08,39,Female,Dennischester
6936,Veronica Watson,rebeccagonzalez@gmail.com,777-700-8223,2024-01-25,58,Male,Danielleborough
6937,Martha Walter,jeremiahmartin@gmail.com,560-814-2029,2021-02-01,23,Female,Duffyville
6938,Jonathan Allison DDS,shawn39@gmail.com,924-246-9291,2021-12-12,22,Other,Johnsonton
6939,Johnathan Bennett,ryankelly@gmail.com,712-293-3079,2023-08-22,56,Other,West Jerryberg
6940,Donald Williams,qwilliams@gmail.com,755-233-3811,2020-01-03,44,Other,West Brianborough
6941,Elizabeth Koch,longbeth@gmail.com,636-655-8556,2021-02-19,24,Male,Williamberg
6942,Danielle Carlson,thomassarah@gmail.com,316-631-8383,2021-03-18,54,Male,Kimberlymouth
6943,Pamela Owens,murphyvincent@gmail.com,578-251-6691,2021-09-25,28,Female,Lake Michelle
6944,Lisa Austin,jeffbarnett@gmail.com,-10-133-,2021-01-01,51,Male,New William
6945,Felicia Flores,hineswilliam@gmail.com,776-765-4021,2024-02-07,24,Other,East Maria
6946,Emily Carroll,paularichards@gmail.com,759-379-4333,2021-09-17,59,Other,Russellmouth
6947,Denise Salazar,johnsonsteven@gmail.com,833-699-7289,2023-01-05,49,Female,Campbellmouth
6948,Kristin Carney,renee62@gmail.com,761-357-3148,2023-04-15,42,Female,West Breannastad
6949,Benjamin Espinoza,jeffreyguzman@gmail.com,791-998-4328,2021-03-14,65,Other,North Timothy
6950,Jacob Wilson,ronaldsmith@gmail.com,207-364-9303,2021-07-15,31,Other,Hillville
6951,Thomas Walton,hebertcarol@gmail.com,379-850-2687,2023-07-17,65,Other,New Nicholas
6952,Amber Robinson,ibarrakaren@gmail.com,903-379-3225,2020-07-11,59,Female,West Jessicaport
6953,Amber Peterson,donnagarcia@gmail.com,541-284-3831,2020-09-07,62,Other,West Matthewfort
6954,Michelle Foster,kdelgado@gmail.com,712-945-2330,2021-06-01,36,Other,Watsonchester
6955,Ryan Walls,ngarcia@gmail.com,453-322-8295,2021-01-25,43,Female,Port Joe
6956,Kelli Lewis,nfox@gmail.com,406-386-0336,2023-05-09,36,Female,Juarezmouth
6957,Jason Hill,jessicamata@gmail.com,420-415-5715,2024-03-18,24,Other,Stevefurt
6958,Amber Sharp,christina13@gmail.com,520-316-2110,2021-03-08,31,Female,Port Sethland
6959,Tammy Parker,rjohnson@gmail.com,945-241-0914,2021-08-20,55,Other,Allenfort
6960,Ann Mitchell,alewis@gmail.com,553-877-5723,2021-07-05,44,Male,New Jennifer
6961,Kelly Terry,melissastewart@gmail.com,639-623-5270,2024-08-24,23,Other,Martinezshire
6962,Gary Sullivan,teresahale@gmail.com,315-221-5184,2022-10-25,52,Female,West Patrickburgh
6963,Jeffrey Flores,davidgrimes@gmail.com,887-461-7639,2021-05-12,29,Female,Port Markberg
6964,Heather White,esanchez@gmail.com,398-475-4050,2020-01-01,21,Male,East Daniel
6965,Troy Gould,amandajohnson@gmail.com,492-781-8409,2024-01-31,46,Female,West Natalie
6966,Susan Flores,jonathon89@gmail.com,281-665-0460,2021-05-29,50,Other,Port Nicolasborough
6967,Troy James,xfarrell@gmail.com,748-260-9385,2021-09-26,64,Female,Paulfurt
6968,Christopher Taylor,cameronwendy@gmail.com,202-697-8178,2024-05-26,62,Other,North Beckyberg
6969,Kristina Mitchell,danielleroberts@gmail.com,671-245-2625,2024-06-13,18,Male,Lake Justinstad
6970,Patricia Kennedy,hawkinsjames@gmail.com,366-540-6766,2021-06-15,34,Male,Brianberg
6971,Yolanda Rodriguez,robertbell@gmail.com,581-395-6255,2020-01-09,18,Female,Greenfort
6972,Pamela Jones,ashleyhall@gmail.com,839-323-5231,2022-10-13,55,Male,West Tracey
6973,Tamara Smith,nancymcknight@gmail.com,706-641-7091,2022-01-17,37,Female,Erikaside
6974,Debra Wu,croberts@gmail.com,536-589-8325,2020-04-28,55,Female,Youngside
6975,Nicole Moore,jennalopez@gmail.com,751-200-4419,2023-11-06,34,Female,South Maryfurt
6977,Michael Mcclure,carmenmendez@gmail.com,704-234-5041,2020-01-30,63,Female,Lake Valerie
6978,Audrey Sanders,nicolebrooks@gmail.com,303-471-5369,2023-08-30,47,Other,Susanfort
6979,Anthony Walker,jimmyray@gmail.com,356-517-0100,2020-01-18,51,Male,East Laurietown
6980,Daniel Glenn,veronica00@gmail.com,274-557-2997,2024-02-16,58,Male,South Andreaview
6981,Mark Johnston,wallacejames@gmail.com,554-311-7222,2023-06-25,29,Female,South Jermaine
6982,Kimberly Medina,robin56@gmail.com,374-947-5919,2023-06-19,61,Male,Vaughnport
6983,Sean Shepherd,vgray@gmail.com,401-628-3787,2023-10-18,33,Female,Oliviaborough
6984,Michael Moss,laurie57@gmail.com,464-695-2578,2022-10-23,25,Male,Mcmillanton
6986,Ryan Blankenship,ronald15@gmail.com,473-283-5079,2024-02-03,28,Other,Raymondview
6987,Laura Garcia,nfitzgerald@gmail.com,731-902-0215,2023-12-17,38,Other,New Vanessabury
6988,Denise Anderson,carolyn94@gmail.com,894-532-3748,2021-06-18,26,Female,Christopherview
6989,Jennifer Davis,wburgess@gmail.com,624-408-3873,2024-06-04,38,Female,South Mike
6990,Madeline Brooks,hansonlinda@gmail.com,459-518-7117,2023-01-16,57,Female,East Jameschester
6991,William Rogers,kaylalopez@gmail.com,563-465-8314,2020-10-31,21,Male,Kylefort
6992,Samantha Wallace,robertbautista@gmail.com,612-908-1378,2024-04-17,33,Other,West Erintown
6993,Steven Gray,leemichael@gmail.com,565-950-8186,2021-04-20,39,Female,East Nicoleton
6994,Ashley Waters,nsmith@gmail.com,218-537-2397,2022-07-14,32,Other,Veronicahaven
6995,Alan Lewis,dromero@gmail.com,257-375-4226,2020-07-06,44,Male,West Sharon
6996,Lisa Smith,fdavis@gmail.com,354-680-0927,2020-01-02,18,Other,Johnsonburgh
6997,Erika Lawson,john33@gmail.com,598-687-5698,2022-11-21,30,Other,East Melissafort
6998,Dr. Jacob Cooper,cory00@gmail.com,915-950-8780,2020-05-23,45,Other,Stevenborough
6999,Darrell Brock,olivia14@gmail.com,930-563-0841,2024-07-31,54,Female,Yangport
7000,Elizabeth Young,laurie05@gmail.com,573-968-2089,2023-01-15,33,Other,West Lauramouth
7001,Jesse Swanson,lvaldez@gmail.com,562-799-9968,2023-10-24,45,Female,Curtisland
7002,Sheila Duran,qmoore@gmail.com,856-265-7190,2023-02-02,45,Other,South Christopherburgh
7003,Kyle Kline,calderondeanna@gmail.com,637-561-0770,2021-11-08,65,Other,Popetown
7004,Tanya Farmer,joshuadrake@gmail.com,473-538-0613,2021-03-28,57,Female,Lake Dennis
7005,Ryan Robinson,rjohnson@gmail.com,206-780-1287,2024-02-27,34,Male,New Dawn
7006,Justin Price,bwilliams@gmail.com,672-821-9135,2021-10-22,35,Other,Lake Ericshire
7007,John Adkins,brightjennifer@gmail.com,415-593-5277,2024-07-09,20,Female,South Victoriaport
7008,Kevin Sandoval,elizabethmedina@gmail.com,395-535-1905,2020-03-02,32,Other,East Geoffrey
7009,Christopher Lee,bakerjames@gmail.com,243-822-5102,2022-05-23,22,Female,Geraldville
7010,Eric Coleman,whester@gmail.com,922-415-7008,2023-11-06,37,Male,Grantville
7011,Rick Zhang,carterdaniel@gmail.com,955-217-3715,2024-01-27,58,Other,Williamhaven
7012,Mr. David Gray DVM,cody92@gmail.com,400-344-5605,2023-07-30,57,Male,Port Dorothyborough
7013,Anthony Gibson,leepadilla@gmail.com,982-550-3576,2022-05-02,39,Male,South Shane
7014,Mark Martinez,jacqueline45@gmail.com,437-956-0818,2023-09-11,57,Female,Donnaview
7015,Rebecca Ramos,stephenslindsay@gmail.com,334-232-8416,2023-07-02,63,Male,East Adrianland
7017,Lisa Maxwell,christinajohnson@gmail.com,708-753-0928,2024-05-02,34,Female,Leeborough
7019,Melissa Washington,lhoward@gmail.com,832-665-3419,2020-10-19,50,Other,Justinport
7020,John Ortiz,batesrussell@gmail.com,216-882-9444,2021-06-15,62,Other,North Willie
7021,Alyssa Smith,skelly@gmail.com,524-759-3831,2023-01-05,46,Male,East Thomaschester
7022,Michael Clark,reillydavid@gmail.com,552-550-8729,2020-05-28,57,Female,Jacksonshire
7023,Allison Turner,loriterry@gmail.com,242-777-0562,2022-05-23,32,Other,Holderberg
7024,Charles Medina,joel80@gmail.com,396-610-5391,2024-01-23,41,Other,Port Adamville
7025,Mitchell Fuentes,bakermiguel@gmail.com,577-266-3899,2023-05-02,47,Other,North Ronaldside
7026,Nicholas Reese,stevencooper@gmail.com,547-216-0189,2021-12-28,23,Other,Angelaview
7027,Donald Sandoval,richardfreeman@gmail.com,492-733-3938,2023-12-12,38,Female,Port Jonathan
7028,Kristy Gomez,robert16@gmail.com,345-437-3030,2021-03-28,62,Other,North Patrick
7029,Eric Gonzalez,nicole87@gmail.com,540-945-1110,2024-08-08,53,Other,Aaronview
7030,Theresa Fuller,xwatson@gmail.com,670-948-0664,2020-06-08,26,Male,Lake Scottfort
7031,Rebecca Koch,leecody@gmail.com,561-218-9813,2024-07-04,44,Other,Lake Jeffreyton
7032,Kelly Hunt,wli@gmail.com,883-387-2130,2020-09-20,29,Other,Lake Sandrafort
7033,Jimmy Spencer,ymills@gmail.com,478-221-5940,2024-09-12,53,Other,Johnsonmouth
7034,Shannon Day,judy95@gmail.com,778-282-8887,2024-01-13,31,Female,Suzanneville
7035,Larry Fields,bennettjohn@gmail.com,962-672-6144,2023-08-12,45,Female,North Morgan
7036,Cynthia George,rellison@gmail.com,916-333-3795,2023-12-25,31,Male,Jefferyfort
7037,Andrea Kane,karibowman@gmail.com,898-942-2766,2021-09-18,61,Other,Lake Elizabeth
7038,Melissa Reyes,cooklaurie@gmail.com,-10-428-,2023-10-17,18,Female,Catherinebury
7039,Ellen Scott,areyes@gmail.com,346-503-1335,2020-06-02,47,Female,West Taylorhaven
7040,John Hayes,jeremy03@gmail.com,999-939-3241,2023-04-09,44,Male,Kevinside
7041,Ariel Robinson DDS,jefferybrooks@gmail.com,664-952-8237,2022-01-21,62,Male,Bellberg
7042,Richard Landry,megan73@gmail.com,934-523-0321,2023-02-07,64,Female,East Kathleenville
7043,Crystal Garcia,matthewthomas@gmail.com,789-502-2318,2022-03-17,39,Male,South Jasmine
7044,Chase Davis,bfox@gmail.com,947-512-0941,2022-04-17,42,Male,East Edwardborough
7045,Natasha Bowers,leonheather@gmail.com,361-966-8178,2024-05-14,57,Male,Malonefurt
7046,Christopher Frazier,mary93@gmail.com,851-401-2447,2023-11-03,44,Other,North Megan
7047,Rodney Lee,griffiththomas@gmail.com,859-572-9924,2024-07-26,57,Male,Lake David
7048,Anthony Walker,aarongentry@gmail.com,621-862-4925,2020-03-07,19,Female,Port Johnathanview
7049,Matthew Pitts,marktorres@gmail.com,815-306-4877,2021-08-30,29,Male,Mooreland
7050,Michael Garcia,whiteheadherbert@gmail.com,690-630-4448,2024-06-02,47,Male,Padillatown
7051,Stephanie Riddle,obrown@gmail.com,528-328-1453,2024-08-09,24,Male,Stoutmouth
7052,Dr. Kimberly Kim,zsnyder@gmail.com,495-447-1119,2023-11-22,60,Other,South Lori
7053,Derek Lara,ryanjessica@gmail.com,373-953-5386,2024-01-27,56,Male,East Pamela
7054,Mrs. Jessica Jones,rduncan@gmail.com,858-790-4812,2024-07-28,38,Female,East John
7055,Michael Davis,melinda02@gmail.com,897-270-1061,2020-08-23,56,Other,Lake Thomasshire
7056,Mark Morgan,coxruth@gmail.com,446-423-2781,2022-01-03,45,Male,Francisland
7057,Christopher Hale,grace57@gmail.com,896-735-9069,2022-04-25,39,Male,South Stephen
7058,Dakota Guerrero,joshua38@gmail.com,299-462-7576,2021-11-27,27,Other,Adamsstad
7059,Phillip Anderson,rubioallison@gmail.com,893-556-7868,2020-05-14,31,Female,Knightshire
7060,Courtney Pruitt,utrujillo@gmail.com,669-758-0945,2024-02-15,34,Other,Port Joanna
7061,David Reed,oholland@gmail.com,707-972-8988,2022-02-07,62,Other,West Rebecca
7062,Jeff Powers,davidking@gmail.com,702-821-0470,2022-12-21,59,Female,Port James
7063,Lauren Moore,fergusonkelly@gmail.com,848-687-0034,2023-01-23,63,Female,Gatesfurt
7064,Susan Martinez,cobbjennifer@gmail.com,975-994-9160,2022-12-15,20,Female,Port Alexis
7065,Trevor Obrien,jaclyn27@gmail.com,317-345-7333,2020-09-21,47,Female,East Kristaport
7066,Heather Walsh,rebeccasullivan@gmail.com,783-886-6186,2021-08-11,44,Female,East Nancyview
7067,Stephen Davis,jonathan17@gmail.com,988-714-2311,2024-04-07,24,Female,East Benjaminhaven
7068,Desiree Johnson,juliejimenez@gmail.com,988-839-3439,2020-10-10,49,Male,Amandachester
7069,Tony Robles,tiffanyharmon@gmail.com,605-857-9572,2023-10-30,65,Other,New Deborah
7070,Jennifer Phillips,aaronmccarthy@gmail.com,887-752-9451,2020-01-20,46,Other,South Andrew
7071,Hunter Walker,tmoreno@gmail.com,419-315-8665,2022-08-07,46,Female,East Michael
7072,Shaun Mills,kellywilson@gmail.com,319-773-0629,2021-09-23,65,Female,Andersonborough
7073,Andrew Hicks,lopezralph@gmail.com,780-676-4761,2022-04-24,48,Male,South Amandashire
7074,Susan Mack,ejohnson@gmail.com,979-600-4818,2020-05-12,40,Other,Hessshire
7075,Randy Mcbride,colleenjohnson@gmail.com,211-446-0941,2022-09-15,28,Other,Kimberlyport
7076,Zachary Ramos,ggregory@gmail.com,274-438-6617,2022-04-14,65,Other,Kellyhaven
7077,Laura Jordan,james66@gmail.com,385-271-7837,2021-10-21,65,Other,East Matthew
7078,Rachel Gordon,garnerjoseph@gmail.com,484-731-4505,2022-05-22,38,Other,Josefort
7079,Brittany Sanchez,hpowell@gmail.com,413-527-3669,2021-04-09,29,Female,Port Samuelshire
7080,Olivia Pierce,amy70@gmail.com,786-817-6194,2020-09-20,60,Male,East Robert
7081,Valerie Cuevas,ronald02@gmail.com,234-613-4652,2024-07-31,35,Male,Port Rachel
7082,Caroline Reese,rspence@gmail.com,436-320-6751,2022-09-10,54,Other,Melissaberg
7083,Carlos Gross,emilysingleton@gmail.com,292-678-7294,2023-02-17,55,Other,New Jeffreyburgh
7084,Eric Lane,iandrews@gmail.com,506-659-0940,2020-11-01,19,Female,Blevinsborough
7085,Roy Lucero,janice58@gmail.com,609-244-3100,2024-04-03,20,Female,West Garyton
7086,Melissa Glass,bdavis@gmail.com,673-333-2803,2022-11-16,43,Other,Lake Mollymouth
7087,Perry Lee,eriley@gmail.com,717-947-5615,2020-03-17,30,Other,East Laura
7088,Sarah Cook,jamesali@gmail.com,849-814-6847,2021-07-20,22,Male,Colleenbury
7089,Matthew Reyes,fostersarah@gmail.com,928-355-7643,2021-05-28,48,Female,Lydiatown
7090,Morgan Mendoza,david80@gmail.com,648-638-8013,2024-08-15,21,Female,North Allison
7091,Daniel Russo,smithjose@gmail.com,788-784-5031,2022-10-27,53,Female,East William
7092,Suzanne Lopez,debra68@gmail.com,983-758-1399,2022-05-10,28,Male,Joycefurt
7093,John Smith,cooperlisa@gmail.com,258-502-3527,2020-05-27,37,Female,Joyceborough
7094,Amanda Haney,samuelgonzalez@gmail.com,904-796-9012,2023-09-20,34,Female,West Melissa
7095,Barbara Cruz,hernandezsteven@gmail.com,581-665-5181,2021-05-06,58,Male,Port Donaldchester
7096,Mary Watson,glenda72@gmail.com,407-415-1027,2020-04-22,48,Male,Masseyside
7097,David King,sheltonthomas@gmail.com,525-509-1998,2023-08-09,51,Female,East Elijah
7098,Connie Gamble,heathkelly@gmail.com,887-727-7422,2022-09-10,34,Male,North Andrewhaven
7099,Rhonda Cruz,kristenadams@gmail.com,478-556-9863,2020-12-27,46,Other,Tamiview
7100,Jason Campbell,thomassmith@gmail.com,984-340-0741,2024-01-09,56,Female,Oneillfort
7101,Lydia Rogers,othomas@gmail.com,946-519-1015,2022-03-31,27,Male,Heathertown
7102,Kristine Johnson,qdowns@gmail.com,965-841-8604,2021-05-01,21,Female,Kennedyport
7104,Natalie Carroll,zacharyhensley@gmail.com,991-542-4796,2020-11-22,35,Other,East Jacquelinehaven
7105,Kristin Montgomery,darren15@gmail.com,480-597-2007,2021-07-10,62,Female,Michaelfort
7106,Deanna Jordan,crystalmckay@gmail.com,437-917-9982,2021-05-26,55,Male,Staciebury
7107,Maria Wolfe,haustin@gmail.com,504-814-2462,2023-05-13,35,Other,Shawnside
7108,Melissa Henderson,danielbaker@gmail.com,913-636-7085,2022-05-31,40,Other,Jonathanbury
7109,Steve Mcintyre,peter80@gmail.com,315-288-8463,2022-05-07,35,Other,Dianeland
7110,Paige King,xbrown@gmail.com,876-250-5542,2021-05-17,51,Other,North Williamstad
7111,Charles Reyes,lisa88@gmail.com,427-597-4979,2020-01-15,22,Male,Brittanytown
7113,Ronald Wallace,austin08@gmail.com,635-478-9991,2020-02-02,54,Other,North Christopher
7114,Marcus Duffy,jvillarreal@gmail.com,972-589-8001,2021-01-30,57,Male,Lake Tonymouth
7115,Kimberly Jackson,npage@gmail.com,371-528-1064,2022-07-16,34,Other,Margaretview
7116,Paul Hudson,christopherwise@gmail.com,388-685-8354,2020-01-04,46,Female,South Martha
7117,Diana Barajas,walkerrichard@gmail.com,680-458-2571,2022-03-13,59,Female,East Dawnfurt
7118,Duane Sullivan,richardwilson@gmail.com,965-807-7422,2022-11-25,59,Male,West Marystad
7119,Katrina Santana,christopher24@gmail.com,870-232-2513,2021-09-21,45,Other,West Leslie
7120,Kimberly Rose,davidmiranda@gmail.com,701-245-6330,2022-12-20,27,Female,Thomasburgh
7121,Melanie Davies,richardanderson@gmail.com,336-398-1954,2021-01-05,22,Other,Nunezchester
7122,Maria Jones,steven28@gmail.com,734-754-9111,2021-07-13,55,Male,Barnesbury
7123,Michael Morris,onealshannon@gmail.com,368-737-2045,2023-03-02,21,Other,North Kimside
7124,Kathryn Dyer,joshuahall@gmail.com,905-350-8975,2022-10-02,56,Female,South Christopherton
7125,Jason Lee,spencer57@gmail.com,753-751-3265,2022-11-05,31,Female,Zimmermanshire
7126,Lauren Gray,kingian@gmail.com,977-550-2046,2023-01-19,58,Female,Greenborough
7127,Rachel Diaz,andrewvaldez@gmail.com,439-277-6597,2023-03-24,36,Female,Williamsville
7128,Edward Ferguson,ryanbarnes@gmail.com,562-364-5996,2020-07-08,60,Male,New Michaelmouth
7129,Kevin Lee,kristijenkins@gmail.com,452-673-7577,2022-05-30,39,Male,Port Michael
7130,James Harrison,srich@gmail.com,664-897-2221,2021-01-07,57,Other,Murphyside
7131,Michael Austin,maryarmstrong@gmail.com,455-636-2811,2021-09-19,58,Female,Lauraside
7132,Jason Watkins,dyoung@gmail.com,211-300-8356,2021-03-02,33,Male,Parsonshaven
7133,Matthew Harris,youngbarbara@gmail.com,511-915-3454,2023-03-05,58,Female,Carterport
7134,Richard White,daniel49@gmail.com,312-769-7420,2022-02-08,50,Other,South Jeff
7135,Karen Rice MD,davidberry@gmail.com,526-875-3930,2020-08-18,18,Male,Kochmouth
7136,Emily Taylor,amy54@gmail.com,972-877-2379,2023-07-29,25,Female,North Selenachester
7137,Kathleen Perry,johnathan02@gmail.com,627-301-9340,2024-07-07,30,Male,Port Sergio
7138,Pamela Reed,thomas74@gmail.com,537-333-5662,2022-02-18,28,Other,Campbellfort
7139,Tina Palmer,david57@gmail.com,279-693-0398,2024-02-02,48,Other,Richardbury
7140,Casey Martinez,roger49@gmail.com,594-234-8225,2020-05-16,30,Female,Shelbychester
7141,Mary Nixon,cballard@gmail.com,992-428-6575,2022-05-11,24,Male,West Crystalburgh
7142,Kristen Webb,michaelfields@gmail.com,427-466-4734,2022-11-09,22,Other,North Kimberlyhaven
7143,Rebecca Martin,bullockbrandon@gmail.com,986-717-8914,2022-03-14,19,Female,Lake Daniel
7144,Stephen Gregory,gina92@gmail.com,358-527-2101,2022-07-03,52,Male,Jacobborough
7145,Danielle Brown,morrisstephen@gmail.com,425-657-9740,2021-02-12,58,Other,Shannonborough
7146,Thomas Everett,ogarcia@gmail.com,840-410-9429,2022-07-18,41,Other,Port Justinfurt
7148,Cheyenne Gray,stevenrice@gmail.com,359-895-6386,2020-11-15,63,Female,Powellfurt
7149,Karen Lowe,wjuarez@gmail.com,255-899-2955,2024-07-03,62,Female,Smithborough
7150,Dana Hayes,kennethwright@gmail.com,207-206-3654,2023-11-19,59,Other,Marioburgh
7151,Krista Hood,davidlopez@gmail.com,582-936-9384,2024-09-23,51,Other,Port Joseph
7152,Arthur Thomas,douglas25@gmail.com,611-735-6464,2020-02-08,27,Other,South Carol
7153,Bryan Henson,dillondillon@gmail.com,993-923-9608,2023-02-21,26,Other,Port Ryan
7154,Kimberly Murphy,rebecca97@gmail.com,280-714-0147,2024-05-21,32,Male,North Brendanburgh
7155,Michael Allison,alewis@gmail.com,447-418-2352,2020-04-22,52,Other,Gillespieport
7156,Sandra Buchanan,emily04@gmail.com,836-412-6702,2022-07-14,22,Male,Port Pamela
7157,Heather Wall,melissa84@gmail.com,546-935-7746,2021-12-19,30,Male,North Trevor
7158,Ashley Mills,angiebrown@gmail.com,288-477-5723,2021-10-28,23,Other,Brownbury
7159,Mrs. Emma Zhang,robertsampson@gmail.com,873-944-6160,2020-03-29,53,Other,Victoriaview
7160,James Martin,jsexton@gmail.com,723-465-2793,2022-04-29,31,Male,Mckinneyview
7161,Zachary Hunt,adam15@gmail.com,324-747-0372,2024-07-16,27,Male,West Shawnville
7162,Rebecca Herrera,eugene03@gmail.com,698-271-8333,2022-02-17,28,Male,Lake Martinland
7163,Jason Koch,klinesamuel@gmail.com,905-504-2488,2021-01-03,53,Other,West Elizabethburgh
7164,Ashley Carney,hubbardgary@gmail.com,593-295-6463,2021-04-14,21,Male,Randallstad
7165,Jessica Hudson,jill50@gmail.com,777-241-2085,2021-05-22,30,Male,North Troyport
7166,Michael Dillon,ryan43@gmail.com,826-718-5764,2020-07-05,19,Other,Gonzalezshire
7167,Kathy Martin,nixontravis@gmail.com,814-724-4939,2022-08-22,46,Other,North Richardchester
7168,Megan Hernandez,craigcharles@gmail.com,892-582-1558,2024-08-24,52,Female,Chadtown
7169,Sabrina Shaffer,lisashelton@gmail.com,330-933-6824,2020-05-22,49,Other,Carolynville
7170,Gregory Lopez,jason85@gmail.com,458-710-7896,2023-04-19,33,Other,Stricklandview
7172,Paula Banks,stephanie31@gmail.com,330-758-9392,2020-06-14,32,Male,Lake Lisaton
7173,Haley Sampson,martinashley@gmail.com,878-209-0703,2022-02-07,46,Female,Lake Jamie
7174,Michael Davenport,davidwilliams@gmail.com,647-513-6903,2024-03-21,50,Female,Loritown
7175,Abigail Cain,shaneshannon@gmail.com,447-708-2172,2024-07-24,25,Male,Joshuamouth
7176,Dennis Simpson,ubrown@gmail.com,863-379-5043,2021-09-09,60,Other,Morrisonmouth
7177,Maria Nguyen,veronica88@gmail.com,969-958-4286,2024-09-28,51,Male,Spencerland
7178,Martha Gomez,joshua78@gmail.com,566-692-9165,2022-03-20,56,Female,Vaughanmouth
7179,William Chung,mark22@gmail.com,354-483-2326,2021-05-04,64,Other,Jensenside
7180,Joshua Patterson,melaniemartinez@gmail.com,558-411-1419,2021-01-17,52,Other,New Kellyshire
7181,Aaron Myers,vvasquez@gmail.com,215-902-9428,2023-09-29,30,Male,Barbaramouth
7183,Joseph Huynh,dalvarado@gmail.com,356-248-1099,2024-02-27,44,Female,Juanhaven
7184,Courtney Thompson,michelleball@gmail.com,988-970-4045,2020-12-09,27,Female,West Amy
7185,Joseph Jones,rbyrd@gmail.com,840-515-3735,2023-03-27,39,Male,Nathanland
7186,Erin Gillespie,vroberson@gmail.com,987-472-4019,2023-05-15,29,Female,Evansport
7187,Brandon Coleman,fergusonchristopher@gmail.com,569-688-6845,2020-02-13,24,Other,Danielmouth
7188,George Fox,desiree99@gmail.com,593-207-9853,2020-11-04,33,Other,Ramosborough
7189,Jamie Jacobs,robert89@gmail.com,605-406-7694,2023-05-23,33,Male,West Nathaniel
7190,Timothy Gonzalez,cooperdaniel@gmail.com,975-962-0623,2023-10-02,54,Male,Vasquezside
7191,Rebecca Carlson,freemanroberto@gmail.com,211-671-3418,2020-09-25,21,Other,Dayville
7192,Lauren Wood,willismichael@gmail.com,580-335-1606,2024-03-18,30,Other,Barrstad
7193,Jennifer Salazar,jamesnguyen@gmail.com,448-911-5496,2024-06-29,60,Other,Stanleymouth
7194,Johnny Hammond,hsampson@gmail.com,391-679-2485,2024-07-31,61,Male,East Lauriebury
7195,Kevin Perry,mark00@gmail.com,515-611-8477,2024-07-30,31,Female,Williamborough
7196,Nancy Rhodes,emily48@gmail.com,742-623-1891,2023-09-10,41,Other,Lake Christopherview
7197,Daniel Howard,obrown@gmail.com,413-437-3411,2020-05-10,36,Male,Zamoraberg
7198,Dr. Sarah Cantu,kimjesse@gmail.com,794-944-9358,2023-06-08,46,Male,Ryanside
7199,Tammy Blake,xmcbride@gmail.com,280-250-2253,2024-07-24,25,Male,Curtisfurt
7200,Jodi Jimenez,garrettphillips@gmail.com,375-369-2521,2020-06-15,42,Male,Brendaborough
7201,Danielle White,cray@gmail.com,883-410-7357,2021-09-13,21,Other,Lake Jessica
7202,Lindsey Williams,zvega@gmail.com,723-349-5911,2024-09-12,58,Other,Dawnfort
7203,Brian Pugh,lbrown@gmail.com,380-361-6846,2021-05-17,50,Female,Maryport
7204,Virginia Davis,lgolden@gmail.com,412-954-9982,2022-09-08,63,Female,Griffithtown
7205,Nancy Montgomery,nicholasgriffith@gmail.com,306-599-9288,2021-10-07,49,Male,Johnstonchester
7206,Thomas Ortiz,alicia52@gmail.com,990-414-8727,2023-08-16,40,Other,Clarkfurt
7208,Roberto Lara,ayoung@gmail.com,541-551-8817,2022-11-21,44,Other,Millerville
7209,Kaitlyn Harmon,lisawhitehead@gmail.com,336-694-4702,2024-09-27,25,Other,South Alexander
7210,Michael Brown,rhondabrown@gmail.com,965-889-4479,2022-03-28,20,Female,West Trevorview
7211,Michael Lopez,rosalescasey@gmail.com,231-942-1823,2024-02-29,25,Female,Harringtonport
7212,Thomas Fuller,jamesbell@gmail.com,716-877-4128,2023-02-07,36,Male,North Zachary
7213,Kyle Dudley,hmoore@gmail.com,960-469-3345,2020-03-13,57,Female,North Lisachester
7215,Craig Johns,stouttroy@gmail.com,539-807-6125,2024-06-07,40,Female,West Tammyfurt
7216,Diane Gilmore,williamschristina@gmail.com,976-634-0473,2024-04-16,47,Female,East Joannamouth
7217,Robert Russell,jimenezedward@gmail.com,868-359-9256,2022-02-25,32,Female,Santiagoville
7218,Jill Swanson,alexander17@gmail.com,783-554-7571,2023-12-11,60,Female,Gillmouth
7219,Kathryn Perry,tammy18@gmail.com,599-365-2196,2020-06-14,64,Male,New Edwinshire
7220,Gary Guzman,medinarebecca@gmail.com,815-703-4259,2021-08-21,57,Male,Mathewfurt
7221,Kimberly Stone,susangibson@gmail.com,563-878-2696,2020-06-08,35,Female,Ryanton
7222,Kimberly Gibson,matthewmartin@gmail.com,789-338-7173,2022-07-31,37,Other,Howardberg
7223,Rebecca Hardin,laura82@gmail.com,451-804-3399,2020-11-11,18,Male,South Matthewmouth
7224,Charles Mccoy,nicolegomez@gmail.com,798-487-1451,2023-08-05,40,Other,Cooperbury
7225,Jamie Webb,michael07@gmail.com,394-636-0920,2023-07-16,55,Other,Port Thomas
7226,Lindsay Hall,eric25@gmail.com,906-866-6856,2024-07-10,65,Other,South Samuelberg
7227,Jason Murphy,emilywalker@gmail.com,777-278-8345,2024-03-03,51,Female,Munozchester
7228,Matthew Cline,hendersonbruce@gmail.com,810-258-2696,2022-12-04,20,Male,Payneland
7229,Christopher Ferguson,hendersonsarah@gmail.com,508-483-1154,2020-06-18,31,Other,Laurafurt
7231,Megan Grant,fturner@gmail.com,349-845-1709,2021-11-23,58,Female,Brandonberg
7232,Emily Miller,justin02@gmail.com,604-848-7011,2023-11-22,38,Other,Dunnmouth
7233,Angela Adams,wesleytapia@gmail.com,662-913-4168,2020-09-03,60,Male,Ramseyport
7234,Courtney Bray,jacksonjennifer@gmail.com,767-279-7097,2021-07-14,36,Other,West Christinaton
7235,Ryan Pham,mcbridericky@gmail.com,610-601-7216,2023-05-01,61,Female,New Stacey
7236,Victoria Perez,ianbarnes@gmail.com,562-624-7881,2024-08-12,46,Female,Lake Cherylburgh
7237,Linda Lopez,adam56@gmail.com,894-873-7900,2023-03-22,57,Other,South Susanmouth
7238,Gary Anderson,pwillis@gmail.com,689-868-4208,2022-03-15,62,Male,Toddborough
7239,Ricky Lopez,thomaskeller@gmail.com,547-387-3348,2024-04-20,58,Female,Boonetown
7240,Zoe Williams,williamskyle@gmail.com,327-421-4418,2024-02-14,58,Female,South Edwardfurt
7241,Jasmine Chang,wromero@gmail.com,494-868-6618,2024-04-02,24,Other,North Jacqueline
7242,Robert Ramos,shannon66@gmail.com,226-320-0587,2021-01-14,26,Other,Bakerville
7243,Larry Nguyen,kevin29@gmail.com,383-252-8293,2020-06-03,36,Male,New Anthony
7244,Matthew Thompson,wguerrero@gmail.com,345-264-8762,2023-12-22,28,Male,Lake Nicoleland
7245,Dustin Gardner,brittanythompson@gmail.com,688-461-6426,2023-05-04,20,Male,Port Sarahland
7246,Jamie Bailey,sarahdaniels@gmail.com,725-861-7016,2022-12-25,24,Male,Perryside
7247,James Ross,sethhuff@gmail.com,524-552-6089,2024-09-06,42,Other,East Jonathanport
7248,Sarah Clark,alexisfields@gmail.com,546-482-4310,2021-11-09,49,Female,New Mary
7249,Samantha Smith,gloria27@gmail.com,617-329-2745,2022-06-10,51,Male,North Zachary
7250,Anna Carter,michaelharrell@gmail.com,962-317-2739,2024-07-01,61,Male,Julieburgh
7251,Amanda Lamb,julie34@gmail.com,579-498-6413,2023-01-11,39,Female,Josephstad
7252,Jessica Harris,fpayne@gmail.com,768-357-3139,2021-04-04,24,Male,New Elizabethhaven
7253,Richard Vega,harperterri@gmail.com,474-348-2096,2023-04-17,34,Male,West Sandraport
7254,Wyatt Porter,fieldsmike@gmail.com,394-899-9892,2024-07-23,61,Other,South Haileyhaven
7255,Christopher Park,xcole@gmail.com,975-827-4877,2022-12-30,18,Female,Port Barbaraborough
7256,Lucas Davis,kevinlivingston@gmail.com,485-966-0723,2021-04-14,48,Female,South Kimview
7257,Angela Bryant,aguirresarah@gmail.com,893-346-1245,2024-07-03,31,Male,Lake Thomas
7258,Scott Taylor,michaelgreen@gmail.com,410-997-4566,2022-03-15,25,Male,Lake Shawn
7259,Adam Clayton,ericdelgado@gmail.com,200-705-7933,2021-06-23,53,Female,South Amanda
7260,Vincent Freeman,gonzalezandrea@gmail.com,377-491-8640,2020-10-31,20,Female,Williambury
7261,Angela King,annenelson@gmail.com,925-789-4720,2021-04-26,44,Female,Gambleborough
7262,Jennifer Smith,alexandra57@gmail.com,732-349-1121,2023-11-12,41,Male,Markburgh
7263,Christopher Thompson,karl71@gmail.com,675-674-6988,2023-10-24,49,Other,West Christopher
7264,Carol Diaz,barnesmelanie@gmail.com,489-352-5857,2023-06-25,40,Male,New Courtneytown
7265,Megan Henderson,david85@gmail.com,735-959-7639,2020-09-15,29,Female,North Megan
7266,Megan Hill,mendozamegan@gmail.com,451-804-4592,2020-08-16,46,Female,South Jesse
7267,Veronica Lara,nathanmedina@gmail.com,965-390-6036,2020-06-19,64,Male,Kelleyburgh
7268,Amanda Kaufman,banksomar@gmail.com,314-284-5425,2021-01-28,57,Female,Port Emilyberg
7269,Alyssa Miller,larsonaaron@gmail.com,677-964-0018,2023-11-10,40,Male,Andersonland
7270,Angelica Martinez,jamieshepherd@gmail.com,650-500-7972,2023-12-29,56,Female,Sarahview
7271,Cristian Sanford,zferguson@gmail.com,297-805-6307,2024-03-08,39,Male,West Carolyn
7272,Matthew Norris,gregoryburns@gmail.com,380-874-6585,2024-02-23,38,Other,Wrightmouth
7273,Elizabeth Middleton,johnsontonya@gmail.com,712-424-5929,2022-03-02,54,Female,Grahamborough
7274,Charles Riley,michelleriley@gmail.com,463-688-5576,2022-05-18,19,Male,Douglasbury
7275,Donna Rivera,lewismallory@gmail.com,678-362-7308,2022-11-24,61,Female,North Jamesburgh
7276,Ms. Janice Becker,taylorhuynh@gmail.com,559-418-8158,2024-08-08,42,Male,New Angelachester
7277,David Small,natalie99@gmail.com,934-508-2140,2024-06-08,32,Other,Smithport
7278,Jesse Edwards,stephaniehorne@gmail.com,492-325-9608,2023-03-08,39,Other,New Amandaport
7279,Mark Schwartz,gvargas@gmail.com,284-493-3770,2022-04-21,29,Other,Alexandermouth
7280,Aaron Wallace,scarrillo@gmail.com,919-476-4439,2020-07-22,36,Male,South Courtneyville
7281,Ashlee Larson,wyattraymond@gmail.com,324-848-8181,2023-04-26,56,Female,East Alexandra
7282,Adam Anderson,tuckerstacy@gmail.com,915-560-2408,2024-05-26,58,Other,Lake Travismouth
7283,Nicholas Perez,gregorysmith@gmail.com,934-811-7198,2022-02-18,38,Female,South Jason
7284,Ryan Ferguson,vincent40@gmail.com,310-836-3150,2024-06-13,64,Male,North Kimside
7285,Sandra Vasquez,martinezrebecca@gmail.com,284-479-0196,2020-11-30,51,Male,Ashleyberg
7286,Michael Franco,joshua41@gmail.com,979-581-9000,2021-08-11,42,Other,Barrontown
7287,Stanley Hammond,igreen@gmail.com,328-944-7437,2021-01-12,29,Female,North Mallory
7288,Cynthia Allen,ashleythompson@gmail.com,226-625-0602,2021-03-19,26,Male,Sabrinahaven
7289,Karen Higgins,tara99@gmail.com,648-557-2101,2024-05-15,57,Other,New Barbarashire
7290,Patrick Ritter,adam71@gmail.com,709-482-3565,2021-01-18,28,Male,Walkerfort
7291,Mary Shaw,matthewsmith@gmail.com,802-635-9632,2020-06-09,57,Female,New Cameronborough
7292,Jeanne Perry,xreeves@gmail.com,369-814-5554,2020-03-07,60,Male,Mckinneyside
7293,William Alexander,rmoore@gmail.com,731-691-5233,2020-11-11,56,Female,West Sally
7294,Briana Garcia,melissa04@gmail.com,314-642-6989,2021-04-05,40,Female,Nelsonmouth
7295,Karen Rhodes,ryan16@gmail.com,274-849-0940,2022-07-02,20,Male,Brentbury
7296,Mary Haynes,walterhall@gmail.com,584-420-1858,2023-04-24,40,Other,Lake Anthony
7297,Lisa Lyons,cmendoza@gmail.com,968-879-3227,2022-06-26,28,Female,Youngborough
7298,Brandi Smith,pamelajones@gmail.com,659-420-3236,2023-01-24,59,Female,Michaelstad
7299,Christopher Drake,brownwilliam@gmail.com,837-264-7770,2020-03-24,33,Female,Walterbury
7300,Emily Jefferson,allison33@gmail.com,303-323-0453,2021-04-24,27,Female,Rossstad
7301,Kathryn Lane,carolinefrye@gmail.com,702-393-0697,2021-10-01,51,Other,East Edwardmouth
7302,Scott Nguyen,ipratt@gmail.com,728-896-3325,2024-01-09,43,Other,Carolynburgh
7303,Matthew Hebert,millernicole@gmail.com,803-969-1760,2021-04-01,20,Female,Cameronmouth
7304,Kristin Lowery,jennifer97@gmail.com,665-998-1577,2024-06-12,23,Female,North Andrew
7305,Brenda Hughes,aburnett@gmail.com,971-742-6263,2023-06-30,57,Other,Williamsburgh
7306,Maria Brown,gyu@gmail.com,301-572-7448,2021-06-17,52,Male,Wayneview
7307,Leah Clark,travis61@gmail.com,845-988-1806,2022-08-17,50,Other,New Sherry
7308,Brittany Chung,robyn87@gmail.com,850-597-8905,2021-12-14,24,Other,East Lisa
7309,Jose Lucero,sarah16@gmail.com,765-738-1838,2023-09-06,49,Other,West Taylor
7310,Melissa Joyce,aaron64@gmail.com,988-527-1180,2020-09-26,50,Other,New Adamton
7311,Harold Williams,brewerdouglas@gmail.com,934-680-1236,2022-08-28,26,Other,Lake Melissa
7312,Kellie Rich,gibsonrobert@gmail.com,505-785-2332,2022-12-14,56,Female,New Tammyport
7313,Robert Jones,browntyler@gmail.com,826-525-0081,2023-10-12,28,Female,Sheilaport
7314,Karen Harvey,ywarner@gmail.com,952-773-4542,2020-04-20,29,Male,East Jessica
7315,Elizabeth Wilson,hwashington@gmail.com,954-790-3051,2020-09-26,56,Female,Floresport
7316,Lindsey King,danielwright@gmail.com,653-910-8903,2023-07-12,27,Other,North Christophershire
7317,Kyle Atkinson,nicolelandry@gmail.com,245-717-2418,2020-05-27,56,Other,East Carlville
7318,Elizabeth Barrera,erica34@gmail.com,927-208-8731,2023-04-03,30,Male,Cervantesborough
7319,Colton Smith,william05@gmail.com,516-320-1702,2020-02-11,43,Other,Sandraport
7320,Kimberly Scott,howardsmith@gmail.com,815-656-0310,2023-02-19,40,Male,East Christineborough
7321,Paul Martinez,whaynes@gmail.com,985-541-1775,2023-06-28,18,Male,South Nicholasville
7322,Patricia Stewart,rachelmiller@gmail.com,348-744-8255,2024-08-24,65,Female,New Amyton
7323,Kristen Fry,dthomas@gmail.com,431-813-4586,2020-10-21,59,Female,Nicholasborough
7324,Stacy Wheeler,jacksonlee@gmail.com,785-445-8066,2020-02-12,29,Male,Wrightmouth
7325,Amber Mccann DDS,hmurphy@gmail.com,969-500-3828,2023-09-13,26,Female,East Eric
7326,Kendra Lewis,meganpage@gmail.com,934-497-2617,2024-02-18,61,Female,Swansonstad
7327,Lisa Jackson,jamie86@gmail.com,277-396-9246,2022-02-08,41,Male,Port Samuelfort
7328,Jared Sullivan,jeffreygray@gmail.com,439-944-8817,2020-01-14,63,Male,Walshstad
7329,Jessica Hernandez,anablake@gmail.com,376-710-1585,2020-09-12,28,Male,South Amyfort
7330,Kenneth Martinez,cmurphy@gmail.com,837-896-2468,2021-06-12,21,Male,New Joshua
7331,Sara Mosley,gspencer@gmail.com,665-867-7477,2021-09-07,25,Other,Sheachester
7332,Sara Sutton,rgillespie@gmail.com,795-982-3979,2023-10-08,38,Female,Schultzhaven
7333,Tony Durham,pvazquez@gmail.com,211-740-0057,2021-04-25,35,Female,Port Jenna
7334,Mrs. Jessica Lopez PhD,zwalker@gmail.com,726-581-7532,2020-08-01,52,Other,South Anthony
7335,Eric Diaz,matthewgreene@gmail.com,503-701-1117,2021-02-19,59,Female,Kristenstad
7336,Lauren Rich,zwhitney@gmail.com,523-782-4168,2021-02-08,62,Female,South Cynthiaville
7337,Karen Cardenas,suedaniels@gmail.com,465-751-6141,2021-03-09,37,Female,Housestad
7338,Robert Mendez,ppineda@gmail.com,271-344-8357,2022-02-20,38,Male,Levyside
7339,Robert Hopkins,michael87@gmail.com,863-904-3036,2021-05-08,59,Male,Lake Thomasside
7340,Fred Nelson,dennis58@gmail.com,601-418-5389,2021-09-14,56,Female,East Lisaton
7341,Heather Brown,kramirez@gmail.com,859-948-0729,2020-06-26,28,Male,Rodriguezville
7342,Scott Davis,amyli@gmail.com,947-464-6416,2022-12-01,46,Other,South Amy
7343,Steve Mccall,phillipsjessica@gmail.com,723-462-6252,2020-08-19,46,Male,West Josechester
7344,Kathryn Rodriguez,arellanomarco@gmail.com,910-983-5740,2021-05-04,61,Female,Levistad
7345,Jeffery Patterson,amy50@gmail.com,736-497-7151,2021-09-27,38,Male,West Sydney
7346,Kara Brown,lbrennan@gmail.com,768-256-7913,2024-07-05,20,Other,Lake Priscillaside
7347,Natasha Williams,amber98@gmail.com,791-782-2509,2023-07-24,35,Other,Lake Mary
7348,Mark Crane,jennifer61@gmail.com,381-572-2792,2023-11-15,45,Other,Shariton
7349,Larry King,shannonmiller@gmail.com,471-522-2509,2020-07-29,18,Female,West Elizabethchester
7350,Veronica Frazier,david69@gmail.com,954-514-5844,2023-02-18,64,Other,North Derrickland
7353,Amber Morris,alexander64@gmail.com,908-466-5487,2024-05-26,55,Male,South Kiarastad
7354,Brenda Singh,robin16@gmail.com,749-220-5985,2020-04-07,19,Male,Jeremyside
7355,John Anderson,valerie14@gmail.com,615-657-3825,2021-05-13,32,Female,Danatown
7356,Nancy Clayton,hpeters@gmail.com,265-988-6753,2021-04-24,23,Male,New Scottshire
7357,Monica Schultz,browncathy@gmail.com,772-760-7754,2020-06-16,51,Female,New Rebekah
7358,Mary Miller,tcook@gmail.com,500-591-6639,2023-02-21,60,Female,Brownview
7360,Courtney Campbell,qlopez@gmail.com,571-820-0089,2022-07-08,26,Male,Christopherhaven
7361,Denise Davis,kyle36@gmail.com,466-258-1730,2020-02-16,20,Female,New Diane
7362,Michael Fitzpatrick,jmason@gmail.com,423-920-8290,2022-08-01,35,Other,North Melaniestad
7363,Brian Walker,timothy94@gmail.com,657-294-5182,2020-03-12,24,Male,Lake Masonmouth
7364,Kelsey Williams,victoria07@gmail.com,737-704-2504,2022-07-28,53,Other,Bushtown
7365,Vanessa Woodard,pjohnson@gmail.com,864-881-5392,2020-07-15,64,Male,Port Kelseyville
7366,Kyle Jensen,lwilson@gmail.com,378-633-5645,2020-08-13,29,Other,Port Staceychester
7367,Elizabeth Reilly,jnelson@gmail.com,709-883-4904,2023-04-11,53,Female,Solomonmouth
7368,James Taylor,lcabrera@gmail.com,518-370-3501,2022-08-26,65,Male,New Williamport
7369,Luis Herring,jgreene@gmail.com,818-494-6089,2024-03-29,39,Other,Lake Charlesside
7370,Rebecca Moore,neilsutton@gmail.com,571-326-9284,2023-08-23,42,Male,Douglasshire
7371,Jocelyn Hawkins,noahshields@gmail.com,993-750-1439,2021-06-29,22,Male,South Kevin
7372,Ana Gay,pward@gmail.com,837-735-2336,2020-12-10,64,Female,Lake Yvette
7373,Timothy Davidson,donald45@gmail.com,912-987-6683,2023-04-23,50,Male,West Colleenton
7374,Kathryn Harris,austinlloyd@gmail.com,923-846-7529,2021-02-06,64,Other,Kerrborough
7375,Monica Mcgrath,colemannatasha@gmail.com,536-881-6774,2022-08-20,64,Female,West Karen
7376,Tammy Cooper,michelle43@gmail.com,855-598-1245,2023-01-09,23,Male,Stephensview
7377,Dana Frank,ybarrett@gmail.com,837-691-1006,2022-04-11,31,Male,Zamoraland
7379,Matthew Rice,ronnie95@gmail.com,878-802-8464,2023-04-19,24,Other,Johnfurt
7380,Joseph Andrews,melissa46@gmail.com,743-406-4331,2023-09-26,54,Male,South Mikemouth
7381,James Smith,diana26@gmail.com,785-617-3543,2022-10-14,35,Female,Jacobview
7382,Todd Fritz,garciamark@gmail.com,439-937-9564,2022-09-06,62,Other,New Amanda
7383,Jessica Cooper,frankamanda@gmail.com,998-505-2924,2020-12-24,20,Female,Port Kimberlytown
7384,Carlos Curtis,colemandanielle@gmail.com,685-760-2764,2023-07-04,41,Other,Lake Joshuaburgh
7385,Jennifer Johnson,ylara@gmail.com,758-404-2270,2022-12-23,25,Female,South Karenchester
7386,Shannon Hamilton,sarahrobinson@gmail.com,826-274-7588,2022-02-25,25,Male,Krausefurt
7387,James Bell,jbailey@gmail.com,998-926-8593,2024-07-02,56,Other,North Rita
7388,Richard Dawson,churchroy@gmail.com,637-524-7874,2020-03-15,60,Male,North Molly
7389,Jesse Martinez,aliciacollins@gmail.com,893-243-6480,2020-01-22,58,Male,South Monica
7390,Diane Turner,wilkinsjacqueline@gmail.com,628-908-5344,2023-12-21,19,Other,Raymondberg
7391,Derek Fleming,jason64@gmail.com,981-777-7501,2020-05-25,40,Female,Brendaberg
7392,Jennifer Kelley,wfisher@gmail.com,876-645-1276,2022-01-08,32,Female,Jonesstad
7395,Sharon Drake,hernandezjennifer@gmail.com,463-960-7786,2020-03-14,20,Female,South Megan
7396,Suzanne Castillo,jennifer91@gmail.com,605-417-6990,2020-08-05,64,Female,Emilychester
7397,Angela Nelson,michaelfloyd@gmail.com,847-652-7354,2021-05-25,49,Female,East Laurenfurt
7398,Matthew Lamb,williamslisa@gmail.com,236-325-6555,2024-04-23,46,Female,Lake Ianville
7399,Julie Pham,todd63@gmail.com,899-556-6322,2020-12-17,57,Female,West Brandonfurt
7400,Alexis Colon,devinstrickland@gmail.com,595-741-9557,2024-05-09,28,Female,Caseburgh
7401,James Thomas,fbaker@gmail.com,437-509-4554,2023-02-22,54,Female,Kristenborough
7402,Eric Jones,jacob10@gmail.com,460-469-6586,2024-09-26,31,Female,Scottton
7404,James Hernandez,carlahopkins@gmail.com,230-360-4816,2022-09-02,61,Other,New Daniellechester
7405,Richard Wright,kari45@gmail.com,363-793-9608,2021-10-18,57,Male,South Markmouth
7406,Amanda Johnson,nicoleanderson@gmail.com,802-895-8106,2022-04-07,60,Male,Abigailshire
7407,Brett Harvey,nelsonjared@gmail.com,203-644-3059,2020-03-23,48,Female,Hannahburgh
7408,Steven Goodwin,tammysmith@gmail.com,821-731-2914,2023-04-25,31,Male,South Lukefort
7409,Jeremy Harris,taraanderson@gmail.com,812-383-8667,2023-12-15,22,Other,North Williamton
7410,Valerie Cunningham,yperkins@gmail.com,786-872-9500,2021-11-23,29,Male,East Andreaside
7411,Stephanie Hughes,eflores@gmail.com,966-334-5453,2023-07-12,46,Other,Crystalton
7412,Larry Evans,hooperhaley@gmail.com,884-424-8342,2021-06-21,38,Male,Tylerton
7413,Ashley Smith,perryloretta@gmail.com,703-487-3827,2020-06-14,41,Other,Jeffreyport
7414,Todd Taylor,martinashley@gmail.com,829-416-2575,2021-09-14,52,Other,Morganport
7415,Amanda Williams,tgaines@gmail.com,411-693-8766,2021-05-12,41,Female,New Ashleyport
7416,Robert Bowers,derek18@gmail.com,926-203-8617,2021-01-22,45,Other,Lake Heather
7417,Amanda Brown,brownvictor@gmail.com,822-474-7302,2024-03-01,58,Other,New Diana
7419,Mark Gutierrez,asimon@gmail.com,980-879-6735,2020-11-09,40,Female,North Jon
7420,Adam Sims,clevy@gmail.com,205-582-1764,2021-10-13,39,Female,North Theresa
7421,Valerie Baker,dorisdelgado@gmail.com,408-599-3849,2021-10-26,21,Male,Silvaberg
7422,Luke Garcia,darin33@gmail.com,353-813-9163,2021-02-10,54,Other,Cooperchester
7423,Brett Miller,billysutton@gmail.com,930-535-0089,2022-10-12,43,Male,Barbershire
7424,Susan Clarke,ihernandez@gmail.com,251-639-9574,2022-05-06,48,Female,Port Johnny
7425,Mary Shepherd,wigginsdanielle@gmail.com,436-480-8359,2020-02-09,19,Other,Joshuastad
7426,Jonathan Brown,david77@gmail.com,793-385-9433,2020-10-11,55,Other,Stricklandchester
7427,Sharon Davis,lisarichmond@gmail.com,660-233-5041,2022-03-07,42,Male,New Ashleyland
7428,Dean Hill,denise94@gmail.com,733-406-3726,2021-03-28,23,Other,East Nancy
7429,Aaron Shaw,walshangela@gmail.com,765-558-1232,2022-05-05,21,Female,East Johnland
7430,Barbara Stephens,rhonda06@gmail.com,228-337-6425,2024-05-12,58,Female,East Brian
7432,Sara Ward,gfranco@gmail.com,872-925-5382,2022-05-09,21,Male,Gregbury
7433,Laura Perry,erinchristensen@gmail.com,962-612-2702,2022-06-14,19,Male,East Brad
7434,Joshua Jones,kcoleman@gmail.com,612-892-6633,2021-05-10,48,Male,Olsenbury
7435,Larry Grant,courtney49@gmail.com,983-487-7148,2021-12-29,25,Other,East Melanie
7436,Sherry Ortiz,michael81@gmail.com,332-827-2124,2023-10-10,49,Other,Bryanland
7437,Mario Jones,nicole86@gmail.com,441-349-8916,2023-11-15,55,Male,Tammieville
7438,Ana Peterson,pbrown@gmail.com,259-479-7225,2021-11-16,54,Female,North Ericbury
7439,Kristina Burton,ronaldthomas@gmail.com,422-278-0493,2023-02-13,62,Female,Port Seth
7440,Jake Ortega,sarah35@gmail.com,862-395-4833,2024-09-22,32,Other,Elizabethtown
7441,Amanda Walters DDS,thomasking@gmail.com,239-974-4528,2024-09-21,22,Male,Foleyberg
7442,Holly Walker,james08@gmail.com,621-919-8803,2023-05-17,42,Other,Lisatown
7443,Courtney Brooks,amberjohnson@gmail.com,492-647-0460,2024-01-05,40,Male,Matthewhaven
7444,Holly Turner,tylerroberts@gmail.com,481-675-9985,2023-08-05,24,Male,Davismouth
7445,Russell Martinez,kathrynbrooks@gmail.com,583-901-2119,2020-09-19,56,Male,West Charles
7446,Charles Morales,ruthfoster@gmail.com,624-308-7564,2023-10-18,53,Other,Theresaland
7447,Shannon Baker,oriley@gmail.com,226-621-8009,2021-07-20,31,Other,South Davidland
7448,Jermaine Jones,johnnyhines@gmail.com,414-257-5374,2022-08-21,35,Other,West Benjamin
7449,Theresa Hernandez,alejandraowen@gmail.com,492-817-4863,2021-10-20,57,Female,North Jasonburgh
7450,Chad Spears,omyers@gmail.com,411-918-4990,2022-11-01,33,Other,Ramirezfurt
7451,Gina Scott,aalvarado@gmail.com,295-819-1578,2023-10-02,48,Male,North Kimberly
7452,Anna Flores,scott80@gmail.com,402-849-9676,2024-06-16,29,Female,South Beth
7453,Diane Carpenter,kathleen49@gmail.com,591-795-0729,2024-04-09,37,Female,North Sharon
7454,Samuel Taylor,ncook@gmail.com,371-457-9135,2020-08-08,41,Female,West Amy
7455,Shawn Ritter,blacklucas@gmail.com,383-303-9400,2021-08-21,23,Male,Tinachester
7456,Adam Dunn,dfreeman@gmail.com,864-287-0645,2023-07-03,48,Other,Hornestad
7457,Lauren Lee,jharrington@gmail.com,780-987-4596,2023-01-02,40,Male,Lake Michael
7458,Jerry Rogers,pbrown@gmail.com,632-446-9000,2020-09-10,28,Male,Dawnmouth
7459,Erin Hamilton,omoore@gmail.com,365-840-1175,2020-06-26,24,Male,Sarahhaven
7460,Virginia Johnson,amandaallen@gmail.com,946-479-4037,2022-07-08,52,Other,Jademouth
7461,Heather Santos,ghuffman@gmail.com,450-421-8836,2020-07-30,41,Female,West Cynthia
7462,Brittany Buck,garrett60@gmail.com,977-646-3038,2021-05-01,20,Male,Johnsonland
7464,Benjamin Jensen,jesse72@gmail.com,299-242-8412,2021-01-14,41,Other,Port Suzannemouth
7465,Meghan Martinez,ehall@gmail.com,780-807-3256,2024-04-01,27,Female,Tatechester
7466,Garrett Morales,lisabarnett@gmail.com,554-493-1853,2023-12-27,32,Male,Erinshire
7467,Scott Gentry,gainesbrooke@gmail.com,351-987-7094,2020-01-05,30,Female,Josephberg
7468,Emily Williams,timothy82@gmail.com,403-248-5794,2023-12-04,31,Female,Nathanburgh
7470,Julia Steele,fishersteven@gmail.com,838-841-7702,2023-08-25,57,Other,Joelberg
7471,Jamie Sandoval,donaldwalsh@gmail.com,246-348-9826,2023-12-23,57,Female,Lopezfort
7472,David Myers,bpeterson@gmail.com,516-974-8221,2022-03-27,18,Other,Hollyfort
7473,Brian Adams,meyerschristopher@gmail.com,837-332-9106,2020-03-31,28,Female,Munozchester
7474,Kelsey Lewis,michellewilliams@gmail.com,796-582-6360,2022-11-17,51,Female,Walshburgh
7475,Miss Julie Mccormick,williambowman@gmail.com,644-479-6266,2020-12-27,37,Male,New Nicoleburgh
7476,Veronica Dunn,stewartkyle@gmail.com,445-602-3122,2023-04-06,26,Other,Stevensside
7477,Jonathan Ramsey,jenkinsjennifer@gmail.com,369-741-5361,2023-04-21,22,Male,West Jillstad
7478,Christy Wong,jennifer68@gmail.com,804-610-0825,2020-07-18,26,Other,West Tracy
7479,Laura Jackson,zachary63@gmail.com,495-345-5317,2022-01-09,55,Other,Nicolestad
7480,William Lowe,tiffanyzhang@gmail.com,837-298-6209,2021-11-27,63,Female,New Sherrytown
7481,Mrs. Jessica Miller,christopherrobinson@gmail.com,879-977-4514,2021-05-17,50,Female,Tinamouth
7482,Wendy Landry,patrick80@gmail.com,800-278-3736,2022-01-17,65,Other,Fritzport
7483,James Silva,daviddavis@gmail.com,740-628-6921,2021-09-03,60,Female,Port Joseph
7484,Corey Jones,timothy16@gmail.com,962-441-5652,2024-01-05,20,Other,Kellyview
7485,Michelle Davis,davidfreeman@gmail.com,334-284-7246,2020-03-18,54,Male,Taylorchester
7486,Andrea Barrett,hgonzalez@gmail.com,840-321-4344,2022-10-13,25,Male,Port Adam
7487,Carol Gonzales,alison05@gmail.com,853-618-3708,2023-09-26,35,Female,Randyburgh
7488,Michael Foster,hannahali@gmail.com,568-596-1921,2024-04-02,38,Other,East Gail
7489,Carla Bryant,nancy20@gmail.com,683-353-3829,2023-07-07,23,Male,New John
7490,Kenneth Taylor,david29@gmail.com,678-487-5105,2020-02-28,40,Other,Hallton
7491,Rebecca Burton,walshcharles@gmail.com,684-232-2496,2023-10-09,65,Other,North Katelyn
7492,Oscar Johns,jessica75@gmail.com,662-678-8946,2020-04-14,29,Male,Matthewchester
7493,Alicia Burton,ugarcia@gmail.com,937-549-7357,2022-11-19,33,Other,Mitchellberg
7494,Angela Newman,mwright@gmail.com,402-817-5618,2024-07-18,21,Male,Lake Adriana
7496,Daniel Johnston,cynthia48@gmail.com,477-711-3470,2020-04-12,53,Female,Torresstad
7497,Jennifer Dawson,loritodd@gmail.com,788-582-8712,2021-07-20,43,Other,Deborahshire
7498,Richard Cooper,melanie05@gmail.com,632-646-4136,2021-09-06,20,Other,Dianestad
7499,Lisa Alvarez,andrewnguyen@gmail.com,279-943-0365,2020-02-04,44,Female,East Keithberg
7500,Mrs. Mary Brown,todd40@gmail.com,962-590-4589,2022-02-11,65,Other,West Andresport
7501,Mary Ruiz,margaret76@gmail.com,958-959-1259,2021-10-05,57,Other,South Jared
7502,Sonia Willis,heather52@gmail.com,304-572-0193,2023-09-15,53,Other,Port Paulville
7503,Joe Gomez,cassandrachapman@gmail.com,804-990-5086,2020-08-24,31,Other,Lake Randy
7504,Cathy Henderson,mfrye@gmail.com,992-699-9886,2020-03-03,59,Female,Carloston
7505,James Simpson,randall66@gmail.com,675-875-4842,2024-09-01,25,Male,South Danielfort
7506,Kevin Bowers,briana89@gmail.com,374-460-6782,2022-05-05,62,Male,Whiteland
7507,Derek Williams,egonzalez@gmail.com,385-375-6841,2022-10-21,29,Other,Lake Abigail
7508,Sherry King,jasonpatterson@gmail.com,435-421-3175,2024-02-01,33,Female,South Lance
7509,Ian Dickson,ronaldle@gmail.com,675-541-2016,2024-01-21,62,Male,North Lauren
7510,Richard Morgan,fbrown@gmail.com,676-362-8523,2024-03-05,47,Other,Rowlandshire
7511,Shawn Coleman,joshuaking@gmail.com,938-200-2683,2022-08-03,59,Female,Kyleshire
7512,Kristi Figueroa,kcarter@gmail.com,767-415-1226,2021-08-16,35,Male,New Sabrinahaven
7513,Regina Foster,martinmartin@gmail.com,252-419-5541,2021-09-07,32,Female,Erinmouth
7514,Amanda Willis,jacobsloan@gmail.com,562-616-3658,2022-08-07,39,Male,Edwardsside
7516,Renee Allen,kevinbrown@gmail.com,802-708-8751,2022-10-16,30,Female,Marvintown
7517,Whitney Price,iharris@gmail.com,714-217-9786,2020-08-31,18,Male,Emilychester
7518,Laurie Oliver,michaelwade@gmail.com,966-910-6121,2023-07-06,30,Female,Jacksonmouth
7519,Sean Chung,reyeslisa@gmail.com,677-744-9533,2024-09-17,23,Male,Lake Samanthachester
7520,Laura Pruitt,adrake@gmail.com,428-373-1390,2022-07-17,65,Other,Middletonmouth
7521,Calvin Lambert,gerald96@gmail.com,944-988-7448,2023-01-20,54,Female,Yufurt
7522,Dylan Wilson,pturner@gmail.com,591-966-9522,2020-08-31,60,Male,South Rebeccabury
7523,Christopher Ray,travis46@gmail.com,680-857-5943,2023-02-03,24,Other,Lake William
7524,John Warner,christopher42@gmail.com,505-455-9793,2020-11-16,32,Other,Port Kelly
7525,William Hogan,juliefranco@gmail.com,611-825-3094,2023-11-05,58,Other,New Alyssaport
7526,Christopher Sanchez,gregorymartinez@gmail.com,465-859-1786,2023-05-11,26,Male,Lake Angela
7527,Barbara Mata,ashleygrant@gmail.com,421-685-2801,2023-05-29,45,Male,Port Elizabethmouth
7528,Michael Thompson,sandersmelanie@gmail.com,571-671-7024,2021-06-02,51,Other,Benderbury
7529,Rachel Taylor,xruiz@gmail.com,657-326-0997,2024-05-03,54,Male,North Emily
7530,Robert Hill,scott19@gmail.com,604-731-7326,2021-07-20,49,Other,Christianmouth
7531,Christine Foster,aliciawatkins@gmail.com,238-736-5861,2020-08-08,38,Male,Markshire
7532,Kevin Roberts,michael90@gmail.com,474-641-5463,2024-04-02,30,Other,New Joyce
7533,Terri Park,sandrawinters@gmail.com,540-351-0837,2020-07-17,55,Male,Lake Jenniferville
7534,Alex Bailey,pamela89@gmail.com,332-459-2588,2020-08-12,35,Female,Roberthaven
7535,Frank Lopez,lambertdavid@gmail.com,937-663-9034,2024-01-30,55,Female,East Baileyborough
7536,Jessica Blackburn,wthompson@gmail.com,643-858-9907,2024-06-26,40,Male,North Kathrynshire
7537,Johnny Washington,isaac89@gmail.com,239-821-8913,2023-09-17,34,Female,Port Stacy
7538,Sean Wilson,christopher20@gmail.com,998-255-1719,2021-05-11,18,Female,Port Jamesview
7539,Shirley Valdez,edwardscarrie@gmail.com,507-441-1935,2024-07-19,52,Male,Port Jessica
7540,Danielle Lucas,cruzjamie@gmail.com,282-853-2810,2021-08-14,37,Female,Walkerfort
7542,Kimberly Owens,chandlerjean@gmail.com,654-843-2641,2020-10-17,64,Female,Brownstad
7543,Amanda Mann,tfernandez@gmail.com,489-988-8928,2021-05-23,59,Female,Lake Amber
7544,Monica Phillips,douglascollins@gmail.com,809-731-5600,2024-02-09,51,Other,Jeanneland
7545,Stephanie Houston,gentryariel@gmail.com,768-443-2066,2020-01-04,40,Female,South Davidhaven
7546,Ronald Fisher,derrick48@gmail.com,951-573-7436,2021-06-29,22,Female,West Jasonton
7547,Samuel Cuevas,maria67@gmail.com,292-752-9709,2021-03-12,52,Other,Port Kyle
7548,Theresa Davis,pottsmichael@gmail.com,214-613-4907,2023-04-21,18,Female,Smithside
7549,Michael West,whiteangela@gmail.com,592-939-1023,2020-06-10,28,Female,Lake Dillonmouth
7550,Michael Spence,samantharamirez@gmail.com,681-961-8303,2023-02-19,23,Female,Kimberlystad
7551,Danielle Turner,vsummers@gmail.com,478-953-9483,2022-05-01,59,Female,Tuckerhaven
7552,Frank Evans,christopher08@gmail.com,699-665-2466,2021-04-27,30,Female,East Jason
7553,Nicholas Harris,tammy73@gmail.com,373-221-2749,2024-03-24,56,Female,Bobbytown
7554,Jeremiah Wade,hinesapril@gmail.com,966-984-7291,2024-02-21,30,Female,Perryhaven
7555,Nicholas Dixon,kmiller@gmail.com,331-315-6054,2020-03-09,24,Female,Marissafort
7556,Bryan Myers,vaughncathy@gmail.com,447-966-1347,2020-05-27,27,Other,West Michele
7557,Danielle Wallace,vflores@gmail.com,762-704-1985,2023-04-17,53,Other,Lake Steventown
7558,Crystal Richards,qayers@gmail.com,432-783-2459,2021-09-26,25,Other,Marymouth
7559,Steven Hernandez,dawncabrera@gmail.com,344-213-1701,2021-12-01,37,Male,Rossville
7560,Christopher Mcdonald,andrehicks@gmail.com,244-769-9573,2020-10-10,28,Male,Berrymouth
7561,Adam Rodriguez,halemichelle@gmail.com,829-897-0181,2023-10-15,21,Female,West Markfort
7562,Sandra Chen,gomezjacob@gmail.com,476-463-7866,2023-02-06,53,Other,Ianshire
7563,Lorraine Bray,jensenbradley@gmail.com,582-749-1074,2023-11-18,37,Male,Jacquelineberg
7564,Tanya Shea,erinbailey@gmail.com,842-920-8461,2024-04-24,21,Other,Port Deannatown
7565,Matthew Johnson,wileyanne@gmail.com,802-233-9629,2024-09-11,50,Other,Lake Amberville
7566,Tina Wheeler,andrew31@gmail.com,562-845-8982,2022-05-31,38,Male,Kristinechester
7567,Tracy Maddox,sdominguez@gmail.com,982-201-8047,2022-05-30,31,Female,Russellbury
7568,Sue Watson,bartongregory@gmail.com,952-638-2077,2022-11-10,31,Other,Longmouth
7569,Maria Jimenez,wanda30@gmail.com,972-335-6107,2023-12-25,63,Female,Lake Victor
7570,Heidi Lutz,sperez@gmail.com,720-401-0066,2021-11-06,22,Other,North Shannon
7571,Lori Miller,browneric@gmail.com,226-286-0180,2021-04-15,62,Female,South April
7572,Breanna Larson,haynesdaniel@gmail.com,985-227-8461,2021-03-27,57,Other,Lake Gabriel
7573,Johnny Allen,ronaldcruz@gmail.com,916-302-2899,2022-09-04,62,Female,Robertfurt
7574,Jeremy Reynolds,patelkari@gmail.com,992-232-6653,2021-02-17,50,Other,Wrightfort
7575,David Lambert,danielnguyen@gmail.com,497-782-2122,2022-10-24,34,Female,Ellisview
7576,Stephanie Lindsey,wisedaniel@gmail.com,574-868-3673,2021-11-09,49,Female,Port Mollymouth
7577,Bryan Brown,rweber@gmail.com,950-848-0480,2023-04-07,36,Male,Kaylabury
7578,Kathryn Palmer,lucaslaura@gmail.com,715-303-9726,2024-08-28,23,Other,Port Crystal
7579,Jose Lambert,tina48@gmail.com,232-862-3153,2020-08-27,37,Other,East Danny
7580,Teresa Martin,amyball@gmail.com,370-743-3894,2020-06-29,35,Other,Ericstad
7581,Brittany Harris,jonesashley@gmail.com,309-602-4548,2024-08-24,40,Male,Thomasburgh
7583,Carrie Cox,epittman@gmail.com,867-241-4901,2020-01-08,57,Male,Mossberg
7584,Zachary Ramirez,christopherpowell@gmail.com,855-389-3929,2021-11-25,28,Male,New Michelle
7585,Mercedes Hernandez,michaelwalker@gmail.com,829-306-7099,2022-09-27,45,Male,Smithport
7586,Gina Allen,francisangelica@gmail.com,900-728-4004,2022-12-09,21,Other,Penningtonfurt
7587,Jon Lowe,tsmith@gmail.com,223-973-7411,2021-01-30,22,Female,East Heather
7588,Steven Clark,ylloyd@gmail.com,433-484-5837,2024-03-19,64,Male,Jensentown
7589,Matthew Williams,patrick86@gmail.com,472-733-1600,2021-07-27,24,Female,South Joseph
7590,Ethan Ramos,castillostephanie@gmail.com,569-471-7916,2021-02-24,24,Male,West Karen
7591,Raymond Johnston,andrewwagner@gmail.com,270-403-0640,2023-08-17,30,Female,West Brooke
7592,Jacob Morris,rodney23@gmail.com,778-925-9857,2020-08-31,39,Male,South Michaelburgh
7593,Jacob Kidd,rhonda48@gmail.com,714-918-6636,2023-08-01,34,Female,Rosalesport
7594,Jacob Wheeler,wholmes@gmail.com,828-568-8871,2024-09-28,50,Other,New Joshua
7595,Michael Howell,leecarney@gmail.com,737-637-4781,2023-03-01,49,Other,Port Crystal
7596,Bradley Rodriguez,abarnes@gmail.com,292-804-4446,2021-03-19,19,Female,West Joshuatown
7597,Tracy Torres,nsmith@gmail.com,554-903-5596,2023-10-25,34,Other,New Alicia
7598,Robin Brown,garnergregory@gmail.com,939-482-7251,2021-05-07,37,Female,Rodriguezstad
7599,Cheryl Jackson,jeffreychavez@gmail.com,334-581-7170,2022-01-23,44,Male,Lake John
7600,Sharon Smith,akaiser@gmail.com,322-925-8302,2023-04-03,43,Female,Campbellview
7601,Ryan Quinn,johnsonjulie@gmail.com,217-552-7655,2023-11-13,55,Other,Thomasborough
7602,James Lane,davidvance@gmail.com,776-813-0301,2022-02-21,54,Male,New Mary
7603,Fernando Wolfe,duartemichael@gmail.com,791-798-0115,2020-08-01,36,Male,Rodriguezview
7604,William Fuentes,morrisonbenjamin@gmail.com,984-664-4567,2020-09-02,44,Other,Buchananview
7605,David Rios,darrellochoa@gmail.com,407-345-7814,2022-03-28,56,Other,Port Michaelmouth
7606,Melissa Sandoval,anthonyalvarez@gmail.com,678-513-3915,2021-02-09,42,Other,South Scottmouth
7607,Diana Rodgers,woodardlinda@gmail.com,900-470-3555,2021-09-07,44,Other,Leahtown
7608,Justin Brown,freed@gmail.com,715-861-5090,2021-05-10,57,Male,Rachelside
7609,Tracey Harris,thomas18@gmail.com,338-304-6721,2021-05-10,18,Other,Port Andrewville
7610,Christine Martin,williamsapril@gmail.com,906-955-2969,2021-09-05,55,Male,North Derekton
7612,Katie Hammond,bmatthews@gmail.com,992-326-8868,2022-12-27,64,Male,Christyland
7613,Patricia Parsons,robert86@gmail.com,786-896-5919,2021-12-17,30,Female,Lake Stevenberg
7614,Ricardo Wilson,albert62@gmail.com,651-256-4754,2024-01-09,46,Female,Jennifertown
7615,Bobby Li,mking@gmail.com,995-658-6237,2020-07-08,49,Other,Christopherburgh
7616,Ryan Ruiz,travishall@gmail.com,509-436-2441,2022-03-30,49,Other,Hamiltonchester
7617,David Washington,michaelmitchell@gmail.com,619-236-0539,2022-11-12,52,Male,South Jennifer
7618,Robert Thompson,amanda56@gmail.com,223-483-8727,2022-04-09,52,Other,Lopezchester
7619,Mark Poole,julie14@gmail.com,216-252-1947,2021-07-17,38,Male,Gonzalezchester
7620,Lisa Scott,ashleygarcia@gmail.com,823-952-7375,2024-03-06,21,Other,East Wendy
7621,Russell Mcdonald,katiereyes@gmail.com,348-722-0799,2023-11-18,47,Other,New Phillipside
7622,Veronica Long,thomascohen@gmail.com,371-580-8873,2022-05-19,39,Other,South Joshua
7623,John Dawson,vanessa84@gmail.com,238-914-1357,2024-06-18,51,Other,Wilsonfurt
7624,Timothy Dickson,roygary@gmail.com,471-954-5950,2023-08-27,22,Female,South Melissa
7625,Daniel Williams,kevin34@gmail.com,745-750-0931,2020-10-15,39,Female,Lake Laura
7626,David Olson,richardsonstephanie@gmail.com,992-971-1719,2020-05-21,42,Male,Michaelchester
7627,Michael Navarro,icochran@gmail.com,941-481-8162,2021-06-09,56,Male,Sabrinamouth
7628,Larry Brown,christopherbaker@gmail.com,221-222-6170,2024-06-11,64,Other,South Jesse
7629,Luis Jones,buckleychristopher@gmail.com,852-409-8116,2024-04-06,36,Other,North Sherry
7630,Pamela Munoz DVM,natalie76@gmail.com,577-977-3890,2021-12-20,23,Male,Kristinatown
7631,Cheryl Santos,vperez@gmail.com,205-846-1129,2023-11-16,44,Male,Pamelabury
7632,Randy Bush,ssalinas@gmail.com,807-699-1241,2023-07-13,35,Other,Hammondland
7633,Alexander Smith,howardgail@gmail.com,295-997-8103,2023-04-21,47,Female,Lake Sarahland
7634,Trevor Robinson,stewartbrandon@gmail.com,675-958-8790,2021-04-24,63,Female,North Craig
7635,Christopher Lang,brianlewis@gmail.com,951-950-7320,2024-01-03,54,Other,South Jenniferview
7636,Courtney Browning,collinsandrew@gmail.com,297-802-5277,2020-09-09,26,Male,North Williamhaven
7637,Joann Jones,charlessutton@gmail.com,444-977-6480,2020-10-25,47,Male,Rowlandborough
7638,Kimberly Bennett,icain@gmail.com,642-983-5487,2023-05-02,21,Female,Victoriabury
7639,Jennifer Williams,lrush@gmail.com,925-510-4176,2021-05-05,48,Female,Cooperton
7640,Kimberly Lozano,usexton@gmail.com,981-526-2701,2024-09-09,53,Female,North Pamelamouth
7641,Christian Hall,georgebaker@gmail.com,933-235-5446,2020-01-23,24,Other,North Mason
7642,Jeremy Zimmerman,robertwalsh@gmail.com,662-682-3114,2023-02-26,18,Other,West Katherine
7643,Brian Norris,courtneydoyle@gmail.com,783-643-8919,2023-02-20,61,Male,North Steven
7644,Alexis Perkins,thomaschristine@gmail.com,409-340-7068,2023-04-20,24,Female,South Shannon
7645,Shelly Guzman,murphydylan@gmail.com,552-673-6708,2024-04-19,40,Female,Juliestad
7647,Anthony Lee,tina04@gmail.com,606-919-4328,2023-10-03,47,Male,East Martin
7648,Kyle Adams,trandonald@gmail.com,722-523-5723,2024-09-30,20,Female,Roberttown
7649,Andrew Turner,jonestodd@gmail.com,928-561-4284,2024-02-25,23,Male,East Stephen
7650,Joseph Martinez,sanfordronald@gmail.com,410-874-0122,2021-06-11,43,Female,Smithview
7651,Michael Hayes,anthony32@gmail.com,400-717-0596,2024-09-27,20,Other,Reedshire
7652,Ryan Robinson,qjohnson@gmail.com,560-431-1423,2022-09-05,19,Other,West Lance
7653,Tonya Anderson,anna17@gmail.com,687-993-7295,2023-05-18,43,Female,West Adamfort
7654,Kathy Harvey,melissamorris@gmail.com,687-843-5611,2023-10-29,44,Other,Garciafurt
7655,Dylan Robles,smithjonathan@gmail.com,249-970-3386,2024-03-13,29,Other,East Angela
7656,Dorothy Wade,travis36@gmail.com,673-300-9904,2023-05-20,28,Female,Jenkinsville
7657,Barbara Morris,michael14@gmail.com,783-933-1896,2022-03-22,31,Other,North April
7658,Michael Clay,cooperkimberly@gmail.com,615-525-9865,2020-09-07,56,Male,Deleonland
7659,Stephanie Simon,ualvarado@gmail.com,889-253-9580,2023-10-28,37,Female,New Jeremy
7660,Zachary Mann,christopher99@gmail.com,673-387-0396,2020-11-13,41,Female,Jasonton
7661,Sarah Hoffman,mcgeebrenda@gmail.com,821-768-2802,2020-01-21,65,Male,New Davidmouth
7662,Patricia Trujillo,benjamin17@gmail.com,244-447-6971,2023-07-12,47,Female,New Kristin
7663,Amanda Garcia,davisjennifer@gmail.com,442-829-6318,2020-02-20,40,Female,Juliestad
7664,Sandra Jones,danielle71@gmail.com,361-651-9105,2024-01-08,36,Other,Port Tyronemouth
7665,Jonathan Gonzales,xjohnson@gmail.com,288-234-5532,2020-12-11,61,Female,Jessicatown
7666,Dawn Hill,jodigoodman@gmail.com,847-846-1699,2021-08-23,50,Other,North Laurie
7667,Heather Williams,sandy01@gmail.com,223-516-0109,2022-12-16,34,Other,Lake Patricia
7668,Alexis Dalton,nmckay@gmail.com,963-230-5109,2022-01-28,36,Male,Lorichester
7669,James Paul,floresandrew@gmail.com,213-496-3327,2023-05-08,49,Female,New Henryfort
7670,Thomas Mccarthy,michael26@gmail.com,674-952-6342,2023-10-04,52,Female,Norrisport
7671,Katie Sawyer,jcarrillo@gmail.com,821-517-7417,2023-07-06,21,Other,Edwardsshire
7672,Rebecca Green,rgates@gmail.com,214-522-4977,2023-12-22,65,Female,North Douglasside
7673,Michele Day,olsonvalerie@gmail.com,207-526-9539,2024-03-02,45,Male,East Gabriel
7674,James Mcdonald,katelyn56@gmail.com,315-723-0992,2023-10-16,35,Male,Johnsonshire
7675,Laura Gay,yvonne48@gmail.com,307-405-4030,2022-10-02,61,Female,North Austinmouth
7677,Stephanie Spencer,hardyroy@gmail.com,453-773-7437,2020-12-05,50,Male,Ryanhaven
7678,Amanda Holloway,sjames@gmail.com,803-505-6967,2021-07-27,58,Female,South Joshua
7679,Jake Cox,casey78@gmail.com,238-941-2133,2024-03-26,49,Other,Kimberlyside
7680,Kimberly Wells,larryhenry@gmail.com,388-475-6840,2024-06-25,19,Other,Ryanview
7681,Raymond Mayo,millerchristopher@gmail.com,995-842-7811,2023-01-16,31,Other,Emilyville
7682,George Duran,scottjennifer@gmail.com,409-712-0521,2021-04-11,60,Other,East Crystal
7683,Jennifer Zuniga,ricardoortiz@gmail.com,469-602-5747,2024-05-14,29,Female,Brownland
7684,Lauren Lawson,lewismatthew@gmail.com,355-557-2621,2022-11-05,51,Female,West Diana
7685,Mary Larson,eric54@gmail.com,855-784-4318,2021-05-20,50,Female,South Linda
7686,Elizabeth Williams,smithdonna@gmail.com,610-423-1399,2021-04-24,24,Male,South Brandybury
7687,Melissa Gregory,alee@gmail.com,466-254-6050,2021-06-12,28,Female,East Tiffany
7688,Tracy Lucas,coxalec@gmail.com,552-623-3550,2023-08-21,58,Female,Masseyview
7689,Thomas Wallace,moorenathan@gmail.com,258-223-8880,2021-02-25,23,Male,East Lisaburgh
7690,Brooke White,kimberly28@gmail.com,539-629-3341,2020-09-14,22,Male,North Samantha
7691,Victor Robinson,obell@gmail.com,929-946-0810,2020-01-30,55,Female,Port Thomas
7692,Cynthia Webb,tturner@gmail.com,492-420-0460,2023-03-30,54,Female,South Kennethshire
7693,Michele Solis,umorgan@gmail.com,324-913-8445,2023-05-20,20,Other,West Kristenbury
7694,Victor Graham,emilylong@gmail.com,687-498-0508,2021-01-06,23,Other,West Marktown
7695,Tina Thomas,yatessarah@gmail.com,620-583-2819,2021-09-24,24,Other,New Michele
7696,Stephanie Johnson,carlamyers@gmail.com,776-456-4297,2020-11-19,35,Female,Port Miranda
7697,Margaret Carter,grosstim@gmail.com,799-577-4481,2024-01-26,54,Female,Port Kimberlymouth
7698,Joseph Francis,jennifer16@gmail.com,705-817-3892,2022-04-24,19,Male,South Amanda
7699,Kimberly Miller,joshuagarrett@gmail.com,662-662-0747,2020-02-16,39,Female,South Susan
7700,Tyler Lewis,colleen78@gmail.com,950-739-0568,2020-10-24,50,Female,Batesshire
7701,Kim Kelley,dsoto@gmail.com,900-529-3310,2020-08-15,27,Female,South Hannahberg
7702,Frances Meyer,dalehebert@gmail.com,657-611-7782,2021-07-19,59,Other,Morseberg
7703,Kelly Goodwin,cjenkins@gmail.com,403-681-6869,2024-08-18,53,Female,East Rogerport
7704,Nicholas Dillon,danny12@gmail.com,233-686-0673,2020-07-14,47,Male,New Phillip
7705,Victor Tate,dthomas@gmail.com,953-424-3945,2024-08-18,57,Other,Whiteview
7706,Robert Powers,stephanie70@gmail.com,201-218-9493,2021-10-29,33,Male,Ryanmouth
7707,Benjamin Shannon,amyhernandez@gmail.com,309-771-4464,2023-12-15,40,Female,Lewisfurt
7708,Tammy Wright,curtisdavid@gmail.com,897-760-2806,2023-06-16,51,Other,North Benjaminland
7709,Kaitlyn Schaefer,jamesjoseph@gmail.com,528-498-5528,2024-01-19,27,Female,New Robertofort
7710,Michael Mason,butlerrickey@gmail.com,653-269-0300,2023-08-28,39,Other,New Molly
7711,David Stark,iporter@gmail.com,365-977-5654,2023-10-13,58,Other,Grahamchester
7712,Michael Taylor,amitchell@gmail.com,970-750-0386,2024-01-18,48,Other,North Kayla
7713,Ashley Murray,iphillips@gmail.com,940-896-0235,2022-12-25,64,Male,Marybury
7714,Andrew Conner,davismichael@gmail.com,546-898-3262,2024-05-06,31,Female,South Pamelaport
7715,Kayla Little,mark34@gmail.com,751-473-6837,2020-03-15,59,Other,Mariafurt
7716,Danielle Holt,blakeberg@gmail.com,611-938-2652,2020-09-28,57,Other,Robinmouth
7717,David Jones,nguyennicole@gmail.com,634-702-4011,2021-12-23,18,Female,Lake Melissa
7718,Janice Dawson,obrienzachary@gmail.com,984-920-8757,2021-07-30,60,Female,South Laurabury
7719,Wendy Hanson,johnsonmichelle@gmail.com,346-266-5465,2023-05-06,28,Female,West Anthonyfort
7721,Zachary Marshall,jrice@gmail.com,648-758-9888,2020-11-22,30,Male,South Matthew
7722,Julie Howard,taylorkrause@gmail.com,633-578-8812,2021-06-26,57,Male,New Peterport
7724,Amanda Mcmillan,davisstacy@gmail.com,230-634-5812,2020-01-13,28,Female,Lake Jacobland
7725,Robert Chang,lewiserin@gmail.com,354-931-0804,2021-11-10,25,Male,Coxtown
7726,Walter Stone,michaelhayes@gmail.com,465-866-5014,2022-11-11,18,Female,Anthonyburgh
7727,Cheryl Underwood,leestephanie@gmail.com,505-203-8939,2020-12-29,28,Other,Williamstad
7728,Jill Allen,ameyer@gmail.com,452-837-2265,2022-02-20,51,Female,East Crystal
7729,Daniel Dodson,brad51@gmail.com,968-777-7159,2020-04-15,40,Female,Johnsonhaven
7730,Jacqueline Thomas,twiggins@gmail.com,880-953-5558,2020-09-08,24,Female,Morrowchester
7731,Diane Bryant,jasonwhite@gmail.com,498-787-6155,2020-11-25,44,Female,Melissashire
7732,Shawn Clark,wfrost@gmail.com,847-509-1533,2022-09-01,33,Male,Schmidthaven
7733,Shane Martin,samuelhicks@gmail.com,591-939-9739,2021-12-09,20,Female,North Scottville
7734,Kyle Stephenson,heathermccall@gmail.com,522-613-1919,2021-09-30,61,Female,Lake Eric
7735,Karen Larsen,mbarnes@gmail.com,907-898-0264,2020-07-23,59,Other,Dwayneside
7736,David Hooper,obailey@gmail.com,918-563-0880,2023-06-23,36,Male,Lake Maria
7737,Andrea Good,brian20@gmail.com,923-732-5692,2022-01-21,58,Other,Yolandachester
7738,Eric Mcmahon,andrea31@gmail.com,517-354-2009,2023-10-21,47,Other,South Jessestad
7739,Craig Singleton,patricksarah@gmail.com,501-264-5908,2024-06-05,34,Female,South Jared
7740,Jacob Garcia,igill@gmail.com,765-570-6466,2020-07-04,23,Other,West Mary
7741,Robert Martinez,ewaller@gmail.com,658-640-0176,2020-07-17,47,Male,New Kenneth
7742,Tiffany Galvan,rushralph@gmail.com,584-988-5936,2024-07-26,25,Female,Johnsonview
7743,Jasmine Smith,lwarren@gmail.com,524-394-4568,2023-02-25,65,Other,Ashleyport
7744,Mckenzie Anderson,vbryant@gmail.com,946-943-2528,2021-07-05,47,Male,East Maryview
7745,Michael Berry,stephanie17@gmail.com,561-934-5886,2023-09-30,58,Male,New Ashley
7746,Brianna Smith,lauren14@gmail.com,876-758-0189,2024-03-24,54,Other,East Tyroneborough
7747,Robert Campbell,perezalexis@gmail.com,725-440-9026,2023-08-20,64,Female,Jordanburgh
7748,Glenn Alvarez,williamsjohn@gmail.com,312-969-1372,2022-06-17,52,Other,East Dustinberg
7749,Melissa Bell,moorenicholas@gmail.com,954-555-7308,2020-07-10,58,Other,Mcfarlandhaven
7750,Charlene Wagner,pparker@gmail.com,779-998-8410,2023-06-25,35,Male,West Grace
7751,Adam Mccall,charleskeller@gmail.com,958-830-8662,2022-06-02,59,Other,New Andrew
7752,Angela Parker,uperez@gmail.com,431-420-5910,2020-04-07,41,Other,Younghaven
7753,Danielle White,gallaghermichael@gmail.com,822-260-0242,2022-10-08,61,Male,Matthewmouth
7754,Todd Warren,sparkscody@gmail.com,359-611-7193,2021-09-05,29,Male,Port Nancy
7755,Claudia Reyes,riggsbrent@gmail.com,693-871-0173,2020-07-24,25,Other,Blairfurt
7756,Adam Wolfe,oforbes@gmail.com,549-509-5489,2024-02-12,59,Other,Lake Alexmouth
7757,Taylor Newman,edwardsmith@gmail.com,749-351-6153,2022-12-04,37,Other,Port Louis
7758,Trevor Matthews,snyderjared@gmail.com,690-579-0236,2023-05-07,65,Male,Michellefort
7759,Michael James,chandlerdylan@gmail.com,652-704-2443,2023-08-29,33,Female,East Jenniferbury
7760,Ruben Shaw,amandagreen@gmail.com,276-239-2885,2021-01-10,54,Male,Simonport
7761,Casey Landry,nancy89@gmail.com,892-818-2973,2020-06-22,54,Male,East Sara
7762,Elizabeth Johnson,reneebarnes@gmail.com,769-785-2942,2023-05-08,55,Other,Juanside
7763,Megan Sanchez,agutierrez@gmail.com,551-293-8870,2022-06-29,21,Female,North Steven
7764,Charles Kelley,brian17@gmail.com,847-497-2980,2021-10-21,42,Male,Clarkburgh
7765,Paul Pace,justinhall@gmail.com,444-602-4840,2022-06-18,62,Male,Moralesborough
7766,Willie Collier,omccullough@gmail.com,638-685-4638,2022-08-21,58,Male,Timothystad
7767,Luke Alvarado,maria48@gmail.com,957-796-8961,2024-01-31,31,Other,Bakerburgh
7769,Christopher Preston,savagedonna@gmail.com,559-387-4121,2023-09-11,48,Female,East Allison
7770,Frank Wolf,summernguyen@gmail.com,329-975-6518,2020-08-18,37,Other,Wilsonmouth
7771,Allison Hawkins,gpace@gmail.com,604-257-0470,2021-09-16,33,Female,Toddfurt
7772,Thomas Dickerson,rhurley@gmail.com,344-424-2011,2021-04-16,18,Other,Andreahaven
7773,Tanya Rodriguez,omorris@gmail.com,606-667-1024,2020-03-17,22,Other,Reyesstad
7774,Mary Moore,marissawhitaker@gmail.com,295-490-0191,2024-05-19,38,Male,Sharonmouth
7775,Jennifer Harmon,ambermartinez@gmail.com,980-842-2211,2024-01-28,20,Female,Watsonside
7776,Edward Wyatt,eric63@gmail.com,751-865-0686,2020-03-09,62,Male,Collinston
7777,Michael Estrada,ashleylam@gmail.com,812-591-6811,2022-07-07,61,Female,Beckerview
7778,Kylie Frederick,klopez@gmail.com,909-257-0991,2021-02-24,25,Female,West Craig
7779,Thomas Whitaker,rachel79@gmail.com,698-731-1562,2021-01-04,32,Male,Port Michelleport
7780,Carrie Williams,harrissean@gmail.com,694-561-6431,2022-06-08,53,Female,South Christine
7781,Brenda Walters,cjones@gmail.com,288-424-8593,2021-08-22,19,Male,Websterland
7782,Emily Singleton,guzmanjohn@gmail.com,786-967-1315,2024-09-21,19,Other,Gentrytown
7783,Julie Williams,meyerphillip@gmail.com,318-782-4411,2021-05-20,44,Other,Crystalton
7784,Mark Pittman,sylvia16@gmail.com,527-829-3655,2022-05-18,20,Female,Lake Faith
7785,Jessica Santos,jessica90@gmail.com,764-647-8131,2022-08-13,20,Other,South Tina
7786,David Wyatt,jakejackson@gmail.com,453-578-2143,2020-10-04,24,Male,Lake Kennethport
7787,John Schwartz,keithwalker@gmail.com,807-790-0189,2020-08-25,54,Female,South Erik
7788,Patricia Ward,kristen66@gmail.com,941-502-8050,2024-08-04,41,Female,Rachelview
7789,Patrick Pierce,stephen13@gmail.com,604-631-1453,2021-02-02,30,Other,Melissabury
7790,Suzanne Lee,wbecker@gmail.com,934-364-6623,2020-02-17,46,Other,Danielsfurt
7791,Jessica Santos,riddleashley@gmail.com,433-956-3902,2023-11-25,29,Other,Millerton
7792,Nicole Powers,abutler@gmail.com,511-503-1847,2021-07-26,26,Male,Natalieton
7793,Curtis Lewis,austinjorge@gmail.com,924-200-1262,2024-03-07,46,Female,South Charlesburgh
7794,John Hayes,mcmahontyler@gmail.com,422-447-8486,2022-09-24,52,Female,Manningfort
7795,Anthony Jones,vgibson@gmail.com,912-897-6506,2022-12-23,61,Male,Griffinchester
7796,Tara Rodriguez,davidmiller@gmail.com,253-276-0557,2021-09-18,43,Male,Zacharyborough
7797,Charles Johnson,garzajacob@gmail.com,280-300-5914,2020-01-10,54,Male,Daviesfurt
7798,Katherine Davis DDS,stephanie94@gmail.com,648-469-7462,2024-06-07,65,Other,Greenmouth
7799,Corey Smith,jonathan07@gmail.com,211-239-2327,2023-12-10,36,Female,Susanmouth
7800,Stacey Wilcox,welchbetty@gmail.com,378-202-4787,2023-06-09,61,Male,Amandafurt
7801,Rachel Bridges,penajohn@gmail.com,717-428-9393,2021-05-15,29,Male,Prestonstad
7802,April Jones,susanmclaughlin@gmail.com,873-558-1639,2023-04-17,55,Male,Katherinemouth
7803,Joseph Walker,meghan11@gmail.com,333-410-5248,2022-01-08,27,Female,Port Kara
7804,John Watson DVM,kimberlybender@gmail.com,812-277-8988,2023-02-09,65,Other,East Tylerburgh
7805,Ethan Harmon,elizabethgarcia@gmail.com,715-587-4888,2022-12-06,49,Female,North Susan
7806,Geoffrey Soto,mturner@gmail.com,433-879-8577,2021-02-26,40,Other,Lake Michael
7807,Derrick Ford,oramos@gmail.com,829-582-6424,2020-02-05,50,Other,South Kristi
7808,Chad Rodriguez,lowerysally@gmail.com,544-317-9318,2021-12-16,43,Other,Zacharyborough
7809,Ellen Nelson,jamiewhite@gmail.com,265-526-8977,2023-01-17,25,Male,Lake Mariaton
7810,Alan Greer,jamessantiago@gmail.com,606-513-8772,2020-10-06,63,Other,Richardborough
7811,Todd Brewer,courtneysnyder@gmail.com,332-915-9460,2020-08-27,63,Male,South Robert
7812,Ryan Smith,clarkelizabeth@gmail.com,230-655-2848,2024-01-28,59,Female,Millerview
7814,Christopher Beltran,zbrown@gmail.com,236-377-7052,2020-09-28,38,Female,South Savannah
7815,Sharon Butler,ryantrevino@gmail.com,924-780-0763,2024-04-10,18,Male,Conwayshire
7816,Stephen Rodriguez,stephentorres@gmail.com,786-301-2564,2020-01-07,29,Male,South Lisamouth
7817,Charlene Cunningham,taylorjessica@gmail.com,208-649-9068,2020-03-05,23,Female,Port Holly
7818,Kevin Castillo,juliefarrell@gmail.com,256-948-4398,2021-02-25,36,Female,Andrewside
7819,Dana Weber,ryansusan@gmail.com,676-256-8309,2020-06-30,30,Female,New Brianshire
7820,Hannah Foster,ericpowers@gmail.com,480-697-4784,2021-09-23,33,Other,Coryville
7821,Randy Jimenez,gary91@gmail.com,499-586-0402,2024-06-23,64,Male,Lake Daniel
7823,Christopher Cruz,awalker@gmail.com,781-487-8219,2020-02-01,53,Male,Josephtown
7824,David Warren,jeffreysmith@gmail.com,619-299-7597,2020-03-18,43,Female,Deborahview
7825,Carrie Tyler,fsingh@gmail.com,221-336-4784,2020-11-24,38,Male,Port Markstad
7826,James Mcintosh,tiffanyhopkins@gmail.com,596-330-0568,2020-04-03,63,Male,New Charlesberg
7827,Jeff Dunlap,hooverscott@gmail.com,666-987-9816,2022-02-03,64,Female,East John
7828,Mr. Joseph Donaldson MD,michelle60@gmail.com,983-542-1349,2021-10-01,19,Other,Bensonfurt
7829,Bryce Silva,qfox@gmail.com,616-704-9478,2023-04-28,27,Female,North Alyssamouth
7830,Jesus Hernandez,fmoss@gmail.com,375-454-2859,2022-05-22,63,Female,New Erintown
7831,Zachary Salazar,chelseamccarty@gmail.com,491-768-9841,2020-10-14,40,Female,New Ernestfurt
7832,Jared Woodard,richard23@gmail.com,709-877-7832,2021-07-24,59,Male,Valdezstad
7833,Kristen Cunningham,mark70@gmail.com,226-645-4755,2024-05-19,39,Female,West Joshuahaven
7834,Carl Smith,ohancock@gmail.com,520-244-3425,2020-06-06,19,Female,South Courtney
7835,Tracy Mcclain,aoconnell@gmail.com,245-691-3740,2022-05-26,61,Female,East Jermaineburgh
7836,Brittney Stevens,cathyball@gmail.com,837-407-6854,2024-03-30,43,Female,Potterview
7837,Chloe Robinson,cdavenport@gmail.com,532-575-0863,2023-02-11,42,Other,Josephshire
7838,Steve Carter,roychristina@gmail.com,409-465-0324,2022-01-14,30,Other,Michealton
7839,Margaret Wilson,plopez@gmail.com,970-845-5548,2022-09-14,49,Other,South Tiffany
7840,Beth Thomas,manderson@gmail.com,206-354-3894,2020-01-01,18,Female,Lake Teresa
7841,Rachel Hardin,lshaw@gmail.com,956-351-9520,2024-05-11,18,Male,Watsonmouth
7842,Bradley Diaz,amanda34@gmail.com,790-435-4048,2020-12-12,28,Male,North Christopher
7843,Scott Adams,mcbridejimmy@gmail.com,284-953-4102,2023-07-23,44,Female,Williamston
7844,Kari Bridges,gtodd@gmail.com,528-831-4047,2021-06-18,28,Male,Cisnerosville
7845,Julian Spencer,preed@gmail.com,464-665-4244,2023-04-14,64,Male,West Grace
7846,Sierra Thompson,patriciadixon@gmail.com,363-559-5993,2022-11-09,53,Female,Hermanborough
7847,Carl Campbell,alvarezamy@gmail.com,582-847-3485,2024-02-08,39,Other,South Tamaraland
7848,Phillip Larson,kristiefields@gmail.com,666-728-9455,2020-01-22,58,Male,Jacksonport
7849,Mr. Dominic Jones,anthonymoreno@gmail.com,242-930-9213,2020-10-21,21,Other,Lake Rachaelbury
7850,Erika Stafford,victoria00@gmail.com,906-508-8099,2024-09-11,64,Male,West Zacharyburgh
7851,Sarah Gray,cjohnson@gmail.com,896-671-6563,2023-05-10,22,Male,Bensonbury
7852,Janet Davis,beverlymann@gmail.com,525-954-0335,2022-10-31,54,Female,Lake Kylie
7853,David Lambert,zsolomon@gmail.com,224-676-6539,2021-12-26,58,Female,Reyesside
7854,Robert Pacheco,martinezmichael@gmail.com,885-203-8949,2021-11-03,61,Male,South Katherine
7855,Lisa Collier,benjaminwilliams@gmail.com,392-461-7714,2023-06-15,51,Female,Danielfort
7856,Robert Bray,richardsonedward@gmail.com,700-796-9802,2020-12-29,55,Female,Josephfurt
7857,Vincent Benjamin,leonmaria@gmail.com,976-496-2304,2020-08-11,54,Male,Biancamouth
7858,Victoria Dixon,valenciaelizabeth@gmail.com,514-363-0808,2021-05-29,55,Male,Cisnerosstad
7860,Connie Morton,michelle86@gmail.com,977-875-6989,2023-11-03,20,Female,Johnsonland
7861,Chase Greene,brittany29@gmail.com,641-812-4423,2023-11-01,23,Male,Jameshaven
7862,Stefanie Thomas,hernandezsteven@gmail.com,828-935-5718,2021-04-23,50,Other,Mcclureburgh
7863,Katelyn Friedman,sbenton@gmail.com,445-726-0784,2020-02-18,40,Female,South Matthew
7864,Tina Young,xrusso@gmail.com,456-511-4255,2020-04-17,33,Male,Amberview
7865,Holly Blankenship,phillipsmark@gmail.com,777-638-9052,2022-11-07,54,Female,Jefferybury
7866,Nicholas Craig,michelle95@gmail.com,986-816-2512,2020-03-15,29,Male,North Lorraine
7867,Jacob Stewart,abbottjulia@gmail.com,327-255-5570,2023-03-27,58,Other,North Alexandra
7868,Jacob Bryan,jwright@gmail.com,925-545-1305,2022-09-09,45,Female,West Davidstad
7869,Lynn Williams,natalie92@gmail.com,646-786-5940,2023-08-21,38,Male,Jessicastad
7870,Brandy Cox,zmorgan@gmail.com,-11-313-,2021-06-09,33,Female,North Nathanberg
7871,Faith Preston,margaretmichael@gmail.com,850-943-9238,2022-12-28,27,Female,Erikfort
7872,Jillian Powell,dreid@gmail.com,593-525-6510,2021-07-23,21,Other,West Mariah
7873,Darlene Bryant,smithbrent@gmail.com,722-703-1275,2023-12-25,59,Other,West Jessica
7874,Alexander Vega,emily11@gmail.com,684-978-8140,2020-02-21,34,Other,Port Rachelland
7875,Anthony Robinson,ewood@gmail.com,554-597-8866,2020-12-02,22,Other,Tylerfort
7876,Cindy Atkins,xdavis@gmail.com,859-877-4219,2020-07-24,58,Male,North Kimberlyview
7877,Virginia Nelson,nowen@gmail.com,271-758-6690,2023-04-24,50,Male,Jasontown
7879,Brent Robinson,emily93@gmail.com,620-509-4262,2021-12-18,24,Female,Foxborough
7880,Benjamin Ortega,cardenasdavid@gmail.com,420-592-0902,2024-09-09,45,Other,Thomasshire
7881,Anthony Rojas,bellsharon@gmail.com,405-790-8841,2021-02-01,54,Male,South Ericaview
7882,Todd Butler,kelli14@gmail.com,773-280-3402,2024-09-06,31,Female,Lake Rachelmouth
7883,Jennifer Wright,gcollins@gmail.com,289-810-0563,2024-09-23,64,Other,Michaelview
7884,Dr. Christopher Short,sara99@gmail.com,469-511-3340,2024-01-19,49,Male,Richmondberg
7885,Virginia Perry,marsherin@gmail.com,714-357-5838,2024-03-07,35,Male,Jasonland
7886,Elizabeth Hernandez,robert09@gmail.com,794-247-4065,2021-08-20,28,Male,North Daniel
7887,Drew Miller,benjamin62@gmail.com,514-979-8332,2023-10-22,60,Other,Banksfort
7888,Dennis Howell,williamshea@gmail.com,696-233-5656,2023-06-30,20,Female,Port Ericaburgh
7889,Michelle Bowers,courtney62@gmail.com,376-325-6768,2020-07-04,36,Other,East Warren
7890,Jacob Johnson,audreyromero@gmail.com,321-666-1780,2024-09-09,37,Male,Port Charlesside
7891,Timothy Franco,kmorgan@gmail.com,827-966-3363,2023-05-15,35,Other,Sandraport
7892,Christian Harrison,millerkeith@gmail.com,967-535-8790,2020-01-09,59,Other,Ambershire
7893,Christopher Lee,moralesjustin@gmail.com,599-378-3390,2024-09-08,62,Other,South Anthonyburgh
7894,Ashley Li,john84@gmail.com,615-429-9418,2023-12-09,37,Other,North Danielle
7895,James Willis,christinesawyer@gmail.com,824-685-7127,2022-08-07,61,Other,North Emilyton
7896,Ashley Herrera,jennifer54@gmail.com,363-798-6228,2024-01-07,55,Male,Lake Sandra
7897,Angela Parks,washingtonshawn@gmail.com,489-629-0487,2024-02-11,32,Male,East Kimberlyberg
7898,Michael Bender,kmorgan@gmail.com,370-213-8455,2021-07-23,43,Other,Gomezshire
7899,Michelle Davis,ysnyder@gmail.com,221-381-8161,2020-03-12,32,Female,Richardborough
7900,Maureen Gill DDS,coloncynthia@gmail.com,526-583-0929,2023-01-30,39,Other,Davidberg
7901,Michael Woods,gregorybraun@gmail.com,286-758-3960,2022-07-17,41,Female,Lake Maria
7902,Ernest Harris,zcollins@gmail.com,765-566-0750,2020-03-18,55,Female,West Shirleyton
7903,Roy Castaneda,christopherortiz@gmail.com,908-443-8753,2023-10-15,26,Male,Owensbury
7904,Daniel Koch,craighayden@gmail.com,533-778-0828,2024-03-20,18,Female,Samanthaside
7905,Donna Mclean,bmullins@gmail.com,732-673-4235,2023-01-07,19,Other,Soniatown
7906,Chris Silva,longdavid@gmail.com,448-276-5604,2022-10-17,40,Other,Matthewberg
7907,Jacqueline Cannon,wilcoxkimberly@gmail.com,262-443-7710,2023-02-04,37,Male,Tuckerbury
7908,Mary Shaw,amanda63@gmail.com,238-444-3641,2021-02-09,23,Male,Nicolefort
7909,Justin Valentine,crystalnguyen@gmail.com,903-296-3898,2023-07-28,41,Male,East Rachelbury
7910,Teresa Holder,edwardrichardson@gmail.com,730-261-8941,2021-09-23,19,Male,North Troy
7911,Wesley Lopez,whenderson@gmail.com,898-391-3440,2022-03-28,55,Other,Singletonshire
7912,Christopher Garcia,jmoore@gmail.com,321-661-9364,2024-02-11,24,Other,Torreshaven
7913,William Mendez,umays@gmail.com,205-246-0425,2024-07-03,38,Female,Port Stevenview
7914,Charles Coleman,katievalentine@gmail.com,954-660-0275,2023-06-18,44,Other,Samuelchester
7915,David Gomez,cheryl85@gmail.com,812-490-4671,2020-07-28,34,Female,Anthonyborough
7916,Douglas Jackson,qjohnson@gmail.com,273-984-3109,2020-06-12,35,Other,Russellport
7917,Gregory Glenn,bruce39@gmail.com,922-349-0179,2023-05-01,63,Female,Lake Robert
7918,Kevin Johnson,michael16@gmail.com,231-718-6074,2022-04-11,19,Female,Torresview
7919,Sean Morales,brandy78@gmail.com,792-429-7759,2021-03-26,24,Male,Clarkburgh
7920,Gregory Vargas,wilkinshaley@gmail.com,397-683-8830,2020-11-03,33,Male,Johnsonberg
7921,Tina Morrison,tannerwalker@gmail.com,885-383-2983,2024-09-29,39,Other,West Judy
7922,Katie Young,haileygreen@gmail.com,540-657-6113,2021-11-07,41,Female,Lake Kathryn
7923,James Reid,watersashley@gmail.com,704-872-6686,2023-07-08,38,Male,Paulmouth
7924,Stephanie Baker,jill26@gmail.com,262-900-6126,2023-01-14,37,Male,West Elizabeth
7925,Ashley Williams,vnielsen@gmail.com,213-954-5585,2023-12-24,49,Female,Christopherland
7926,Laura Vasquez,othomas@gmail.com,210-488-7808,2021-11-12,36,Other,North Fernando
7927,Kurt Watson,juarezmarilyn@gmail.com,889-655-2824,2023-02-05,26,Male,East Michael
7928,Michelle Kennedy,zraymond@gmail.com,364-888-3739,2022-09-16,45,Other,Bradshawport
7929,Natalie Lee,lperez@gmail.com,909-385-0588,2022-12-05,38,Female,North Douglasport
7930,Damon Hoffman,owenspamela@gmail.com,896-282-5047,2024-06-20,34,Other,Nguyenfort
7931,Sharon Warren,powelljason@gmail.com,344-706-5731,2020-05-24,39,Female,Port Michael
7932,Amy Andrews,ellen58@gmail.com,219-672-1885,2024-04-10,43,Male,Port Patriciaport
7933,Cathy Santiago,nicolearnold@gmail.com,964-646-0761,2020-02-03,54,Other,North Tyler
7934,Samuel Thomas,bakerarthur@gmail.com,879-686-5311,2024-09-08,44,Female,West Josephtown
7935,Megan Cervantes,ashleylane@gmail.com,522-256-5622,2022-11-08,31,Other,Jonesburgh
7936,Mary Ellis,daniel26@gmail.com,842-902-2285,2021-12-07,35,Female,Millerburgh
7937,Luis Green,phyllis32@gmail.com,273-560-1775,2023-07-29,52,Male,Bryanshire
7938,Megan Callahan,virginiathomas@gmail.com,762-253-4128,2020-12-12,56,Female,Port Noah
7939,Susan Mccormick,carl07@gmail.com,505-671-4017,2023-04-19,64,Male,Faithview
7940,Daniel Patterson,simmonslisa@gmail.com,993-860-1217,2024-02-12,26,Other,East Katrina
7941,Trevor Clarke,paulaherrera@gmail.com,744-600-5630,2021-12-08,27,Male,Brownfurt
7942,Heather Ward,pdean@gmail.com,715-878-5052,2024-09-04,31,Other,New Lindachester
7943,Michelle Krueger,ashley12@gmail.com,774-241-4823,2023-07-16,65,Male,Robertland
7944,Nichole Davis,kyleroberts@gmail.com,304-846-0918,2023-03-04,65,Female,Eddieborough
7945,Melanie Taylor,cgonzales@gmail.com,328-412-5896,2021-11-04,30,Other,Tylerburgh
7946,Sara Jimenez,whiterichard@gmail.com,516-383-1178,2023-02-27,51,Male,Lake Susan
7947,Michele Cole,andrew26@gmail.com,823-701-2796,2020-04-24,50,Male,Saramouth
7948,Alexandria Phillips,david95@gmail.com,477-868-8842,2022-12-30,28,Male,Lopezview
7949,Amber Miller,timothy12@gmail.com,550-810-0972,2023-07-22,29,Other,Donnaville
7950,Elizabeth Williams,thomasedward@gmail.com,726-408-9451,2020-11-03,24,Female,Lake Pamelaside
7951,Christopher Benson,mthomas@gmail.com,325-732-5820,2021-01-25,61,Other,Brookechester
7952,John Anderson,suzanne41@gmail.com,707-382-9367,2022-08-08,58,Male,Port Dustin
7953,Kristopher Black II,simschad@gmail.com,615-562-9580,2024-06-16,25,Male,Popeville
7954,Adam Lopez,hessemily@gmail.com,250-231-3121,2021-02-05,39,Male,Ronaldside
7955,Kara Holland,woodlacey@gmail.com,875-708-3606,2021-02-08,61,Male,Wrightborough
7956,Bryan Powers,aaronfernandez@gmail.com,911-795-1357,2021-11-23,40,Other,Lake Andrew
7958,Brian Wallace,jose98@gmail.com,718-381-6587,2022-08-11,33,Male,Sallyville
7959,Michelle Carlson,kelsey77@gmail.com,804-273-4016,2023-07-12,61,Female,Tamarabury
7960,Sarah Miller,reneesmith@gmail.com,737-984-8507,2022-01-27,51,Male,East Angelaport
7961,Amber Brown,dwilcox@gmail.com,464-809-2263,2024-01-14,53,Female,Hollyton
7962,Tina Fowler,alexis08@gmail.com,924-371-1324,2023-05-28,41,Male,Lake Andrew
7963,Kenneth Castillo,davidmiller@gmail.com,668-602-7807,2023-12-25,44,Female,North Lisaberg
7964,Katie Campbell,matthewnavarro@gmail.com,622-589-4418,2022-09-13,52,Female,New Rebeccamouth
7965,Holly Jennings,sarahwest@gmail.com,663-879-6179,2021-08-24,63,Female,Juantown
7966,James Diaz,vblair@gmail.com,838-615-9078,2021-06-22,52,Other,New Michaelmouth
7967,James Miller,bearderin@gmail.com,962-734-6923,2021-09-27,19,Other,Stevenside
7969,Zachary Walton,jenniferlin@gmail.com,436-845-8731,2024-05-12,51,Other,East Patriciaton
7971,Pam Ramos,leslie94@gmail.com,949-348-0690,2024-01-01,58,Male,Deanbury
7972,Mr. Kevin Hall,stephanie76@gmail.com,628-350-3767,2024-01-30,55,Male,Smithbury
7973,Henry White MD,hnelson@gmail.com,616-345-8079,2020-05-06,18,Female,Karenmouth
7974,Jason Aguirre,mccartyanna@gmail.com,351-782-7613,2024-06-04,19,Male,South Jillberg
7975,Stephen Foster,thenson@gmail.com,751-763-7170,2021-08-16,58,Female,Edwinberg
7976,Anthony Burgess,cassidy79@gmail.com,619-684-3048,2020-02-22,56,Female,Stonebury
7977,Russell White,jeffrey59@gmail.com,924-621-4021,2021-09-30,45,Female,West Amandaside
7978,Heather Landry,jessicalong@gmail.com,261-364-9335,2022-12-12,44,Male,West George
7979,Mary Long,ellisamber@gmail.com,794-910-7966,2022-09-13,61,Other,South Rebecca
7980,Jordan Salazar,dwalton@gmail.com,-10-633-,2020-12-01,60,Other,New Tonyport
7981,Maria Martin,jonathanmckinney@gmail.com,296-472-0827,2020-03-19,22,Female,New Mikemouth
7983,Loretta Roach,lmcintosh@gmail.com,468-555-9816,2023-10-14,24,Female,Rachaelside
7984,Tyler Pacheco,johnsonnicole@gmail.com,343-548-9110,2022-01-11,36,Female,New Karenfurt
7985,Debra Kelly,jmartinez@gmail.com,813-701-1655,2024-07-20,51,Other,Floresfort
7986,Kelly Lopez,ipowell@gmail.com,984-887-5797,2022-11-14,22,Male,South Anna
7987,Samuel Castillo,eking@gmail.com,590-539-9460,2024-09-27,25,Other,Lake Christine
7988,Donna Cain,lisatrujillo@gmail.com,234-798-5315,2023-03-18,26,Female,Port William
7989,Mason Key,jerryhayes@gmail.com,607-952-9594,2023-04-26,27,Female,Carrollbury
7990,Chad Le,logangraham@gmail.com,292-731-7843,2021-08-29,20,Male,Port Stephenview
7991,Monica Vasquez,christopher57@gmail.com,704-602-9987,2022-11-07,40,Female,Lake Karen
7992,Connie Mcdowell,achapman@gmail.com,312-777-7201,2023-07-31,58,Other,South Michael
7993,Felicia Stanley,cvaughn@gmail.com,403-466-2263,2020-02-04,58,Male,Avilastad
7994,Tiffany Diaz,rjackson@gmail.com,334-482-3179,2021-09-21,64,Other,Emilyport
7995,Hannah Taylor,zrobertson@gmail.com,546-560-2634,2022-12-07,48,Male,Nancyburgh
7996,Madison Morrison,pachecorandy@gmail.com,469-937-6830,2020-05-14,47,Male,West Leahbury
7997,Xavier Dominguez,ganderson@gmail.com,300-744-9715,2021-03-15,40,Male,Jacobshire
7998,Felicia Craig,bookershawn@gmail.com,558-245-0870,2024-01-21,19,Other,North Michael
7999,Michelle Bridges DDS,nielsenronald@gmail.com,618-292-4010,2020-09-27,29,Male,Andersonstad
8000,Anthony Garcia,mckenziedavid@gmail.com,337-215-3790,2024-04-30,56,Other,Savannahborough
8001,Elizabeth Richardson,patricia51@gmail.com,207-990-4427,2023-03-16,42,Other,Port Rodneymouth
8002,Mario Calhoun,eschmidt@gmail.com,456-870-7459,2020-07-13,55,Male,Rodriguezhaven
8003,Jordan Moore,thomassheri@gmail.com,890-824-2276,2023-05-14,32,Other,Clarktown
8004,David Keller PhD,ygarza@gmail.com,871-689-0492,2020-10-27,33,Other,Port Alejandro
8005,Kristen Taylor,benjaminlarson@gmail.com,268-881-9305,2022-11-07,46,Female,Leslieville
8006,Michael Key,kenneth50@gmail.com,642-732-3231,2022-02-10,62,Male,North Davidchester
8007,Mr. Joseph Archer,colton71@gmail.com,860-563-0962,2022-08-31,30,Other,Millerfort
8008,Heidi Stewart,jonesmaurice@gmail.com,896-690-7524,2024-04-08,22,Male,Fowlerview
8009,Amber Weaver,garciawendy@gmail.com,855-669-0117,2022-07-13,57,Female,Jeremyshire
8010,Michael House,anthony14@gmail.com,482-446-6843,2021-12-02,42,Female,Stephaniechester
8011,Carrie Campbell,ashley62@gmail.com,823-571-0731,2024-04-27,19,Other,Miguelchester
8012,Lisa Montoya,jaclynlawson@gmail.com,343-208-8597,2021-07-27,39,Female,West Andreaville
8013,Caitlin Perez,graveskathleen@gmail.com,912-388-0032,2023-05-11,60,Other,Jamesfort
8014,Sean Barker,rodriguezbarbara@gmail.com,654-742-5276,2021-09-25,29,Female,Richardsonville
8015,Ryan Kaufman,danielstephanie@gmail.com,942-793-3049,2024-05-12,33,Female,South Katrinastad
8017,Javier Glenn,vcervantes@gmail.com,849-866-3241,2021-10-23,50,Male,Craigview
8018,Andre Gill DDS,devinstanley@gmail.com,649-982-3091,2021-06-09,52,Other,Stephanieville
8019,Julie Brown,mortonmark@gmail.com,409-868-3368,2021-02-11,34,Male,Richardview
8020,Tracy Flynn,thunt@gmail.com,513-531-9562,2024-08-27,54,Male,Jesseland
8021,Corey Miller,hudsonkatrina@gmail.com,654-931-2824,2021-07-29,47,Other,East Kendra
8022,Alexander Humphrey,johnparrish@gmail.com,813-935-8762,2020-12-16,26,Male,Jaredport
8023,Ashley Jackson,sevans@gmail.com,744-899-9651,2023-10-11,58,Male,Justinville
8024,Gregory Wade,phillipsmichael@gmail.com,734-784-8536,2020-04-21,45,Male,Davidhaven
8025,Megan Green MD,daniel79@gmail.com,548-347-7366,2021-03-28,59,Female,Port Nancy
8026,Shannon Green,victorianelson@gmail.com,566-710-2253,2021-02-01,41,Female,Derekchester
8027,Christopher Jackson,eanderson@gmail.com,576-206-7675,2023-04-10,42,Male,Christineport
8028,Thomas Walsh,oserrano@gmail.com,399-821-2387,2024-03-15,29,Other,South Makayla
8029,Victoria Cook,zjackson@gmail.com,638-664-8592,2022-07-09,55,Male,Richardside
8030,Antonio Hill,perezjennifer@gmail.com,531-360-6089,2023-05-16,41,Male,Herreraland
8031,David Rivera,joshua08@gmail.com,201-989-9040,2020-09-17,59,Male,West Triciastad
8032,Samuel Duncan,lucaslindsey@gmail.com,711-858-3700,2020-10-18,26,Other,Port Charles
8033,Sergio Coleman,xramirez@gmail.com,860-200-4531,2024-03-16,55,Other,Cristinaside
8034,Shannon Clark,marywalter@gmail.com,556-896-2107,2024-07-10,46,Male,North Lynn
8035,Megan Peters,psmith@gmail.com,963-224-9883,2021-08-04,49,Other,North James
8036,Andrea Martinez,kimberly55@gmail.com,254-348-9260,2023-12-04,49,Other,Dannytown
8037,Rachel Martin,deanrodney@gmail.com,551-608-3802,2020-08-03,29,Other,Annafurt
8038,Rebekah Bruce,christianmorris@gmail.com,523-227-0303,2024-01-20,24,Female,North Kathyfurt
8039,Edward Dawson,psantana@gmail.com,352-599-8185,2023-06-05,23,Female,Dunnberg
8040,Jessica Thomas,iward@gmail.com,483-981-2040,2023-06-15,50,Male,Debrashire
8041,Tyler Owen,kevinrobinson@gmail.com,763-873-7408,2020-06-18,59,Female,East Marcusbury
8042,Laura Stephens,klane@gmail.com,848-930-1975,2022-04-11,61,Other,Port Savannahshire
8043,Mandy Hart,braunmichelle@gmail.com,782-910-7891,2020-06-21,20,Male,West Tracy
8044,Alexander Anderson,juanpowell@gmail.com,266-450-7482,2024-09-02,38,Female,Wilsonburgh
8045,Christine Chambers,christopher30@gmail.com,889-575-7365,2020-11-18,34,Other,Dawnbury
8046,Raymond Padilla,whitebrian@gmail.com,402-568-1475,2020-03-06,60,Male,North Catherinefort
8047,James Jones,josephwilliams@gmail.com,680-473-3813,2022-11-24,20,Other,Kimberlyfurt
8048,William Sandoval,williamsalicia@gmail.com,764-407-2514,2021-10-03,32,Female,Sheriborough
8049,William Molina,michaelhood@gmail.com,651-923-0761,2021-01-31,63,Female,Liside
8050,Chad Ray,xpadilla@gmail.com,863-408-9887,2022-01-13,40,Male,Norrisstad
8051,Rachel Sosa,wallacesarah@gmail.com,421-718-9543,2024-07-24,46,Female,Pattonland
8053,Jennifer Brown,travis30@gmail.com,670-878-6278,2022-10-01,54,Other,Port Jasmine
8054,Jasmine Collins,nicolascollins@gmail.com,342-206-8520,2021-03-31,21,Other,Phyllisfort
8055,Alexander Thompson,runderwood@gmail.com,888-790-0608,2020-12-22,34,Other,Port Richard
8056,Christina Keller,thomas94@gmail.com,509-597-4039,2020-06-30,31,Other,South Sharon
8057,Matthew Rodriguez,angelachavez@gmail.com,906-798-1269,2020-07-04,43,Other,Georgefort
8058,Brian Daniels,butlerdanny@gmail.com,497-331-9977,2022-05-11,23,Male,East Tammyburgh
8059,Felicia Morales,mandy34@gmail.com,510-469-2475,2024-09-24,26,Female,New Derrick
8060,Gary Curtis,bradleyanna@gmail.com,862-856-5804,2023-03-13,23,Female,Port Tiffanychester
8061,Barbara Mitchell,jennifer98@gmail.com,350-473-8436,2023-09-19,19,Other,Adamborough
8062,Gilbert Mooney,hhouston@gmail.com,952-773-7464,2021-07-23,19,Male,South Holly
8063,Jason Roach,rebeccacole@gmail.com,519-930-0678,2021-04-21,24,Other,West Mikaylaside
8064,Kristina Norris,ile@gmail.com,848-654-1500,2021-06-15,62,Female,New Curtistown
8065,Stephen Johnson,christina78@gmail.com,409-714-2419,2020-04-23,43,Female,Brittanyton
8066,Paul Jones MD,cantrellhenry@gmail.com,623-414-4985,2021-09-26,57,Male,West Sarah
8067,Andrew Stanton,whardy@gmail.com,221-283-4371,2020-12-29,44,Female,New Jimmyfort
8068,Thomas Lewis DDS,nelsonmaria@gmail.com,-10-485-,2024-06-30,34,Female,Port Kenneth
8069,Benjamin Suarez,daniel16@gmail.com,914-879-8843,2024-10-03,38,Other,West Maryburgh
8070,Brandi Myers,armstrongmonique@gmail.com,368-534-5126,2023-11-02,33,Male,South Ginamouth
8071,Sherri Jones,jeffreybrandt@gmail.com,233-720-6481,2022-06-26,44,Male,Jonland
8072,Renee Wheeler,justincombs@gmail.com,545-467-0768,2022-05-25,35,Female,East Juliechester
8073,Cristian Gilmore,ymarquez@gmail.com,308-208-3459,2021-03-03,50,Other,East Morganville
8074,Reginald Mckinney,hhawkins@gmail.com,345-505-2173,2024-03-12,39,Male,North Kathleenside
8075,Derek Barber,bakerdouglas@gmail.com,367-350-8773,2022-01-20,39,Male,East Kellytown
8076,Aimee Holmes,lisa58@gmail.com,473-476-8216,2022-12-20,33,Male,Port Bruceberg
8077,Michael Mcdonald,warddebra@gmail.com,857-345-4653,2021-07-28,50,Female,Howardhaven
8078,Sally Flores,dmckay@gmail.com,791-804-8522,2022-03-14,50,Female,Williamsonstad
8079,Olivia Ross,amanda39@gmail.com,805-845-0300,2020-10-07,31,Female,Jordanberg
8080,Megan Smith,kristi84@gmail.com,851-449-7285,2023-05-10,57,Male,Kingfurt
8081,Richard Bailey,eschmidt@gmail.com,922-843-3630,2023-01-18,38,Female,Lake Michelle
8082,Julian Henderson,juliefranklin@gmail.com,752-827-8308,2023-06-06,44,Female,South Jennifer
8083,Jeanne Moss,andrew77@gmail.com,842-786-7340,2023-11-19,30,Other,Lake Anthonymouth
8084,Brooke Mcbride,sarah01@gmail.com,202-469-9947,2021-09-21,19,Female,South Kirk
8085,Victor Carey,joshua07@gmail.com,743-299-6835,2022-08-28,30,Other,Jasonburgh
8086,Elizabeth Malone,troy57@gmail.com,455-422-7520,2022-12-11,48,Female,Mariofort
8087,Robert Garza,daviddiane@gmail.com,985-586-3263,2020-10-13,40,Other,South Kennethland
8088,Patricia Garcia,destinyhunt@gmail.com,-10-215-,2022-01-26,54,Other,Davidfort
8089,Jamie Morgan,mwatson@gmail.com,587-266-0157,2020-04-19,54,Male,East Elizabeth
8090,Stephanie Miller,martinarthur@gmail.com,955-294-7850,2022-01-09,28,Female,Leetown
8091,Sheila Braun MD,kvilla@gmail.com,850-373-1203,2021-09-08,53,Other,West Kevinfort
8092,David Cole,paula54@gmail.com,292-796-5574,2020-03-27,50,Female,Judithview
8093,Kayla Hicks,robert29@gmail.com,722-377-5618,2023-05-10,59,Female,Dennisside
8094,Harold Reyes,walkerjerry@gmail.com,604-792-3396,2023-12-07,30,Other,Lake Corychester
8095,Antonio Sanchez,josejohnson@gmail.com,783-651-3531,2024-02-15,21,Female,Leemouth
8096,Austin Jones,maynardjoseph@gmail.com,477-321-3928,2024-05-10,45,Female,Morrowbury
8097,Margaret Perkins,csimpson@gmail.com,409-885-1980,2021-06-13,43,Female,Lake Tonystad
8098,Nicholas Parks,allenrachel@gmail.com,978-842-1491,2023-03-04,18,Male,Franklinfurt
8099,Jason Wilson,danielgamble@gmail.com,452-588-2072,2022-06-24,31,Male,Jeffreyville
8100,Joan Beck,rickycole@gmail.com,763-471-0076,2021-10-31,19,Other,South Geraldmouth
8101,Courtney Reyes,stephaniejackson@gmail.com,546-565-1897,2024-06-29,32,Female,Morenoville
8102,Christian Smith,lucasholmes@gmail.com,673-896-1849,2023-03-03,49,Male,Everettchester
8103,Glenda Castillo,tdunn@gmail.com,520-256-5209,2022-11-04,23,Male,Olsonshire
8104,Jonathon Walters,richard32@gmail.com,538-324-9719,2020-12-20,31,Female,Port Benjamin
8105,Nicole Tucker,williamstimothy@gmail.com,818-694-0021,2023-11-06,50,Other,Lake Samanthachester
8107,Dr. Troy Flores,brianray@gmail.com,767-871-3879,2023-06-22,52,Female,East Evanview
8108,Rachel Thomas,randycooper@gmail.com,970-861-2708,2023-08-25,56,Male,Andreaburgh
8109,Jonathan Golden,mcintyrewyatt@gmail.com,436-662-0545,2024-07-07,31,Other,Longstad
8110,Adam White,gcampbell@gmail.com,529-488-9714,2024-05-04,32,Male,Nelsonhaven
8111,Lisa Neal,desiree49@gmail.com,668-384-5261,2021-12-10,43,Other,New Courtneymouth
8112,Dylan Mclean,campossharon@gmail.com,419-490-2545,2023-04-17,60,Other,Edwardstown
8113,Patricia Burke,alexispierce@gmail.com,567-903-8588,2022-04-20,48,Other,Garciaburgh
8114,Daniel Smith,nancysmith@gmail.com,635-678-4714,2022-08-17,47,Other,Lake James
8115,Timothy Maldonado,william32@gmail.com,413-883-8680,2022-09-18,40,Female,North Markport
8116,John Russo,xpratt@gmail.com,285-212-4294,2024-07-13,29,Other,East Barbarachester
8117,Anna Duffy,coreypadilla@gmail.com,573-646-5148,2021-12-03,41,Other,Lindaside
8118,Carla Moyer,charlesmurphy@gmail.com,384-392-3397,2022-04-25,22,Male,Nathanhaven
8119,Mrs. Lindsey Brown,randyrice@gmail.com,556-863-1270,2022-12-26,60,Other,Annaborough
8120,Christopher Jackson,moorejoseph@gmail.com,719-694-4994,2020-11-05,35,Female,New Mason
8121,Debbie Beck,fjimenez@gmail.com,307-609-0741,2023-05-01,23,Female,Lake Jorge
8122,Carol Flores,joannadavis@gmail.com,567-359-2408,2022-10-08,45,Other,Martintown
8123,Harold Gonzalez,fsmith@gmail.com,302-232-5243,2022-09-25,57,Male,Christopherbury
8124,Eric Blake,bmathis@gmail.com,447-582-2938,2022-09-28,54,Female,Danieltown
8125,Kimberly Stevens,christopherbaldwin@gmail.com,206-867-4578,2023-11-18,18,Female,Bettyberg
8126,Paige Wells,lisagarcia@gmail.com,368-570-4742,2022-01-05,27,Other,New Jennifer
8127,Jonathon Johnson,walljodi@gmail.com,203-541-9902,2023-05-26,41,Other,East Theresaville
8128,Edward Neal,nealgloria@gmail.com,411-842-8715,2020-02-17,20,Male,East Nicholas
8129,Jennifer Esparza,nturner@gmail.com,540-430-6373,2021-09-19,53,Other,East Isaiah
8130,Jeffrey Lopez,fsmith@gmail.com,247-911-8965,2022-10-06,35,Female,Robinsonland
8131,Ronald Jones,davidaustin@gmail.com,372-836-2512,2022-10-09,26,Other,West Keith
8132,Christina Thompson,heathlauren@gmail.com,683-693-8739,2020-07-09,34,Male,South Paulfurt
8133,Samuel Mcneil,ckeller@gmail.com,920-625-7439,2021-07-08,55,Male,Matthewburgh
8134,Stephen Palmer,michael62@gmail.com,898-228-8245,2022-01-22,33,Other,Jessicamouth
8135,Shawn Davis,lmitchell@gmail.com,708-961-1110,2023-05-30,64,Female,West Rebeccachester
8136,Jeremy Walker,fowlerdustin@gmail.com,245-598-1701,2021-04-01,61,Other,West Michelle
8137,Denise Reyes,ypierce@gmail.com,327-909-3511,2023-02-15,24,Female,West Melissa
8138,Jeffrey Davis,angelabrown@gmail.com,771-520-6965,2024-02-13,41,Male,Lake Jackfurt
8139,Robert Delgado PhD,isabellarussell@gmail.com,605-940-7831,2024-08-31,22,Female,North Noah
8140,Paul Mcguire,fmartinez@gmail.com,603-495-6177,2022-09-08,33,Other,Lake Charleston
8141,Angela Howard,jdeleon@gmail.com,738-476-3353,2022-07-30,56,Male,East Larry
8142,Marvin Floyd,rojasmaria@gmail.com,914-637-9953,2024-06-10,27,Female,Guzmanmouth
8143,Danny Jones,dennis12@gmail.com,446-579-1272,2022-06-09,54,Other,Wilsonberg
8144,Daniel Crawford,deborah81@gmail.com,581-636-4174,2022-07-27,47,Female,Hernandezton
8145,Emma Bradley,swheeler@gmail.com,519-463-6732,2022-12-06,49,Female,South Christopherstad
8146,Brandon Sullivan,uthompson@gmail.com,579-907-4019,2023-02-17,64,Other,Lake Denise
8147,Marcus Lynch,raymond95@gmail.com,778-523-0750,2022-09-18,18,Male,Amyfurt
8148,Dr. Sarah Wilson,holson@gmail.com,545-492-4551,2020-10-18,47,Male,Port Jesse
8149,Andrea Mcdonald,esilva@gmail.com,703-690-6292,2021-09-25,21,Female,Jenningston
8150,Miguel Wright,susan58@gmail.com,657-984-2300,2021-12-04,63,Female,South Carlos
8151,Daniel Bryan,sarah07@gmail.com,658-721-1316,2021-10-21,23,Other,Port Robertton
8152,Tonya Russell,krocha@gmail.com,321-900-8248,2022-10-06,27,Other,Scottborough
8153,Tina Marshall,rebecca30@gmail.com,241-642-4206,2022-08-29,37,Female,Jamesbury
8154,Madison Ferguson,parksgabrielle@gmail.com,618-906-3876,2023-10-25,28,Other,East Linda
8155,Susan Hodges,vaughanjessica@gmail.com,888-321-2581,2021-07-28,41,Other,Rodriguezchester
8156,Denise Mills,miguelsandoval@gmail.com,308-578-2009,2020-07-20,61,Other,West Tammyport
8158,Bill Jackson,william18@gmail.com,943-489-6534,2023-02-25,64,Other,Whitebury
8159,Jeffrey Mcconnell,monica75@gmail.com,389-705-1064,2023-04-25,50,Male,Ibarraport
8160,Joanne Flowers,adamsamber@gmail.com,988-273-9480,2021-10-14,47,Male,Lisaland
8161,Tara Simpson,jenniferrivera@gmail.com,921-622-6531,2022-10-19,24,Female,Gibsonchester
8162,Ricardo Carpenter,kiddcharles@gmail.com,891-529-7011,2023-07-27,56,Female,East Melissashire
8163,Susan Porter,kevin19@gmail.com,667-788-2424,2023-11-09,34,Female,Michaelchester
8164,Elizabeth Mitchell,davidwilson@gmail.com,561-819-2065,2023-03-04,39,Male,Lake Kristiland
8165,Veronica Smith,chenhayden@gmail.com,669-989-9026,2022-05-26,29,Other,Cynthiaburgh
8166,Marissa Carrillo,zrivera@gmail.com,756-338-6064,2023-11-13,26,Male,Bradleyland
8167,Mark Nelson,zrogers@gmail.com,318-601-1846,2023-01-05,59,Female,Sullivanberg
8168,Richard Thomas,martineztom@gmail.com,824-707-5071,2022-01-24,39,Male,Susanburgh
8170,Lisa Miller,penajeremy@gmail.com,753-862-0656,2023-01-07,52,Female,East Wendyport
8171,Trevor Hickman,amber76@gmail.com,938-921-7404,2022-12-25,61,Male,Martinmouth
8172,Lauren Barnett,mullenjesus@gmail.com,477-650-0232,2021-04-07,62,Female,North Robert
8174,Jennifer Reyes,adam48@gmail.com,943-813-4201,2023-11-02,30,Male,Troytown
8175,Steven Smith,randerson@gmail.com,912-434-0834,2020-12-06,55,Female,West Michelle
8176,Jennifer Ford,maria53@gmail.com,318-676-1284,2024-02-15,43,Other,South Joshualand
8178,Casey Lin,andrew85@gmail.com,235-663-2462,2021-12-31,41,Female,Ayalashire
8179,Patrick Bell,zrobbins@gmail.com,624-883-5295,2021-03-03,25,Other,Port Christopherfort
8180,Robert Bell,fanderson@gmail.com,955-888-6206,2022-10-16,60,Female,Gutierrezburgh
8181,Jackie Adams,jonathanparker@gmail.com,964-837-1098,2021-07-13,18,Other,Danielshaven
8182,Anthony Frye,coltonwilliams@gmail.com,904-657-2710,2023-01-28,19,Other,East Mirandaland
8183,Kevin Bailey,steven76@gmail.com,956-637-6345,2020-06-04,63,Male,South Jessica
8184,Logan Hill,rreid@gmail.com,431-870-3504,2023-09-02,22,Male,Simmonshaven
8185,Lisa Black,scollins@gmail.com,345-541-3176,2020-10-20,29,Other,East Danielle
8186,James Ray,davidcrane@gmail.com,879-576-3088,2023-02-10,25,Male,Davidfort
8187,Amy Logan,wblackburn@gmail.com,247-222-4708,2022-11-15,53,Male,Tonyhaven
8188,Sarah Morris,isabelperez@gmail.com,876-686-8752,2022-04-10,28,Other,Lake Kevin
8189,Kimberly Rogers,ijefferson@gmail.com,427-735-5680,2023-06-30,57,Male,New Stephaniebury
8190,Edward Foster,laura94@gmail.com,468-952-1735,2020-12-26,64,Male,Pattonview
8191,Ryan Casey,fuentesmelissa@gmail.com,696-661-1451,2020-10-20,38,Female,New Vanessatown
8192,Colleen Carter,jensenjoshua@gmail.com,383-378-2355,2020-02-02,45,Female,East Johnhaven
8193,Kerri Wright,ucannon@gmail.com,919-438-4914,2022-07-29,48,Male,Marshallberg
8194,Catherine Myers,brennankelly@gmail.com,382-522-9351,2020-12-01,55,Female,Lake Steven
8195,Dawn Peterson,jonesscott@gmail.com,992-694-0637,2021-03-15,33,Male,East Danaville
8196,Brian Ramirez,cunninghamkelsey@gmail.com,696-877-9436,2020-11-29,19,Female,Fosterland
8198,Kristen Castillo DVM,rachaelfaulkner@gmail.com,867-637-8561,2022-12-30,52,Male,Amychester
8199,James Ochoa,waynejohnson@gmail.com,419-396-6597,2024-08-20,55,Other,Pamelafort
8200,Karla Curtis,anthonymitchell@gmail.com,454-982-0207,2022-01-10,30,Male,Mcphersontown
8201,Michelle Lewis,martinezcristian@gmail.com,202-601-5258,2024-03-20,57,Female,Ashleefurt
8202,Thomas Sanchez Jr.,ejones@gmail.com,534-446-5651,2020-03-02,58,Male,Lake Cherylfurt
8203,Darren Elliott,bgutierrez@gmail.com,748-676-6965,2022-12-29,41,Other,Campbellport
8204,Maureen Marquez MD,mercedesswanson@gmail.com,804-620-2117,2023-10-25,59,Male,Dianashire
8205,Belinda Scott,crodriguez@gmail.com,343-229-6647,2023-09-02,26,Other,Juliafurt
8206,Earl Rivera,bethmacdonald@gmail.com,242-918-9998,2022-10-05,45,Other,South James
8207,Benjamin Martinez,jeremy33@gmail.com,413-392-5339,2021-10-22,32,Other,Bushhaven
8208,Kimberly Leonard,mbennett@gmail.com,877-602-4362,2024-02-16,22,Male,Olivertown
8209,Nicole Moore,krystalrobinson@gmail.com,902-575-8226,2024-07-12,44,Male,Alexanderberg
8210,Glenn Green,jasonmiller@gmail.com,226-617-5537,2021-12-18,19,Male,Halltown
8211,Shawna Summers,ghendrix@gmail.com,294-424-6145,2022-05-04,58,Male,East Joseph
8212,Cameron Floyd,johnlee@gmail.com,361-222-5049,2024-07-25,25,Female,Connieberg
8213,Gene Brown,pflores@gmail.com,404-467-0075,2021-01-04,43,Other,Williamtown
8214,Traci Riley,jennifer00@gmail.com,276-668-5245,2021-12-12,34,Female,Sweeneyburgh
8215,Donald Chen,jonathanmiller@gmail.com,210-327-6464,2022-12-03,37,Other,North Isabelchester
8216,Michelle Rivera,leah05@gmail.com,231-466-3262,2024-03-21,41,Female,Lynchborough
8217,Pamela Cole,navarrokeith@gmail.com,922-504-4678,2023-02-02,44,Female,Paigemouth
8218,Kimberly Clayton,mcneillinda@gmail.com,337-795-9040,2021-09-05,64,Other,Michaelfort
8219,Jane Velasquez,edward96@gmail.com,290-508-6090,2022-07-16,23,Other,Derrickstad
8221,Dennis Morris,bryanadams@gmail.com,278-918-4095,2024-07-04,55,Other,Mckinneyport
8222,Melissa Smith,gwolfe@gmail.com,618-639-0377,2022-05-29,57,Female,Seantown
8223,Alicia Duarte,rrivera@gmail.com,497-561-0681,2024-08-13,41,Other,Matthewhaven
8224,Daniel Sanchez,kevingallegos@gmail.com,805-928-4153,2020-05-18,50,Other,New Emily
8225,Hailey Ramirez,gary46@gmail.com,557-752-0900,2021-07-18,59,Other,Lake Jennifermouth
8226,Paul Hall,espinozarichard@gmail.com,776-956-9470,2021-03-25,50,Other,Robertsonland
8227,Maria Wilcox,dphillips@gmail.com,788-411-7879,2021-01-15,32,Other,Wellsview
8228,Robin West,jeremiah77@gmail.com,340-674-5039,2021-06-09,60,Male,Walshfurt
8229,Kaitlyn Mitchell,nathancole@gmail.com,748-797-6208,2022-05-17,42,Female,Port Erin
8230,Brianna Lewis,wsmith@gmail.com,915-897-4772,2020-03-15,55,Other,Olsonstad
8231,Aaron Fisher,dustin74@gmail.com,881-668-9800,2022-11-30,51,Other,Lake Luis
8232,Vanessa Harris,pstevens@gmail.com,649-340-8910,2023-08-14,54,Male,Mirandabury
8233,Amy Morales DVM,prodriguez@gmail.com,945-360-2772,2020-01-21,27,Other,South Francis
8234,Michael Thompson,efarmer@gmail.com,605-744-6345,2022-03-24,62,Male,Alexaton
8235,Adam Luna,wattsjeffery@gmail.com,781-258-0835,2021-04-25,43,Male,Lake Jacobborough
8236,Lori Wallace,joseph18@gmail.com,882-968-5173,2024-05-03,44,Other,South Breannamouth
8237,Ryan Newton,xatkinson@gmail.com,954-261-9816,2021-10-18,21,Other,Taylorchester
8238,Debra Barnes,jilltran@gmail.com,373-638-6350,2020-01-23,29,Female,Davidbury
8239,Sarah Russell,higginsjacob@gmail.com,357-822-0635,2020-08-31,34,Female,South Lori
8240,Brianna Mitchell,rebeccacarter@gmail.com,564-267-4334,2020-12-12,58,Male,North Rebekah
8241,Lawrence Robinson,michaellarsen@gmail.com,897-879-8939,2021-08-25,22,Female,Jaredmouth
8242,Michael Klein,kochemily@gmail.com,263-791-2611,2021-11-20,30,Female,Anthonyside
8243,Christopher Davis,emilyvasquez@gmail.com,648-684-8990,2021-01-11,61,Female,East Kimberly
8244,Eric Lane,candacelawson@gmail.com,915-709-7122,2023-09-20,49,Female,Edwardschester
8245,Rodney Arellano,annamartinez@gmail.com,315-602-3885,2020-04-03,28,Male,East Nicholasmouth
8246,Ryan Thomas,dnguyen@gmail.com,635-707-4859,2021-07-24,32,Female,Lake Kyleton
8247,Robert Green,charlenemorales@gmail.com,437-320-4595,2023-10-14,32,Other,Lake Adam
8248,Tanya Miller,rwalsh@gmail.com,444-560-4927,2022-06-20,51,Male,Lawrenceton
8249,Victoria Cooper,reesejustin@gmail.com,464-680-5171,2022-11-05,48,Female,Paulafurt
8250,Chase Garcia,jesus29@gmail.com,295-291-4991,2022-05-29,28,Female,West Vincent
8251,Kevin Reyes,harrisjasmine@gmail.com,977-202-0454,2023-06-24,27,Male,Port Emilyshire
8252,Tamara Allen,nicolefoster@gmail.com,921-718-2033,2020-12-17,24,Female,Priceburgh
8253,Kristin Fitzgerald,ygardner@gmail.com,268-220-9043,2021-06-13,31,Male,Websterburgh
8254,Elizabeth Donovan,woodsandrew@gmail.com,332-519-7778,2021-01-03,24,Female,East Kimberlystad
8255,Kelsey Williams,tommyellis@gmail.com,494-559-3443,2021-12-14,18,Other,Clarkburgh
8257,Erica Green,garciaanthony@gmail.com,890-554-9464,2024-06-20,38,Other,Jasmineshire
8258,Raymond Lutz,angela28@gmail.com,237-907-8687,2021-09-21,63,Male,Evelynshire
8259,Emily Austin,phall@gmail.com,501-233-6230,2021-03-11,49,Male,North Alanmouth
8260,Gloria Jones,suzannekennedy@gmail.com,277-962-1464,2021-11-23,39,Female,Randallchester
8261,Rebecca Wood,zdiaz@gmail.com,504-245-7362,2022-02-22,42,Other,Lake James
8262,Lisa Jones,mjohnson@gmail.com,352-743-0394,2020-11-13,44,Female,South Bianca
8263,Steven White,omorgan@gmail.com,853-643-5363,2022-08-29,65,Male,Moorefurt
8264,William Anderson,joshua82@gmail.com,907-565-4112,2020-02-06,35,Female,New Ashleyton
8265,Emily Mayo,morrisrachel@gmail.com,624-953-5457,2021-05-02,47,Male,Port Veronicaland
8267,Kristen Love,oscardonovan@gmail.com,670-300-9559,2022-12-04,42,Other,Haroldville
8268,James Russell,douglassabrina@gmail.com,490-308-9339,2020-06-02,27,Male,Malloryview
8269,David Roberts,emilythomas@gmail.com,985-413-4532,2022-07-28,63,Other,New Andrew
8271,Douglas Lewis,joshua05@gmail.com,906-577-8837,2023-05-22,42,Female,West Brandon
8272,Krystal Morris,wardashley@gmail.com,423-774-3741,2023-05-01,65,Female,Ramseyburgh
8273,Corey Allen,hdean@gmail.com,987-453-7273,2021-04-14,29,Female,Whiteville
8274,Timothy Davis,alexanderdodson@gmail.com,846-628-0716,2023-01-25,49,Other,Williamview
8275,William Carlson,matthew02@gmail.com,438-811-5912,2021-05-17,65,Male,Harrellberg
8276,Wendy Walters,andersonamber@gmail.com,312-330-4917,2024-07-08,40,Male,West Aliciaberg
8277,Jerry Martin,michael48@gmail.com,928-588-9056,2023-12-14,30,Male,East Nicolefort
8278,Sandra Weaver,feliciabrown@gmail.com,451-386-0764,2022-10-17,18,Male,West Lindsey
8279,Julie Smith,poncealexis@gmail.com,445-860-2515,2023-03-08,45,Other,Levineberg
8280,Dale Williams,frankharrison@gmail.com,274-341-5149,2022-04-21,42,Male,Fowlerfurt
8281,Kaitlyn Harris,vincent10@gmail.com,834-546-4152,2022-06-22,65,Female,Craigfurt
8282,Shane Kelley,timothywalter@gmail.com,315-622-0790,2021-07-25,57,Female,West Chasefort
8283,Charles Robinson,ybaker@gmail.com,632-447-5755,2024-01-28,22,Other,West Aaronville
8284,Kelly Walsh,elizabeth65@gmail.com,-10-669-,2024-08-15,38,Other,Jeffreytown
8285,Erica Fox,paul46@gmail.com,579-458-7768,2022-02-03,57,Other,Port Ericbury
8286,Amber Prince,trevordickerson@gmail.com,725-517-2378,2023-03-12,47,Other,North Andrewview
8287,Debra Wells,jonesjim@gmail.com,323-431-0535,2024-04-06,60,Other,North Luisland
8289,Frank Ford,hunter66@gmail.com,673-940-1657,2024-04-06,24,Male,Port Gregory
8290,Joan Smith,jmann@gmail.com,481-816-6309,2023-11-19,59,Female,Lake Janetchester
8291,Mr. Trevor Johnson,carrjoshua@gmail.com,342-995-3228,2023-08-18,60,Female,East Lisa
8292,Nicholas Potter,gabrielle55@gmail.com,408-674-6035,2020-10-21,62,Female,Joshuabury
8293,Chase Lawrence,julie98@gmail.com,452-780-7620,2022-08-22,29,Female,Port John
8294,Alec Smith,cjohnson@gmail.com,506-743-3343,2020-05-12,49,Other,Justinport
8295,Erin Payne,qgallegos@gmail.com,988-390-1948,2020-10-06,19,Male,East Michelle
8296,Samantha Hahn,donald47@gmail.com,411-225-1896,2021-10-01,21,Female,New Jacob
8297,Deborah Chapman,jpeterson@gmail.com,330-482-4897,2024-09-09,60,Female,New Mikeville
8298,Kevin Harrison,josephkimberly@gmail.com,442-435-8283,2020-11-06,33,Male,Paulaberg
8299,Ronald Whitaker,dustinharris@gmail.com,469-818-6944,2020-01-30,64,Other,Shawnview
8300,Sophia Kim,wardwilliam@gmail.com,960-552-5546,2024-01-31,18,Other,New Sabrinaberg
8301,Barry Perez,mia82@gmail.com,449-564-0083,2024-08-17,35,Other,Lake Mary
8302,Jennifer Webb,loripage@gmail.com,317-223-5542,2020-12-27,65,Other,Lake Melanieport
8303,Kimberly Riggs,rodriguezwilliam@gmail.com,292-673-7347,2022-07-13,32,Female,Crystalbury
8304,Hunter Johnson,nataliedavis@gmail.com,222-779-8889,2023-08-08,59,Other,Hodgesmouth
8305,Katie Reyes,jessicahicks@gmail.com,955-402-7754,2022-12-28,57,Female,Hayneshaven
8306,Troy Delgado,stevenespinoza@gmail.com,745-832-2521,2021-05-11,19,Female,Robertmouth
8307,Ryan Le,escobaremily@gmail.com,514-546-4843,2020-04-16,41,Male,Gentryborough
8308,Emily Garcia,norrisdonna@gmail.com,712-207-3435,2020-11-11,25,Male,Robinborough
8309,Theresa Quinn,cindy66@gmail.com,869-615-8894,2021-03-30,44,Male,Carrollport
8310,Amanda Jackson,thompsonvictoria@gmail.com,887-980-6561,2021-09-02,38,Other,Susanmouth
8312,David Gomez,larry32@gmail.com,478-411-3760,2024-03-23,56,Male,Lake Anthonyton
8314,Suzanne Hoffman,lbranch@gmail.com,202-742-2039,2024-01-15,35,Female,North Jamesfort
8315,Vicki White,iwarren@gmail.com,904-385-4410,2024-06-20,47,Male,Lake Jamieport
8316,Matthew Ayers,carolyn67@gmail.com,230-863-9858,2021-05-07,60,Other,North Elizabeth
8318,Ashley White,william91@gmail.com,727-859-1937,2021-04-22,31,Male,East Melissa
8319,John Chambers,lroberts@gmail.com,620-317-8082,2020-08-23,57,Female,Stephanieview
8320,Gabriel Nichols,brooke58@gmail.com,637-745-5373,2023-06-30,58,Female,Cindyshire
8321,Linda Harvey,davisdestiny@gmail.com,770-735-6664,2023-09-09,53,Male,North Nicole
8322,Sean Christensen,david68@gmail.com,849-575-1113,2020-08-19,41,Other,Josephview
8323,Gary Sanders,baxterjeffrey@gmail.com,976-877-4948,2020-03-01,64,Male,Jodishire
8324,Julie Mills,ejennings@gmail.com,532-696-0816,2024-04-25,32,Other,Lake Coryview
8325,Caitlin Gutierrez,jason18@gmail.com,267-295-5919,2022-09-05,44,Other,Wilsonland
8326,Marvin Jackson,susanross@gmail.com,738-512-7355,2024-02-26,28,Male,Lake Leslie
8327,Christine Schmidt,briannawilliams@gmail.com,915-909-8486,2020-06-25,32,Other,Kennethview
8328,Derrick Barber,williamswilliam@gmail.com,701-659-9789,2024-03-17,52,Male,Port Ryanstad
8329,Jasmine Price,landrytasha@gmail.com,328-324-0060,2024-01-16,34,Male,Lake Nathan
8330,Rebecca Cannon,jessicanelson@gmail.com,692-799-6505,2023-08-08,20,Male,Lozanoshire
8331,Thomas Wheeler,robertscott@gmail.com,576-943-5321,2024-10-02,27,Male,North Jaredbury
8332,Janet Lindsey,angelica75@gmail.com,647-965-4083,2022-10-12,46,Female,Port Joan
8333,Brian Austin,williamsgrace@gmail.com,889-728-6376,2023-11-14,57,Other,Villegasfort
8334,Lauren Thompson,qayala@gmail.com,919-760-3182,2021-11-20,22,Female,New Brett
8335,Roberta Brock,herringdaniel@gmail.com,567-918-1963,2020-07-17,63,Other,Alyssahaven
8336,Michelle Hendrix,bcollins@gmail.com,303-632-2075,2021-04-04,56,Other,Kellerfurt
8337,Patricia Williams,myersjonathan@gmail.com,441-993-1858,2021-08-05,62,Other,Kayleefort
8338,Kimberly Walsh,dalton05@gmail.com,473-263-4698,2024-01-19,36,Other,Lake Vanessa
8339,Glenn King,rosejorge@gmail.com,413-969-8139,2022-03-21,39,Other,Estesstad
8340,Alyssa Bowen,parkermanuel@gmail.com,648-926-3628,2024-06-22,62,Female,East Kevinberg
8342,Anthony Olson,tmendoza@gmail.com,206-795-8934,2024-09-21,35,Female,New Gregory
8343,Bryan Newman,codyrodriguez@gmail.com,844-951-3970,2024-03-05,60,Female,South Wendy
8344,John Fischer,brianfisher@gmail.com,772-238-4484,2021-01-05,41,Female,North Erik
8345,Stephanie Ortega,elowe@gmail.com,672-901-0282,2022-05-02,49,Male,Michaelborough
8346,Abigail Schmidt,ubryant@gmail.com,393-832-9016,2020-08-21,18,Female,Lake Christopherbury
8347,Makayla Brown,angela42@gmail.com,691-397-2516,2023-01-10,50,Other,East Ericfurt
8348,Laura Roberts,zachary90@gmail.com,418-383-9322,2022-07-09,61,Female,Sarahfurt
8349,Matthew Rangel DDS,cwilson@gmail.com,729-528-3718,2022-07-13,53,Other,East Jenniferburgh
8350,Cynthia Taylor,josephrodriguez@gmail.com,901-451-2871,2022-09-16,31,Male,Lake Timothy
8351,Crystal White,meagan51@gmail.com,540-520-1600,2023-06-17,43,Male,Freemanton
8352,Amy Case,phamsean@gmail.com,737-911-6558,2022-08-29,38,Female,East Stacyfurt
8353,Brandon Allen,smithrebecca@gmail.com,653-742-0545,2024-02-02,29,Female,North Brian
8355,Jerome Diaz,melissamorgan@gmail.com,637-546-0106,2024-05-04,35,Other,New Nathaniel
8356,Daniel Shields,ufigueroa@gmail.com,337-337-1110,2024-08-05,58,Male,Juanborough
8357,Alejandro Gonzalez,troyedwards@gmail.com,373-533-9225,2020-07-28,38,Female,Brentfort
8358,Jessica Williams,moonkevin@gmail.com,550-903-4719,2023-09-05,29,Other,Angelaside
8359,Joshua Hughes,jdavis@gmail.com,368-612-7634,2022-07-22,18,Female,East Nancy
8360,Cheryl Horne,keithtaylor@gmail.com,503-349-4553,2020-08-31,65,Female,Costachester
8361,Tammy Haynes,skrueger@gmail.com,254-451-7431,2020-02-22,60,Male,Robertsfurt
8362,Kelly White,brownvalerie@gmail.com,618-591-0026,2022-10-08,56,Female,New Lisa
8363,Michael Smith,deborahflores@gmail.com,655-738-3787,2022-03-15,58,Other,North Elizabeth
8364,Heather Cook,elarson@gmail.com,841-959-9936,2020-08-22,57,Female,Marthaborough
8365,Jennifer Jacobson,dgonzalez@gmail.com,289-230-0960,2024-04-04,56,Male,Tonyton
8366,Erin Mccormick,bradleytate@gmail.com,237-279-6768,2020-04-11,52,Other,Reidfurt
8367,Michelle Garcia,stephenvelasquez@gmail.com,386-472-0636,2020-09-28,37,Female,North Albert
8368,Danielle Morales,jonesjulie@gmail.com,433-672-3143,2020-05-05,55,Male,Doylebury
8369,Vincent Hernandez,camachojacob@gmail.com,455-665-3328,2021-07-13,18,Other,East Claytonbury
8370,Tony Richmond,andrew56@gmail.com,233-674-0351,2021-01-23,60,Other,Dennischester
8371,Glenda Harris,brenda77@gmail.com,609-504-8640,2020-05-13,40,Female,New Davidfort
8372,Joshua Gutierrez,annesmith@gmail.com,351-210-4593,2024-02-02,55,Female,Lake Heidi
8373,Christine Cook,charles75@gmail.com,849-565-7838,2022-05-15,34,Female,North Julie
8375,Shaun Clark,markmoore@gmail.com,593-970-9362,2020-04-11,56,Female,East Courtneyside
8376,Christopher Moody,gharrington@gmail.com,335-468-8910,2020-01-06,62,Female,Laurenport
8377,Benjamin Mathis,laura46@gmail.com,654-501-5350,2020-06-13,41,Other,Boydville
8379,Kelly Green,eric58@gmail.com,948-727-6561,2024-01-27,32,Female,North Ann
8380,Jeffrey Obrien,stacy33@gmail.com,598-796-9926,2022-01-08,56,Other,Bestberg
8381,Ryan Wolfe,gibsonchristopher@gmail.com,944-463-8962,2023-10-20,54,Female,Scottport
8382,Julie Fisher,rtran@gmail.com,965-506-7232,2022-12-09,59,Male,North Jamesside
8383,Amy Owens,anthonyschaefer@gmail.com,390-472-1221,2020-05-06,22,Female,Hillburgh
8384,Jaime Kelly,qarmstrong@gmail.com,788-388-4283,2020-09-10,40,Female,New Benjamin
8385,Spencer Hoover,paul76@gmail.com,224-762-9693,2024-06-11,47,Female,East Christina
8386,Rebecca Graves,josesosa@gmail.com,580-881-2546,2022-03-06,32,Male,West Dianetown
8387,Sandra Green,karagutierrez@gmail.com,855-883-2056,2020-09-22,32,Other,Port Samuelshire
8388,Heather Hernandez,michael10@gmail.com,593-498-1779,2020-04-14,28,Male,Tiffanyfort
8389,Stephanie Hartman,april81@gmail.com,334-743-8730,2021-01-23,32,Male,Hollyfort
8390,Nicole Richards,lroberts@gmail.com,344-829-2670,2020-11-15,32,Other,North Paulport
8391,Scott Rodriguez,ecook@gmail.com,294-926-9303,2020-10-16,27,Female,North Evan
8392,Allison Martin,saraboyd@gmail.com,971-575-7952,2024-01-04,18,Male,Christopherville
8393,Sydney Newman MD,jamesheather@gmail.com,769-429-7500,2022-03-11,51,Other,Lake Jacobberg
8394,Shannon Chen,katelyn56@gmail.com,881-698-0455,2022-10-03,52,Female,Port Brandonview
8395,Kimberly Booth,richardhenson@gmail.com,421-313-4945,2024-07-05,20,Other,West Jeffrey
8396,Richard Johnson,alyssapatel@gmail.com,350-931-6410,2023-09-06,24,Male,West Tina
8397,Gene Ramsey,chenraymond@gmail.com,900-337-8547,2024-09-18,35,Male,South Eric
8398,Karen Smith,ijones@gmail.com,566-896-8976,2021-09-27,39,Other,New Kimberly
8399,Paul Valentine,olsonkayla@gmail.com,749-311-2921,2021-09-20,58,Other,New Vanessa
8400,Andrew Cook,powellmakayla@gmail.com,218-680-3733,2020-09-27,46,Female,Tamaramouth
8401,Mr. Juan Nguyen MD,jonathan21@gmail.com,379-903-4080,2020-07-13,28,Female,North Brian
8402,Sherri Camacho,valeriemcdonald@gmail.com,368-506-9131,2020-06-01,21,Other,Port Brian
8403,Patricia Peterson,david93@gmail.com,524-647-8968,2022-01-01,57,Other,South Virginia
8404,Dale Wilson,johnsonthomas@gmail.com,337-243-2400,2023-02-01,22,Other,Crystalmouth
8405,Deborah Robertson,nicholsbrian@gmail.com,740-406-3502,2024-02-14,49,Female,Kimberlyburgh
8406,Joshua Carter,charlesrivera@gmail.com,691-768-3997,2023-11-15,27,Other,Christopherfort
8407,Brian Navarro,awebb@gmail.com,402-746-9273,2022-12-10,56,Male,Craigview
8408,James Butler,kennethcampos@gmail.com,239-890-4795,2020-05-10,21,Other,East Erikastad
8409,Jason Brady,jallen@gmail.com,356-974-1013,2020-05-28,45,Other,Lake Peggy
8410,Ryan Miller,whiteshannon@gmail.com,213-389-7227,2022-04-24,62,Other,Charlesstad
8411,Hannah Smith,zharding@gmail.com,406-240-1842,2022-06-19,63,Male,Katherinehaven
8412,Angela Carpenter,andrewscott@gmail.com,494-421-0403,2022-05-11,47,Male,South Ericmouth
8413,Mr. Charles Roberts,wilsonjohn@gmail.com,458-302-4969,2023-04-27,42,Male,West Ann
8415,Phillip Melendez,richard93@gmail.com,561-834-8617,2023-06-25,21,Other,Port Ericamouth
8416,Michael Roach,matthew83@gmail.com,398-267-0173,2020-06-13,22,Female,New Matthew
8417,Martha Hunt,hhood@gmail.com,671-932-6538,2022-07-05,18,Female,Roberttown
8418,Joy Gutierrez,cheyennelawrence@gmail.com,353-925-2087,2022-06-25,45,Female,Pearsonstad
8419,Mrs. Rebecca Key,calvindavid@gmail.com,505-233-5382,2024-05-18,63,Female,New Cristinaview
8420,Paul Hughes,amanda71@gmail.com,903-958-8141,2021-05-14,40,Male,Phillipston
8421,Derrick Baldwin,erobinson@gmail.com,815-824-2958,2020-11-29,19,Other,Jakemouth
8422,Jennifer Davis,deborah69@gmail.com,419-358-7967,2022-10-20,43,Male,New Jenniferton
8423,Elizabeth Mora,qwilliams@gmail.com,562-633-6879,2023-03-30,42,Other,New Robertfurt
8424,Rebecca Gonzales,burkeallison@gmail.com,903-443-9023,2024-02-21,25,Male,Jamesland
8425,Grant Colon,deborah07@gmail.com,704-266-8612,2024-05-02,51,Female,New Wesley
8426,Samantha Salinas,jhale@gmail.com,794-582-8080,2024-08-08,52,Male,North Alexis
8427,Kara Burns,travisrobertson@gmail.com,500-788-2023,2020-03-05,65,Other,South Shirley
8428,Alexander Sandoval,carrolljill@gmail.com,319-931-6783,2022-06-10,28,Female,Hardingville
8429,Emily Henderson,jason73@gmail.com,829-954-9794,2020-01-25,59,Male,Cordovamouth
8430,Brett Mcgee,rachelfowler@gmail.com,496-362-0278,2022-08-06,18,Other,Port Janetville
8431,Alejandra Williams,matthew25@gmail.com,665-337-1978,2023-08-30,34,Other,Allenside
8432,Natalie Christensen,robinsonmichele@gmail.com,988-993-8592,2020-05-06,44,Other,Dianaberg
8433,Lisa Sims,wooddonna@gmail.com,877-554-8273,2024-03-11,64,Female,Thomasbury
8434,Miranda Mccullough,rebecca10@gmail.com,255-455-6311,2022-09-05,21,Female,Cooleychester
8435,Kathleen French,sampsondouglas@gmail.com,727-202-5933,2021-01-10,36,Other,Bushport
8436,Angela Garcia,shepherdmichael@gmail.com,416-455-4068,2020-01-20,50,Male,West Johnshire
8437,Samantha Moore,markhammond@gmail.com,838-416-4870,2020-09-12,60,Other,Guerrafort
8438,Dawn Gordon,sabrinaporter@gmail.com,841-380-1896,2021-09-22,27,Other,Angelaberg
8439,Courtney Humphrey,christophertrujillo@gmail.com,525-697-2519,2023-08-29,37,Female,Michelleton
8440,Tracy Stewart,kbarnett@gmail.com,745-234-4830,2021-02-06,33,Male,Port Stevenville
8441,Christine Chapman,samuel34@gmail.com,273-599-0133,2021-05-22,21,Male,Lake Matthew
8442,Autumn Meyer,turnertracy@gmail.com,993-534-8896,2020-09-18,34,Female,Julietown
8443,Andrew Ingram,thomas89@gmail.com,297-507-0375,2022-04-16,62,Female,East Jamesside
8444,Margaret Lee,danieldougherty@gmail.com,542-395-2832,2023-05-20,44,Other,New Sarafort
8445,Julia Turner,smithdavid@gmail.com,554-953-7098,2021-01-06,44,Other,Jamesside
8446,Jordan Allen,martha63@gmail.com,302-717-2091,2024-08-08,42,Female,Port Aprilhaven
8447,Jessica Luna,ericobrien@gmail.com,553-943-0797,2021-12-04,30,Other,Jefferyfort
8448,Joseph Smith,cbrown@gmail.com,766-422-8819,2020-07-23,28,Male,South Michael
8449,Tracie Williams,bmartin@gmail.com,820-310-7488,2022-11-02,44,Female,Sparksmouth
8450,Jose King,doughertybrittney@gmail.com,410-461-8403,2021-06-25,27,Female,Kerryport
8451,John Boyd,pkoch@gmail.com,201-704-6221,2023-09-23,20,Male,East Craigtown
8452,Dylan Goodman,davidmunoz@gmail.com,970-691-6179,2022-06-27,44,Other,North Ashleyton
8453,Natasha Moore,rlittle@gmail.com,605-630-8462,2022-10-21,64,Male,Cassandraview
8454,Christopher Spencer,uberry@gmail.com,203-839-3043,2021-09-13,30,Male,Thomasland
8455,Cynthia Molina,felicia18@gmail.com,649-816-3407,2022-06-16,42,Other,Jamesview
8456,Jennifer Olsen,jonesmichael@gmail.com,783-696-0104,2022-03-27,23,Other,Lake Jenna
8457,Tiffany Edwards,sjones@gmail.com,691-201-4187,2021-02-14,61,Female,Port Thomasside
8458,Caroline Estrada,troy36@gmail.com,484-276-0110,2021-02-07,27,Male,Curtistown
8460,Benjamin Carter,gcontreras@gmail.com,839-583-2176,2024-10-02,47,Female,North Joshuafurt
8461,Kimberly Mendez,patricia88@gmail.com,572-884-4213,2021-03-20,28,Female,West Sara
8462,Ashley Bates,bartlettdebra@gmail.com,940-240-1390,2020-04-07,59,Female,South Christopherfurt
8463,Desiree Little,paynetamara@gmail.com,449-909-8291,2021-11-08,39,Female,New Rodney
8464,Kayla Harrington,tracy75@gmail.com,775-394-5672,2021-02-18,44,Female,East Samantha
8465,Crystal Nelson,angela28@gmail.com,543-635-4222,2023-12-09,64,Other,Harttown
8466,Philip Watson,stephanie34@gmail.com,957-378-4711,2021-07-13,63,Female,Parsonsside
8467,Trevor Pham,angela41@gmail.com,880-356-8259,2021-01-03,50,Male,Lake Colleen
8468,Dana Perez,ortizwilliam@gmail.com,874-687-5335,2023-04-25,58,Female,North Kathrynberg
8470,Cynthia Schultz,troydaugherty@gmail.com,540-825-2463,2023-11-29,24,Other,Floreschester
8471,Robert Williams,emilybaxter@gmail.com,985-767-9205,2024-03-23,33,Male,South Harryland
8472,Evelyn Brown,danny86@gmail.com,586-490-1591,2022-10-17,18,Male,Port Emmamouth
8473,Derek Lowe,nicholas43@gmail.com,384-537-0213,2021-07-05,57,Female,Collinsbury
8474,Jamie Parks,emily94@gmail.com,670-759-4562,2022-12-14,20,Female,Beckerborough
8475,Matthew King,fcarrillo@gmail.com,598-538-2716,2020-02-28,57,Male,South Ashleyside
8476,Samuel Murray,bruceholly@gmail.com,528-246-2999,2023-04-07,45,Other,North Christopher
8477,Denise Thompson,christineshepard@gmail.com,784-220-3271,2024-07-25,26,Female,Allenton
8478,Arthur Horton,annadeleon@gmail.com,834-904-0267,2021-10-25,26,Other,Edwardsside
8479,Heather Wallace,ortizkevin@gmail.com,869-565-7753,2022-08-05,31,Male,East Edwinfurt
8480,Carlos Weber,eric44@gmail.com,426-975-3418,2024-03-27,35,Male,West Rickyport
8481,Christopher Flowers,elijahvargas@gmail.com,805-417-3389,2021-09-02,33,Male,Port Katie
8482,Eduardo Oneill,yharris@gmail.com,204-925-1518,2022-06-22,64,Female,Rodriguezstad
8484,Vicki Jackson,christine32@gmail.com,837-418-0826,2024-06-18,25,Female,Reynoldstown
8485,Devin Roach,huangethan@gmail.com,689-692-2510,2023-09-11,27,Female,Rosemouth
8486,Philip Cooper,bsantos@gmail.com,830-687-4618,2022-04-24,49,Other,South Richardfort
8487,Deanna Davis,sbrooks@gmail.com,592-660-0589,2021-05-04,26,Male,Stanleystad
8488,Janice Diaz,brandon67@gmail.com,269-460-2405,2023-06-04,54,Male,Robinland
8489,Barbara Nixon,qbruce@gmail.com,973-474-3339,2022-09-25,56,Male,New Juliaview
8490,Julie Hancock,scottbradley@gmail.com,702-682-2819,2021-02-14,42,Other,Port Jennifer
8491,Brian Krueger,codyscott@gmail.com,311-854-2877,2022-10-14,61,Female,New Dawn
8492,Nathan Kelly,stephen12@gmail.com,938-322-3198,2020-05-13,32,Other,Port John
8493,Brandon Beasley,krystalbrewer@gmail.com,368-458-2618,2022-08-31,30,Male,Sabrinafurt
8494,Stephanie Jones,natalie79@gmail.com,480-543-8790,2024-04-29,63,Other,West Bradleyland
8495,Samuel Burns,schultzstephanie@gmail.com,921-512-7285,2022-11-05,48,Female,Michaelstad
8496,Connie Rose,jacqueline42@gmail.com,831-709-9893,2022-04-28,25,Male,Bradfort
8497,Denise Rosario,katelyn92@gmail.com,753-826-3044,2021-05-01,47,Male,Michaelmouth
8498,Mary Smith,helenrich@gmail.com,418-283-0313,2022-10-04,51,Female,New William
8499,Jeffrey Huffman,thomaspennington@gmail.com,762-902-8695,2023-05-07,49,Other,South Diane
8500,Kelly Dickson,robertfrazier@gmail.com,752-524-3447,2023-08-14,30,Male,Mikefort
8501,Andrea Miller,reginacain@gmail.com,459-601-7464,2020-11-18,32,Male,Lisaside
8502,Luis Wong,quinnlaura@gmail.com,864-838-1658,2024-08-24,53,Male,East Robert
8503,Lori White,grace76@gmail.com,507-708-6898,2021-09-21,55,Male,Lake Rebeccaview
8504,Amanda Lawrence,logannathan@gmail.com,433-853-8084,2024-02-14,34,Female,West Richardbury
8505,Jennifer Weaver,ramirezphillip@gmail.com,802-499-3979,2023-10-01,62,Male,Brittanyfurt
8506,Steven Hall,spencerdavis@gmail.com,420-795-4922,2021-02-26,35,Female,Jasmineport
8507,Justin Young,jeremywilson@gmail.com,694-793-6424,2020-12-31,25,Other,Michaelchester
8508,Mark Fernandez,amybarnett@gmail.com,716-636-2390,2024-08-30,34,Female,Hawkinsmouth
8509,Heidi Miller,mpeterson@gmail.com,823-727-1015,2020-08-19,23,Female,Robynburgh
8510,Traci Wolfe,wallkatie@gmail.com,452-209-0781,2021-04-27,29,Other,New Matthewview
8511,Wyatt Meza,scottolson@gmail.com,798-852-3640,2023-10-04,45,Male,East Linda
8512,Lisa Lamb,staceyburns@gmail.com,401-882-1307,2020-11-02,41,Other,Perryville
8513,Tammy Andersen,wferguson@gmail.com,421-575-7467,2021-03-06,55,Female,West Gregory
8514,Michele Boone,brewerdana@gmail.com,985-509-5132,2023-08-15,24,Male,Gambleborough
8516,Christopher Miller,ashleyhoover@gmail.com,673-513-5915,2021-07-18,50,Other,Morrowtown
8518,Vanessa Kelly,nicole72@gmail.com,425-824-9274,2020-08-16,38,Female,Tiffanyside
8519,David Turner,michaeljacobs@gmail.com,466-480-8713,2022-07-30,20,Male,Danielstad
8520,Joseph Peters,zsosa@gmail.com,992-659-5740,2020-05-30,34,Male,North Lukeberg
8521,Ashley Henry,duanekirby@gmail.com,834-315-5045,2020-09-28,25,Other,South Jasmine
8522,Krista Andrews,kirkluis@gmail.com,493-582-6724,2020-01-13,46,Other,West Danielle
8523,Darius Hardy,felicia27@gmail.com,548-992-6558,2023-12-07,29,Other,New Nathanbury
8524,Mark Watson,melissarose@gmail.com,755-796-9666,2022-10-19,22,Male,Leontown
8525,Kyle Garcia,hudsonsean@gmail.com,505-552-0317,2022-03-25,28,Female,Christon
8526,Cindy Warner MD,erinmurphy@gmail.com,519-229-7868,2020-01-26,26,Male,West Debra
8527,Daniel Howell,stokesmonique@gmail.com,231-890-8455,2021-01-05,45,Female,Danieltown
8528,Ronald Miller,jacqueline90@gmail.com,694-325-8926,2023-03-17,21,Female,Ryanchester
8529,Angelica Maxwell,jessicahughes@gmail.com,723-918-0282,2023-09-22,53,Other,Masonstad
8530,Austin Palmer,jeffrey67@gmail.com,224-222-9405,2020-02-11,33,Other,West Megan
8531,Melissa Lambert,erica42@gmail.com,926-567-0206,2020-05-12,27,Female,Jeffreyberg
8532,Christian Morrison,imoreno@gmail.com,738-347-6109,2022-06-27,38,Male,Oliviashire
8533,Collin Smith,acohen@gmail.com,685-603-0045,2022-07-28,40,Female,South Monique
8534,Peter Whitehead,ocampbell@gmail.com,588-201-9884,2023-09-18,59,Female,Lake Sarahchester
8535,Lindsey Fisher,joellewis@gmail.com,434-207-1960,2022-03-30,19,Male,East Morgan
8536,George Burch,wfisher@gmail.com,848-391-9002,2022-04-22,52,Female,Saraton
8537,Tiffany Johnson,davisdavid@gmail.com,673-939-2087,2022-08-06,60,Male,Turnerville
8538,Deborah Smith,elizabeth02@gmail.com,908-821-0740,2024-07-10,43,Other,Sullivanland
8539,Jason Jones,reyesdaniel@gmail.com,444-665-5065,2024-05-04,19,Male,Bonniehaven
8540,Debra Stone,scruz@gmail.com,788-821-8944,2023-01-27,27,Other,West Barbarachester
8541,Nathan Silva,devinbernard@gmail.com,728-648-1510,2023-10-10,58,Other,Kellymouth
8542,Madeline Mccarthy,holly08@gmail.com,686-654-9433,2021-07-25,32,Other,Kelseyborough
8543,Eric Baldwin,yhicks@gmail.com,992-520-0413,2021-03-04,60,Other,New Justin
8544,Tiffany Sutton,wgarcia@gmail.com,210-619-9243,2020-07-30,34,Male,North Amanda
8545,Michael Duncan,melissaburgess@gmail.com,277-325-7032,2020-03-29,31,Male,South Daniel
8546,Miguel Burns,lpaul@gmail.com,356-201-9280,2020-04-17,27,Male,Juliaberg
8548,Kimberly Hughes DDS,pamela97@gmail.com,448-296-6549,2021-09-14,49,Other,North Nicole
8549,Marc Williams,harveytimothy@gmail.com,205-602-0660,2024-01-20,61,Other,Kimland
8550,Madeline Day,michaelbartlett@gmail.com,362-744-4571,2024-04-20,45,Female,Andersonshire
8551,Olivia Huerta,kristy39@gmail.com,373-782-8531,2021-10-06,50,Male,Port Michael
8552,James Erickson,anthony60@gmail.com,726-776-2463,2020-01-26,33,Male,Brandonfurt
8553,Maria Kelly,jennifer19@gmail.com,270-389-1967,2022-08-08,23,Female,Stacytown
8554,Aaron Harrison,james17@gmail.com,475-826-4757,2022-07-11,35,Other,South Savannahview
8555,Anthony Bullock,emilyarellano@gmail.com,896-220-3354,2022-03-21,44,Other,New Davidfort
8556,Susan Lee,fsmith@gmail.com,589-346-1380,2020-09-15,37,Female,West Mary
8557,Carolyn Harmon,stephaniemoore@gmail.com,698-367-9592,2021-12-11,40,Male,Lake Kimberlychester
8558,Michael Estrada,jsalazar@gmail.com,357-729-4508,2020-09-20,49,Other,New Terri
8559,Lisa Curtis,hernandezteresa@gmail.com,364-945-8909,2020-04-29,43,Female,Burchhaven
8560,Megan Ortega,jessica52@gmail.com,438-833-5786,2020-12-27,24,Other,Morrowburgh
8561,Shannon Munoz,watsonjanice@gmail.com,291-914-3408,2022-07-18,42,Other,Willismouth
8563,Erin Gillespie,katelyncurtis@gmail.com,312-453-9527,2024-06-25,35,Female,West Joshua
8564,Marcus Washington,barnesdaniel@gmail.com,385-660-3557,2022-12-10,58,Male,Heathermouth
8565,Jacqueline Hardy,donnamorgan@gmail.com,889-989-9206,2024-01-08,40,Male,Omarborough
8566,Joseph Harrell,joseph62@gmail.com,735-793-7777,2023-05-21,49,Male,New Sarah
8567,Danielle Logan,sextonlisa@gmail.com,804-862-6739,2023-10-23,36,Male,Mauriceburgh
8568,Jose Flores,carmen78@gmail.com,600-490-5162,2021-10-06,31,Female,Jenniferborough
8569,Alan Griffin,kennethlopez@gmail.com,356-502-3997,2022-02-22,28,Female,Laurenburgh
8570,Christina Greene,amandadavis@gmail.com,935-814-8205,2020-01-14,45,Other,New Katelynshire
8572,Ashley Drake,grayemily@gmail.com,792-929-3110,2021-03-15,42,Female,Lake Lindastad
8573,Jenny Hood,mguerrero@gmail.com,571-958-7253,2023-12-16,59,Female,West Williamburgh
8574,Philip Jones,johnmason@gmail.com,391-200-6117,2021-02-05,47,Other,Ashleyside
8575,Tony Howard,jeremy92@gmail.com,851-947-0054,2022-09-11,64,Other,Lake Lindaberg
8576,Dana Lewis,stephen91@gmail.com,265-938-0671,2024-03-23,23,Other,East Jacob
8577,Jamie Mejia,maddenkelly@gmail.com,705-446-4741,2024-04-16,38,Female,Port Jasonton
8578,Matthew Long,ywashington@gmail.com,292-922-1778,2020-09-19,35,Female,Karimouth
8579,Joy Lester,griffincynthia@gmail.com,386-510-9886,2022-03-25,45,Male,Dianetown
8580,Bill Summers,tracy99@gmail.com,863-731-7529,2022-09-30,19,Female,Stephensonmouth
8581,Crystal Price,hcarroll@gmail.com,366-656-7790,2021-02-01,44,Male,Nancyfurt
8582,Cameron Stone,deborah92@gmail.com,-10-693-,2021-11-01,48,Male,Port Shane
8583,Thomas Welch,kellysparks@gmail.com,611-967-9851,2024-07-05,24,Female,East Kari
8584,Kristina Frederick,barbara66@gmail.com,516-583-6852,2021-02-14,50,Female,West Heatherton
8585,Omar Griffin,jayvelasquez@gmail.com,520-616-7545,2021-10-09,48,Female,Hendersonberg
8586,Tina Foster,burgessjulia@gmail.com,612-280-7516,2024-03-17,29,Female,Port Katherinestad
8587,Richard Joseph,karcher@gmail.com,701-568-7380,2020-01-02,55,Female,Kingmouth
8588,Donald Hughes II,joseph53@gmail.com,769-461-5430,2024-08-01,44,Female,East Gary
8589,Amber Woods,justin86@gmail.com,317-876-5719,2023-11-02,43,Female,East Karenport
8590,Gabriela Powell,boylericardo@gmail.com,544-316-9685,2024-07-28,24,Female,Lake Michelle
8591,Matthew Webb,aviladonna@gmail.com,548-214-1088,2021-06-05,36,Other,Robertsonville
8592,Robert Harrell,jeremy02@gmail.com,649-386-8679,2023-03-09,54,Female,Powersmouth
8593,Sean Chavez,kaylabowers@gmail.com,801-635-4449,2021-07-21,31,Female,New Pamela
8594,Teresa Lee,laura50@gmail.com,544-995-9406,2022-12-19,25,Female,Jessicamouth
8595,Nicholas Bridges,larrywilson@gmail.com,939-786-1466,2021-04-15,38,Female,New Shannonhaven
8596,Elizabeth Lawrence,pattonrichard@gmail.com,394-789-5556,2020-06-25,43,Female,South Joseph
8597,Jason Nelson,michaelwilliams@gmail.com,577-810-3522,2021-12-22,26,Other,Nuneztown
8598,Amy Davis,jason03@gmail.com,846-919-4508,2022-01-17,34,Male,North Sabrina
8599,Donald Owen,rsmith@gmail.com,615-567-2160,2021-06-02,32,Male,Lake Shannonburgh
8602,Robert Smith,levans@gmail.com,952-935-0609,2024-06-06,54,Female,Bergfort
8603,Julie Ponce,wwood@gmail.com,813-677-9887,2020-06-27,59,Female,East Maureentown
8604,Andrea Phillips,mpreston@gmail.com,529-541-4632,2023-05-29,21,Male,North Maryshire
8605,Jared Alexander,lvelasquez@gmail.com,264-774-0750,2023-03-17,65,Other,Kirbyton
8606,Benjamin Gonzales,joannasalazar@gmail.com,560-855-2862,2022-05-05,59,Female,Kennedyberg
8607,Daniel Carson,normanlee@gmail.com,517-710-2127,2023-01-24,25,Other,East Lisaborough
8608,Benjamin King,tony09@gmail.com,831-767-9710,2021-11-19,37,Male,East David
8609,Julia Hall,michael74@gmail.com,748-584-5196,2021-12-09,50,Other,South Matthewburgh
8610,Shawn Melton,hensleykathryn@gmail.com,520-927-8322,2020-08-13,62,Male,Delgadochester
8611,James Jennings,michaelgates@gmail.com,728-981-2629,2020-03-07,27,Female,Fullerburgh
8612,Larry Logan,pbridges@gmail.com,354-785-0262,2022-09-19,45,Male,East Mariamouth
8613,Andrea Campbell,jonesvincent@gmail.com,433-947-5587,2024-03-08,36,Other,New Stephanie
8614,Darren Taylor,masonnatalie@gmail.com,982-750-5602,2023-04-15,25,Female,South Marcustown
8615,Richard Thompson,cannontina@gmail.com,360-537-2546,2024-03-18,51,Male,Jorgeshire
8616,Bonnie Paul,johnsonangela@gmail.com,428-903-6067,2024-09-03,52,Other,Tyronetown
8617,Crystal Ferguson,elizabeth24@gmail.com,574-465-9689,2022-09-25,41,Other,North Charles
8618,Elizabeth Colon,mary05@gmail.com,571-450-4937,2023-09-04,65,Male,North Sarah
8619,Martha White,brandonclayton@gmail.com,828-559-9229,2020-03-17,31,Other,North Vanessaport
8620,Lisa Lee,lalexander@gmail.com,567-372-4417,2023-04-19,59,Male,Williamsview
8621,Kimberly Jackson,crosario@gmail.com,286-998-8387,2022-05-13,41,Female,New Emily
8622,Lisa Moran,espinozadennis@gmail.com,364-697-8293,2020-02-05,48,Other,West Angela
8623,Richard Mata,caseybautista@gmail.com,667-228-2959,2020-01-25,56,Other,West Jenniferchester
8624,Debra Wolfe,wongjerry@gmail.com,986-978-4151,2022-02-02,65,Male,South Latashaport
8625,Renee Hicks,alexis75@gmail.com,774-315-0297,2022-08-24,20,Other,New Adrianfort
8626,Karen Jones,bgomez@gmail.com,580-585-9963,2020-03-12,32,Other,Johnbury
8627,Brian Rogers,kgarcia@gmail.com,305-681-4111,2023-11-26,51,Female,East Martin
8628,Jonathan Smith,stephaniearroyo@gmail.com,917-483-6308,2022-10-31,23,Male,North Garyfurt
8629,Richard Melton,burtonkaren@gmail.com,290-916-4591,2020-05-06,33,Other,Dawnfurt
8630,Virginia Adams,gpowers@gmail.com,643-279-3148,2022-08-09,60,Male,New Melissa
8631,Matthew Kennedy,galvanmark@gmail.com,843-660-9227,2021-10-30,32,Other,New Seanville
8632,Zachary Gilbert,daniel71@gmail.com,632-913-8580,2023-11-29,18,Other,Lake Tammyport
8633,Jack Henson,penachristopher@gmail.com,554-937-7965,2022-12-06,64,Male,Peterport
8634,Michael Bennett,lkelly@gmail.com,434-443-1307,2020-01-01,61,Female,West Peterton
8635,Kyle Frye,crawforddonald@gmail.com,967-297-9709,2021-08-23,34,Other,New Terri
8636,Linda Hughes,tuckerwilliam@gmail.com,705-280-5554,2022-05-15,57,Male,North Kaitlinfurt
8637,Erika Pitts DDS,ualexander@gmail.com,450-382-1289,2022-11-26,32,Female,Fernandezport
8638,Holly Nguyen,kwarner@gmail.com,466-970-7679,2024-04-18,24,Female,New Matthewborough
8639,Daniel Lynch,watsonrachel@gmail.com,326-268-1716,2024-03-05,59,Male,Suttonport
8640,Shannon Jennings,simmonsronald@gmail.com,890-447-3333,2023-04-16,42,Other,Lake Christineton
8641,David Lamb,iangonzales@gmail.com,407-777-3500,2023-03-19,28,Male,Lisaville
8642,Jean Potter,pittmanmercedes@gmail.com,921-992-0740,2022-01-17,54,Male,Hamiltonfort
8643,Devin Collins,sanchezmatthew@gmail.com,896-343-5587,2020-03-14,49,Female,Port Jonathanview
8644,Thomas Barber,garciaamanda@gmail.com,292-406-4104,2021-05-16,56,Female,Josephberg
8645,Heather Bradley,margaret00@gmail.com,910-406-7265,2022-11-01,50,Female,Ryanburgh
8646,Michael Carpenter,xwilliams@gmail.com,944-576-1701,2023-12-15,41,Male,Russellton
8647,Andrew Martinez,howardelizabeth@gmail.com,621-758-9823,2021-12-29,30,Male,Lake Andrewfort
8648,Andrew Spencer,melindavaughan@gmail.com,656-714-0353,2021-12-25,42,Male,New Cody
8649,Lisa Thompson,jrodriguez@gmail.com,439-548-4579,2024-09-13,45,Male,New Daniel
8650,Debra Johnson,stephanie70@gmail.com,285-394-1104,2024-03-24,38,Male,Kaitlinton
8651,Toni Gonzalez,frankjohnson@gmail.com,934-628-7276,2022-09-10,48,Other,Port Ronaldshire
8652,Sherry Wilson,shelly03@gmail.com,659-837-1732,2022-01-17,55,Male,Thomastown
8653,Melanie Cobb,uperez@gmail.com,583-335-3147,2023-04-12,62,Female,North Elizabethborough
8654,Christopher Jones,adamsjoy@gmail.com,433-398-9136,2021-11-19,53,Other,Johnside
8655,Jordan Young,mcmillankeith@gmail.com,623-719-4026,2020-07-04,27,Female,East Michaeltown
8656,Tyler Parker,fbaxter@gmail.com,549-409-1763,2023-12-16,39,Male,Port Kimberly
8657,Sandra Miller,kelly14@gmail.com,893-805-4727,2021-10-16,60,Other,Jameshaven
8658,Justin Brown,joseph67@gmail.com,980-406-5186,2023-06-24,44,Female,Barrettborough
8659,Kimberly Stewart,samuel62@gmail.com,742-981-6999,2022-06-22,32,Male,North Caleb
8660,Tara Bennett,joshua11@gmail.com,292-907-3621,2022-07-16,37,Male,North Catherineberg
8661,Evan Zuniga,matthewnorman@gmail.com,812-738-2290,2021-11-19,51,Female,Christophertown
8662,Jenna Gibbs,tsimmons@gmail.com,853-479-1425,2023-02-12,44,Female,West Bradleystad
8663,Debra Smith,carlamckay@gmail.com,871-280-5430,2024-04-11,21,Female,Zacharyshire
8664,Brittney Collins,brittany30@gmail.com,862-842-1620,2022-11-09,61,Female,Whitechester
8665,Joshua Hill,dwhite@gmail.com,443-497-4887,2021-02-28,44,Other,Cliffordbury
8666,Richard Pugh,johnporter@gmail.com,550-655-5163,2022-10-23,26,Male,Lake Jared
8667,Stephen Taylor,mcervantes@gmail.com,662-548-3851,2023-04-27,50,Other,Whitneyshire
8668,Robert Griffin,tiffany79@gmail.com,841-313-7951,2021-05-05,50,Female,Lake Sarahberg
8669,Norma Edwards,melinda64@gmail.com,942-210-3709,2020-08-12,26,Male,West Paul
8670,Mitchell Robinson,james40@gmail.com,903-528-3955,2024-01-05,21,Male,North Sarahfort
8671,David Bright,roberthughes@gmail.com,504-992-4742,2020-11-24,26,Other,Brendatown
8673,Daniel Bruce,debra89@gmail.com,527-256-3822,2021-04-16,45,Other,Lake Anna
8674,Brent Gould,danny25@gmail.com,807-456-0707,2022-08-23,60,Female,Spencerchester
8675,Jonathan Robertson,holtphillip@gmail.com,947-973-2254,2021-07-29,55,Other,Dennisstad
8676,Robert Oconnor,iwilliams@gmail.com,358-503-7930,2022-08-16,43,Other,New Kristinamouth
8677,Lacey Mcknight,debraskinner@gmail.com,660-640-0668,2024-03-10,61,Male,Aaronborough
8678,Debbie Young,mullinswilliam@gmail.com,481-860-8645,2023-02-14,64,Female,Marvinburgh
8679,Timothy Daugherty,obennett@gmail.com,564-653-3448,2023-11-13,46,Male,South Patrick
8681,Francisco Mcgee,kimberlywright@gmail.com,599-791-2400,2021-06-14,50,Male,East Laurenville
8682,Michael Keller,kerrystewart@gmail.com,473-206-4200,2021-09-07,51,Female,Melissaland
8683,Dr. Mathew Smith,steindavid@gmail.com,211-930-5156,2023-06-23,31,Female,Joanshire
8684,Scott Chapman,shawn93@gmail.com,750-876-5919,2023-05-09,60,Female,Nicholasborough
8685,Jose Fields,powellmarc@gmail.com,693-529-5424,2024-05-28,47,Other,New Heatherborough
8686,Jaime Ferguson,chadjohnson@gmail.com,308-341-4082,2023-02-17,38,Other,Christensenberg
8687,William Smith,hawkinsalexandra@gmail.com,878-927-8051,2021-10-06,63,Male,Lanestad
8688,Jane Martin,ksanders@gmail.com,220-204-4418,2022-07-12,18,Other,Butlershire
8689,Lynn Barrett DVM,leahburke@gmail.com,722-263-4497,2024-08-17,40,Female,Chenshire
8690,Katherine Salazar,qmartin@gmail.com,344-593-4339,2020-08-10,40,Other,North Justinburgh
8691,David Garcia,zjenkins@gmail.com,819-709-2805,2021-02-28,50,Female,North Amyborough
8692,Lisa Mcdaniel MD,rhondagraham@gmail.com,460-887-2289,2023-03-21,46,Female,Byrdhaven
8694,Karen Green,lisa23@gmail.com,509-702-8474,2021-05-04,18,Other,Daviesbury
8695,Javier Newton,dennis47@gmail.com,425-233-9664,2024-04-03,52,Other,Hoffmanhaven
8696,Kim Kline,taylorsean@gmail.com,562-890-1384,2021-06-20,59,Other,Lake Jamestown
8698,Joseph Robinson,katherine40@gmail.com,443-798-7275,2023-01-25,31,Male,West Charlesside
8700,Bryan Todd,brandy10@gmail.com,703-352-9737,2024-07-21,43,Male,East Patrickborough
8702,Andrea Owens,egardner@gmail.com,425-559-7881,2021-08-15,37,Male,West Robert
8703,William Roberts,michaelprince@gmail.com,305-653-4164,2022-08-05,54,Female,Lake Jessicaberg
8704,Gina Deleon,wrighternest@gmail.com,896-701-4438,2024-02-11,44,Male,South Gwendolyn
8705,William Reeves,philip55@gmail.com,539-754-4279,2020-05-19,31,Other,Fleminghaven
8706,Holly Allen,rebecca55@gmail.com,593-469-8304,2021-06-16,22,Male,West Eric
8707,Stacy Bush,tgilbert@gmail.com,858-321-1467,2020-12-27,44,Other,New Amy
8708,Zachary Butler,washingtontodd@gmail.com,348-530-8098,2022-02-21,48,Male,North Edward
8709,Michael Schultz,stevenfreeman@gmail.com,679-374-7176,2023-11-14,46,Male,North Bradley
8710,Marisa Sanders,robertcook@gmail.com,560-818-1085,2022-08-13,22,Other,Michaelton
8711,Christine Weaver,james49@gmail.com,597-214-0452,2021-01-07,33,Male,South Sandramouth
8712,Erica Copeland,heather74@gmail.com,640-912-6168,2020-12-11,34,Other,Welchborough
8713,William Wall,campbelltonya@gmail.com,718-438-8277,2020-05-20,39,Female,South Rebeccashire
8714,Tina Jackson,gregorywise@gmail.com,423-453-7210,2021-08-11,40,Female,Lake Michael
8715,Phillip Medina,mark07@gmail.com,537-797-5581,2021-04-10,64,Male,North Elizabeth
8716,Courtney Jones,monicapowers@gmail.com,851-337-6302,2023-03-20,31,Other,Lanestad
8717,Alyssa Jackson,moodyvictor@gmail.com,553-481-7694,2024-06-26,40,Male,Lopezstad
8718,Erin Rodriguez,tjones@gmail.com,735-971-0851,2021-03-11,42,Male,West Lisaburgh
8719,Nicole Simmons,angela42@gmail.com,268-441-2110,2023-06-07,36,Male,East Nicolemouth
8720,Zachary Sweeney,hhardy@gmail.com,617-353-8866,2023-05-17,29,Female,Berrystad
8722,Courtney Villa,stuartsusan@gmail.com,443-200-3738,2022-07-21,56,Male,Skinnerton
8723,Thomas Tucker,timothy45@gmail.com,620-348-1482,2022-05-12,37,Other,East Ashley
8724,Robert Vance,smithjustin@gmail.com,288-961-7856,2024-09-11,33,Male,Brianmouth
8725,Dawn Henry,cyoung@gmail.com,283-686-6153,2021-09-09,62,Female,Lake Danny
8726,Aaron George,campbellashley@gmail.com,969-599-7423,2020-07-23,62,Other,Stephenmouth
8727,James Sullivan,matthew75@gmail.com,389-627-4495,2023-07-26,44,Female,West Gary
8728,Travis Callahan,brownjohn@gmail.com,896-295-2351,2021-06-13,31,Male,Linstad
8729,Joshua Wilson,farmerlatasha@gmail.com,825-726-0233,2024-07-27,55,Female,New Tanner
8730,Ray Bryant,pwinters@gmail.com,930-919-8071,2023-06-11,51,Female,South Brian
8731,John Miller,tinahayes@gmail.com,403-420-1022,2022-10-08,55,Other,Morrisonbury
8732,Joshua Boone,taylorholly@gmail.com,407-353-0685,2021-05-14,33,Other,North Dorothy
8733,Brian Oliver,joneselizabeth@gmail.com,496-850-7913,2021-12-12,62,Female,Port Jimmy
8734,Shelly Lin,walljacob@gmail.com,805-486-4904,2021-08-21,41,Male,Lake Michaelland
8735,Monica Foley,wernerlaura@gmail.com,847-241-4567,2023-09-16,54,Other,Browntown
8736,Megan Miller,christopherpatterson@gmail.com,865-364-8918,2022-01-18,47,Male,North Troy
8737,James Stokes,rmurphy@gmail.com,693-849-5283,2022-10-27,28,Other,Ambertown
8738,Laura Fleming,kellypaul@gmail.com,926-228-6163,2023-11-09,19,Female,Sarahside
8739,Savannah Young,hsalazar@gmail.com,296-733-2807,2023-08-15,56,Male,Randyberg
8740,Lisa Carter,alejandra23@gmail.com,634-462-0551,2020-08-20,43,Female,Lynchshire
8741,Christopher Simmons,wallacecarmen@gmail.com,649-596-5833,2022-01-23,49,Other,Pearsonfurt
8742,Richard Hicks,burkekeith@gmail.com,697-735-2020,2024-04-06,22,Other,South Nicole
8743,Jodi Mcdowell,olucas@gmail.com,685-610-4630,2020-01-13,36,Other,Hoganmouth
8744,Amy Nixon,qcurtis@gmail.com,844-583-8236,2023-12-06,62,Female,Port Patriciashire
8745,Matthew Lopez,robertcontreras@gmail.com,820-752-7701,2021-07-20,29,Other,Deannamouth
8746,Kristina Curry,jeremy44@gmail.com,856-315-1046,2021-07-20,27,Male,Charlesport
8747,Michael Brown,harveyalexandra@gmail.com,231-203-9959,2023-02-17,62,Other,Lake Ruth
8748,Jose Beasley,ypham@gmail.com,726-242-7239,2020-04-05,59,Male,East Hector
8749,Laura Rivas,colton61@gmail.com,425-966-5841,2022-06-12,54,Female,East Richard
8750,Brenda Parker,sarahmiller@gmail.com,439-392-6570,2022-08-01,55,Other,Paulton
8751,Timothy Bailey,archerjennifer@gmail.com,875-506-0116,2021-10-30,42,Male,West Cindyport
8752,Matthew Johnson,burkejennifer@gmail.com,682-662-9375,2021-09-26,48,Female,North Erica
8753,Stephanie King,jbarron@gmail.com,251-897-4467,2022-04-29,22,Female,Lake Brianaport
8754,Ashley Hayden,turnerjesse@gmail.com,662-292-5776,2023-01-09,21,Other,South Laurie
8755,Rebecca Wilson,holmesdaniel@gmail.com,711-640-5312,2020-08-30,34,Other,South Joseph
8756,Ryan Green,carlosnelson@gmail.com,397-431-8232,2022-01-03,23,Male,East Kelly
8757,Chad Bailey,kristin73@gmail.com,968-726-0636,2023-11-27,44,Female,Evansbury
8758,Thomas Wilson,dwatson@gmail.com,904-589-0777,2023-02-28,43,Female,Jesusshire
8759,Christopher Romero,jennifer55@gmail.com,719-924-0546,2022-10-08,38,Other,New Michaelmouth
8760,Raymond Kennedy,ogarcia@gmail.com,981-574-8787,2024-04-25,54,Other,Barkerfurt
8761,Zachary Dudley,tanderson@gmail.com,444-430-3261,2021-09-23,64,Other,New Jamie
8762,Makayla Jimenez,morrisamy@gmail.com,449-942-0551,2024-05-09,20,Male,Lake Jason
8763,Michael Wiley,boyeranne@gmail.com,985-574-0093,2023-04-25,23,Male,Johnland
8764,Sarah Bishop,angelajohnson@gmail.com,793-257-8099,2023-01-11,57,Other,Richardsbury
8765,Diane Bond,patelderek@gmail.com,615-585-7510,2022-08-18,39,Female,Port Jessica
8766,James Moore,michael86@gmail.com,851-213-9828,2024-04-05,44,Other,Matthewmouth
8767,Edward Lyons,brian23@gmail.com,670-277-3761,2021-12-23,33,Male,Longfort
8768,Cassandra Cunningham,roy04@gmail.com,226-876-2668,2022-04-07,35,Other,Davisberg
8769,Jade Walker,yarmstrong@gmail.com,514-450-0562,2020-06-19,29,Other,Antoniobury
8770,Donald Gutierrez,donald31@gmail.com,573-340-0045,2024-05-25,20,Female,West Kelli
8771,John Evans,david03@gmail.com,763-424-7515,2020-11-19,29,Other,Charlesmouth
8772,Sharon Doyle,kwest@gmail.com,511-947-0732,2021-05-23,22,Male,Wrightbury
8773,Brittany Mcdonald,regina70@gmail.com,274-892-6957,2021-09-21,33,Male,Hannahview
8774,Paul Shelton,danagreene@gmail.com,614-385-3053,2020-02-15,50,Female,East Paul
8775,Christian Clarke,dmolina@gmail.com,210-416-5299,2020-04-09,57,Female,South Mariaton
8776,Deborah Ashley,melissaboyd@gmail.com,349-650-5354,2020-05-13,62,Male,South Melinda
8777,Kimberly Parker,johnjarvis@gmail.com,239-217-7528,2023-07-31,61,Other,East Ryanborough
8778,Benjamin Jones,jamesthompson@gmail.com,218-408-3364,2020-12-02,25,Male,Donnahaven
8779,Jason Frazier,bryanweber@gmail.com,726-360-1443,2022-03-19,23,Male,Nicholasstad
8780,James Reeves,henry49@gmail.com,429-512-0941,2020-11-17,65,Female,North Nicholas
8781,Alejandro Moore,henryjones@gmail.com,967-862-2359,2024-02-17,60,Other,Port Cathy
8782,Tiffany Mcguire,smithashley@gmail.com,481-895-2636,2021-02-21,50,Other,Elizabethland
8783,Daniel Young,erin39@gmail.com,224-372-6303,2021-12-24,41,Male,Rhondamouth
8784,Diane Stanley,njennings@gmail.com,622-544-6927,2024-03-02,29,Other,Morenostad
8785,Elizabeth Blanchard,nholden@gmail.com,479-274-2994,2022-05-24,34,Male,Alexanderborough
8787,Russell Kelly,allenfrazier@gmail.com,805-209-0304,2022-06-01,20,Male,Cochranchester
8788,Claudia Jackson,fmorris@gmail.com,382-897-2679,2022-12-20,37,Other,West Laurie
8789,Samantha Combs,donna54@gmail.com,385-229-8881,2021-07-31,21,Female,Christopherside
8790,Chad Wallace,wanda70@gmail.com,781-340-6441,2023-09-19,25,Male,Perrymouth
8791,Caitlin Mason,smithvictoria@gmail.com,880-912-6956,2023-10-04,50,Male,Kathyborough
8792,Chad Weber,barbarawilliams@gmail.com,297-937-2754,2022-08-20,30,Female,Rodriguezside
8793,Amanda Woods,juan99@gmail.com,348-938-0906,2022-01-03,55,Male,Powellberg
8794,Jessica Moore,howelllinda@gmail.com,542-368-9408,2020-12-08,41,Other,East Marissa
8795,Jeffrey Smith,oruiz@gmail.com,343-251-1554,2023-06-08,24,Male,Port Bryan
8796,Richard Jones,rfletcher@gmail.com,235-879-5829,2020-09-22,37,Other,New Candiceshire
8797,Andrew Stone,carrdustin@gmail.com,551-759-5175,2021-10-23,61,Male,South Jesse
8798,Matthew Perez,myerswilliam@gmail.com,479-534-3675,2020-09-04,46,Other,New Abigail
8799,Jonathon Haley,irichard@gmail.com,565-478-2726,2022-10-09,56,Male,Bentonbury
8800,Darrell Bryant,paul69@gmail.com,738-799-9900,2021-08-24,36,Female,Higginshaven
8801,Emily Chase,usandoval@gmail.com,258-893-4689,2021-08-17,27,Female,Lesliefort
8802,Carrie Smith,randallmedina@gmail.com,344-318-9904,2023-04-10,53,Other,Ginaville
8803,Matthew Lopez,karen17@gmail.com,986-660-7202,2021-05-20,41,Female,Lake Allisonland
8804,Rickey Smith,nford@gmail.com,477-861-2049,2024-08-11,22,Female,Romerochester
8805,Tim Mcdonald,tiffany52@gmail.com,762-443-9974,2021-06-23,45,Female,Josephhaven
8806,Tommy Barnes,joshuaschaefer@gmail.com,411-522-7017,2024-09-01,62,Male,Hoffmanstad
8807,Stephanie Sellers,anthonyparks@gmail.com,222-590-9649,2023-09-02,62,Other,East Melissatown
8808,Christopher Carter,kaylarowe@gmail.com,276-253-0364,2021-07-10,58,Female,Scottland
8809,Mr. Andrew Nguyen,ehess@gmail.com,915-952-9855,2023-09-11,61,Male,Cindyburgh
8810,Kristin Robinson,gregorywalker@gmail.com,569-772-8690,2022-03-06,30,Female,Nicoleburgh
8811,Jose Baker,bcontreras@gmail.com,556-944-3038,2023-06-25,23,Other,Lake Nicholasstad
8812,Kenneth Snyder,sototroy@gmail.com,857-340-6058,2022-04-26,26,Male,South Patrick
8813,Angela Johnson,oliverautumn@gmail.com,850-880-3517,2020-07-17,29,Female,Pittmanport
8814,Michaela Pierce,ztorres@gmail.com,543-262-9081,2023-01-20,62,Other,West Kayla
8815,Gabriela Gonzalez,yolandaanderson@gmail.com,399-506-8416,2024-04-18,23,Male,Seantown
8816,Renee Oconnor,sherri07@gmail.com,536-322-6064,2024-07-12,23,Female,Rhondaborough
8817,Brian Hill,zwallace@gmail.com,897-983-0030,2023-04-26,30,Other,Port Williammouth
8818,Elizabeth Medina,wrightlance@gmail.com,767-270-5518,2023-08-27,65,Female,Adriennetown
8819,Johnathan Ferguson,gina62@gmail.com,700-823-7443,2021-06-05,20,Female,Erichaven
8820,Kristen Smith,dmcgee@gmail.com,692-641-3439,2023-08-10,61,Other,Hensleyland
8821,Kenneth Mills,nicholasvalentine@gmail.com,355-409-2003,2021-08-30,51,Other,Lake Lesliemouth
8822,Michelle Oliver,christinemiranda@gmail.com,822-933-9424,2020-09-25,18,Other,Port Terristad
8823,Shaun Reyes,billyharrell@gmail.com,922-225-4434,2023-06-28,29,Female,Webstermouth
8824,Tyler Rice,gonzalezthomas@gmail.com,999-548-6097,2023-10-28,22,Male,Derekview
8825,Carrie Morales,curtis71@gmail.com,531-217-9588,2022-03-19,61,Other,Michaelborough
8826,Gabriel Gonzalez,bradshawgordon@gmail.com,511-915-0745,2024-09-26,20,Female,West Veronicaton
8827,Hailey Barron MD,williamsdanny@gmail.com,719-727-1266,2021-12-20,35,Male,Lake Johnshire
8828,Jacob Campbell,greenetara@gmail.com,417-405-8802,2023-08-13,20,Male,Saraport
8829,Aaron Cook,markspam@gmail.com,892-893-5542,2022-04-11,65,Other,North Michelleside
8830,Denise Davidson,sthompson@gmail.com,406-789-2405,2020-12-26,18,Male,East Donna
8831,Kenneth Larson,jrichardson@gmail.com,718-697-3250,2022-02-27,31,Female,Parkerville
8832,Nathaniel Estes,william69@gmail.com,566-834-5703,2023-11-04,45,Male,Mikeview
8833,David Henderson,martinezlaura@gmail.com,695-656-9869,2022-10-02,36,Female,Troyport
8834,Steven Miles,whudson@gmail.com,318-517-4217,2021-05-01,23,Other,Vickishire
8835,Molly Morris,michaelrivera@gmail.com,688-562-7574,2021-01-30,37,Other,Cruzhaven
8836,Tami Hall,brookefranco@gmail.com,468-843-1053,2022-01-05,43,Female,North Danielfurt
8837,Shawn Hernandez,gonzalezrobert@gmail.com,332-529-6289,2022-08-21,32,Female,Lake Lauraview
8838,Gina Tran,allentina@gmail.com,717-689-0138,2021-10-01,37,Male,East Stacey
8839,Gary Johnson,swhite@gmail.com,328-595-7913,2020-05-02,59,Female,Port Eric
8840,Catherine Davis,hortonamanda@gmail.com,319-794-8821,2024-04-25,18,Other,New Jennaport
8841,Jessica Bird,moorejessica@gmail.com,213-282-9927,2020-11-06,34,Female,South Jeffreyview
8842,Ian Irwin,simpsontracy@gmail.com,668-947-5235,2022-03-16,39,Other,West Justinfort
8843,Carmen Anderson,malvarado@gmail.com,675-854-1279,2021-04-12,29,Female,North Amyland
8845,James West,jsalas@gmail.com,620-973-7649,2023-12-13,35,Other,Lake Elizabeth
8846,Sean James,laurendavis@gmail.com,553-366-0958,2021-10-02,52,Male,Port Kaitlynfort
8847,Rachel Black,brownmark@gmail.com,810-753-1528,2024-03-29,50,Male,Joseberg
8848,Kyle Stephens,anne07@gmail.com,668-214-0881,2023-02-12,59,Other,North Danatown
8849,Michael Richards,johnmelton@gmail.com,443-790-0514,2020-11-25,25,Male,Leonmouth
8850,Thomas Peters,rosarioomar@gmail.com,689-929-6639,2022-10-25,29,Female,Lake Melissa
8851,Robert Cox,traci48@gmail.com,570-248-8151,2021-11-15,45,Male,Timothyfort
8852,Christopher Greer,ann26@gmail.com,556-672-0731,2022-01-19,18,Male,Port Mary
8853,Caitlin Morris,cooksteve@gmail.com,992-613-5091,2022-06-24,37,Other,West Richard
8854,Mark Carey,rebeccameadows@gmail.com,779-210-8448,2020-09-30,47,Male,Gallaghermouth
8855,Charles Hall,haneybianca@gmail.com,258-395-2598,2022-11-27,24,Female,Brandonborough
8856,Michelle Thomas,owhitaker@gmail.com,426-662-9391,2020-08-08,30,Male,Lake Sheilamouth
8857,Curtis Smith,aprilorozco@gmail.com,301-273-8202,2024-03-03,26,Male,Devinchester
8858,Jessica Gonzalez,zrobinson@gmail.com,422-679-1268,2023-03-06,27,Other,South Shelby
8859,Tamara Carrillo,kristinevillanueva@gmail.com,301-836-9531,2022-09-10,64,Other,Melissabury
8860,Christina Huerta,christinebarnes@gmail.com,998-428-2230,2021-06-26,43,Other,South Valeriestad
8861,Gabrielle Thornton,mark62@gmail.com,427-324-1391,2024-01-11,43,Other,South Shannon
8862,Ryan Mcgee,jose55@gmail.com,680-980-4867,2022-04-26,56,Other,Rodriguezville
8863,Taylor Strickland,michael44@gmail.com,805-287-3538,2020-12-04,19,Male,Castanedaburgh
8864,Russell Scott,obell@gmail.com,975-483-6487,2022-09-01,39,Female,Simonmouth
8865,Matthew Green,loricurtis@gmail.com,245-911-3466,2021-08-29,52,Male,Robinsonshire
8866,Matthew Walker,charles23@gmail.com,370-872-3141,2021-12-02,47,Other,West Richard
8867,Cory Sawyer,mschneider@gmail.com,693-758-6769,2023-12-12,58,Female,West Melissaton
8868,Kathleen Montgomery,collinsdean@gmail.com,666-501-1813,2022-07-05,30,Male,Lake Ashley
8869,Sara Moore,wpaul@gmail.com,647-376-3617,2023-01-09,31,Male,Lake Diane
8870,Nathaniel Bauer,oscar26@gmail.com,474-724-7921,2024-06-28,22,Female,North Williamview
8871,Caroline Riley,karen81@gmail.com,498-474-0960,2021-11-10,45,Other,Carlosberg
8872,Sandra Morris,bhuerta@gmail.com,583-369-0560,2020-07-07,19,Female,Port Matthew
8873,Michele Wright,wschmidt@gmail.com,613-951-1044,2021-03-31,46,Female,Brandonside
8874,Judy Henson,kristenferguson@gmail.com,939-936-2951,2022-07-25,50,Male,Lake Nancy
8875,Hannah Mccormick,david67@gmail.com,560-347-9799,2021-07-08,59,Female,Staffordmouth
8876,James Watson,joneswilliam@gmail.com,382-280-3855,2020-01-27,26,Female,Jonathanfurt
8877,Paul Garcia,xavieracosta@gmail.com,525-406-9017,2022-07-02,45,Male,Hernandezfurt
8878,Lisa Larson,oabbott@gmail.com,605-953-0444,2022-02-16,54,Other,Petersonton
8879,Christopher Hamilton MD,robertgreen@gmail.com,331-602-1564,2024-03-13,46,Female,Christopherside
8880,Tim Jackson,uspencer@gmail.com,622-690-2083,2024-07-17,47,Female,Sharonstad
8881,Alexis Martin,tracy96@gmail.com,368-845-8183,2022-12-18,43,Female,Anneville
8882,Nathaniel Watts,daniellehicks@gmail.com,792-396-4222,2022-11-25,44,Other,South Christopher
8883,Kendra Thomas,qmcfarland@gmail.com,914-781-6724,2023-09-22,61,Female,East Kathryn
8884,Melissa Campbell,zfox@gmail.com,463-342-7191,2023-11-15,45,Male,Lake Faith
8885,Brandon Moore,qmoore@gmail.com,519-251-5403,2021-11-02,62,Male,South William
8886,Michael Booth,holdentiffany@gmail.com,701-683-6280,2022-12-10,42,Female,North Andrewborough
8887,Mackenzie Phillips,carlosnelson@gmail.com,728-512-9370,2022-08-26,35,Male,Davidville
8888,William Carroll,ebass@gmail.com,387-990-8386,2022-02-10,47,Female,Hicksbury
8889,Amanda Garcia,joshua50@gmail.com,900-231-0024,2020-01-03,45,Male,East Troy
8890,Donna Williams,ivelez@gmail.com,816-370-9970,2021-02-25,52,Female,Farleybury
8891,Steven Durham,mariahatfield@gmail.com,326-462-0037,2023-12-08,52,Other,Hamptonshire
8892,Curtis Reid,wkrause@gmail.com,626-777-0744,2022-11-28,45,Other,Simpsonmouth
8893,James Coleman,raymond63@gmail.com,473-486-0728,2021-05-08,51,Other,North Timothy
8894,Stephen Anderson,kathryn92@gmail.com,404-236-6558,2021-12-13,61,Female,South Ashley
8895,Tiffany Miller,reyesjared@gmail.com,669-347-4680,2021-10-03,62,Female,Jeffreyborough
8896,Stephanie Moore,foxchristopher@gmail.com,922-376-1193,2021-08-06,25,Female,Danielview
8897,John Jones,jeremiahklein@gmail.com,821-543-9472,2021-02-09,18,Male,West Johnshire
8898,Kevin Smith,tracyhart@gmail.com,727-372-5299,2022-05-03,53,Female,North Gloria
8899,Traci Roy,rbush@gmail.com,856-635-8013,2020-08-10,28,Other,New Lisa
8901,Pamela Roberts,freilly@gmail.com,519-477-9240,2020-01-09,40,Other,West Bianca
8902,Emily Kim,beltranvickie@gmail.com,346-985-3084,2023-11-25,56,Female,East Rebeccafort
8905,James Wolf,alexa82@gmail.com,832-421-8354,2023-02-20,21,Male,Raymondview
8906,Amy Bailey,dereklane@gmail.com,668-830-3294,2021-08-31,35,Female,New Brittanyhaven
8907,Lauren Hill,kristine72@gmail.com,899-385-0721,2023-12-16,59,Other,Port Dustin
8908,John Williams,darren34@gmail.com,244-753-3806,2024-04-26,36,Other,East Virginiaville
8909,Brian Nielsen,cynthiawatson@gmail.com,992-866-0112,2020-07-21,21,Male,West Chadtown
8910,Robert Spencer,heather50@gmail.com,243-718-0756,2023-01-20,62,Female,Hallshire
8911,Alicia Barnett,weissdamon@gmail.com,519-520-3288,2022-03-09,34,Female,South Carolynmouth
8912,Benjamin Bonilla,joseph99@gmail.com,763-484-7879,2024-03-28,49,Other,East Alan
8913,Michael Morris,kathleen44@gmail.com,203-275-0804,2020-07-21,41,Male,Michaelton
8914,Colin Vega,michael36@gmail.com,283-473-5269,2024-07-17,47,Other,New Nicole
8915,Derek Adams,xbender@gmail.com,480-957-8769,2022-09-13,61,Other,New Davidstad
8916,Troy Williams,robert33@gmail.com,704-533-3542,2021-01-21,27,Other,Brownview
8917,Dr. Cole Stone,hughesadam@gmail.com,907-410-4283,2021-06-23,57,Female,Martinezshire
8918,Jack Davis,daniel32@gmail.com,684-789-5151,2021-07-17,43,Other,New Aaron
8919,Kevin Wade,carlyking@gmail.com,934-398-5849,2021-10-28,43,Other,Holdenhaven
8922,Joshua Bailey,cynthiareese@gmail.com,628-839-5085,2023-01-08,55,Other,Lake Austin
8923,Daniel Kennedy,tonya47@gmail.com,530-571-1722,2021-09-09,43,Other,Burnsville
8924,Cynthia Baker,sonia46@gmail.com,584-912-2994,2022-09-29,25,Female,West Tammyton
8925,Leslie Gross,solomonamy@gmail.com,822-368-8588,2020-10-01,51,Male,Jeremiahshire
8926,Ashley Berry,jonathanknight@gmail.com,939-758-9334,2023-12-26,19,Other,New Jacquelineville
8927,Adrian Cain,kedwards@gmail.com,861-767-7787,2022-11-12,60,Other,North Chelsea
8928,Mark Robinson,ellisonjoseph@gmail.com,881-964-5549,2022-10-18,26,Other,East Davidshire
8929,Tyler Harvey DDS,jamesvega@gmail.com,546-449-5859,2023-12-12,36,Male,East Mike
8930,Michael Barber,cynthia43@gmail.com,299-990-3943,2021-11-06,54,Male,Stevenstad
8931,Amanda Ramirez,tgreene@gmail.com,696-234-6596,2020-12-01,39,Male,South Diane
8932,Michael Nash,chowell@gmail.com,392-906-2481,2021-08-06,54,Female,West Christinaville
8933,Haley Norris,warnermichael@gmail.com,826-636-3468,2020-02-08,60,Other,Margaretstad
8934,Elizabeth Mckee,kylegonzales@gmail.com,604-716-4262,2023-01-30,46,Male,Royport
8935,Brian Horne,carrmallory@gmail.com,492-738-7649,2024-06-15,32,Other,New Bethany
8936,Misty Johns,susan59@gmail.com,861-671-2304,2022-02-17,65,Female,East David
8937,Jennifer Vega,richardmiller@gmail.com,462-541-1950,2022-05-23,56,Male,Harristown
8938,John Nelson,morganclayton@gmail.com,459-684-7998,2021-06-08,30,Female,Lake Jared
8939,Elizabeth Jackson,buchananashley@gmail.com,584-520-6579,2022-05-31,53,Male,South Arianabury
8940,Gregory Perez,tina75@gmail.com,416-845-3329,2022-06-14,48,Other,Lake Michael
8941,Sandra Jones,hrios@gmail.com,389-518-6341,2020-10-26,48,Male,Lake Larry
8942,Mary Porter,lisa09@gmail.com,700-371-7847,2022-02-17,51,Female,Camacholand
8943,Kevin Garcia,julie77@gmail.com,869-940-4908,2021-09-24,42,Male,Robertmouth
8944,Leslie Harris,lgomez@gmail.com,715-217-3638,2024-08-06,60,Female,Lake Christinachester
8945,Anna Miller,toddrodriguez@gmail.com,515-273-3626,2021-03-21,62,Male,Timothyland
8946,Elizabeth Holmes,khanjonathan@gmail.com,333-741-7230,2024-01-13,62,Male,East Kylieborough
8947,Donald Ferguson,cory78@gmail.com,996-656-5882,2023-05-11,51,Other,Ricemouth
8948,Natasha Rivera,jacob73@gmail.com,313-450-1725,2022-10-09,18,Female,Lake Robertstad
8949,Robyn Gray,mckenzielindsay@gmail.com,504-277-9079,2021-08-31,22,Male,Sharonview
8950,Lucas Barton,dwaynegarza@gmail.com,878-375-0127,2020-07-07,47,Male,Herringside
8951,Billy Smith,leealexandra@gmail.com,882-625-5489,2020-10-03,42,Other,Claudiaville
8952,Kathleen Martin,bishopjose@gmail.com,665-283-9199,2024-07-18,59,Other,North Cindy
8953,Danielle Davis,combsrobert@gmail.com,615-447-9636,2024-07-12,21,Male,New Kellyberg
8954,Ian Cunningham,frank34@gmail.com,777-508-9151,2022-05-23,59,Male,East Desireetown
8955,David Johnson,annettemoore@gmail.com,444-471-1601,2022-03-24,39,Female,East Lindsay
8956,Sarah Smith,kelleyashley@gmail.com,287-895-7201,2021-09-30,56,Female,Lake Melissa
8957,Elaine Herring,vanessaflowers@gmail.com,767-794-5672,2021-08-16,27,Other,Lake Lucasshire
8958,Patricia Shelton,stephaniesmith@gmail.com,641-630-5101,2024-04-23,53,Male,Mcgeehaven
8959,Ashley Thompson,maldonadorobert@gmail.com,488-275-0489,2020-02-06,22,Other,East Nathanshire
8960,Russell Hill,rlucero@gmail.com,853-349-3138,2021-10-18,25,Male,Port Stephanieshire
8961,Kelly Miller,cynthiahernandez@gmail.com,330-835-9455,2024-07-26,60,Male,Pricehaven
8962,Richard Phillips,jennifersimpson@gmail.com,481-503-3930,2022-11-01,65,Other,Bergport
8963,Robert Kim,davidcalderon@gmail.com,286-579-2687,2020-01-04,43,Other,North Sara
8964,Heather Bauer,ksheppard@gmail.com,470-624-8680,2023-10-03,34,Female,Rodriguezshire
8965,Melinda Smith,justinholmes@gmail.com,838-417-5355,2020-10-25,53,Other,Shellyborough
8966,Rachel Rodriguez,becky55@gmail.com,882-721-9917,2023-05-09,42,Male,Morganmouth
8967,Amy Dean,jamesvilla@gmail.com,892-356-9533,2024-01-25,21,Other,West George
8968,Amanda Watkins,thomasryan@gmail.com,228-802-4941,2020-07-11,41,Other,Lake Michael
8969,Kimberly Jones,richard70@gmail.com,858-708-7110,2022-11-13,37,Other,Justinhaven
8970,Lisa Smith,welchkelly@gmail.com,590-542-6710,2023-10-13,42,Male,Brendatown
8971,Jack Weaver,imullen@gmail.com,312-728-3509,2022-03-23,62,Male,North Caitlinfort
8972,Keith Cooper,hammondmarie@gmail.com,969-793-0372,2020-07-24,57,Other,New Larry
8973,Michael Guerra,jacobhill@gmail.com,895-644-2435,2024-06-06,42,Other,North David
8974,William Kennedy,zbarrett@gmail.com,955-332-4851,2021-03-09,46,Other,Chelseashire
8975,Kenneth Fowler,goodwincrystal@gmail.com,942-352-2645,2022-03-03,42,Female,New Pamela
8976,Susan Harrison,megan35@gmail.com,502-409-7372,2024-05-28,23,Female,Leeberg
8977,Michael Johns,mckenzie67@gmail.com,416-875-3737,2022-01-08,53,Other,North Stephanie
8978,Martin Williamson,jacqueline74@gmail.com,406-284-9812,2024-05-13,50,Female,West Aaron
8979,Lance Estrada,zfoster@gmail.com,338-709-8242,2024-04-28,34,Female,Lauriefurt
8980,Ashley Larson,stevenwaters@gmail.com,910-525-2160,2022-06-04,18,Male,Woodland
8981,Brian Berry,katherineharris@gmail.com,923-421-0946,2021-01-17,24,Male,Jensentown
8982,Alexander Davies,michealedwards@gmail.com,595-887-2039,2022-09-12,57,Other,Lake Jamesland
8983,Laurie Dalton,tellis@gmail.com,273-930-4751,2024-05-20,35,Female,New Jessica
8984,Lauren Day,lwallace@gmail.com,735-862-8265,2023-10-10,24,Female,Melissaville
8985,Wendy Edwards,robinsonwilliam@gmail.com,215-727-2385,2021-05-17,53,Other,Breannamouth
8986,Kathy Martinez,henryanthony@gmail.com,657-398-1238,2024-02-19,36,Other,South Caitlin
8987,Daniel Peterson,jonesjohn@gmail.com,575-615-3307,2022-06-26,63,Female,Millerhaven
8988,Nicole Rhodes,yallison@gmail.com,353-934-2938,2024-05-19,19,Other,East Michaelchester
8989,Danielle Castillo,eric23@gmail.com,737-268-9488,2020-11-14,56,Male,Caseyside
8990,Christian Jenkins,robertarichard@gmail.com,563-949-7712,2021-10-12,35,Female,Travisfurt
8991,Kristen Clark,christine90@gmail.com,586-855-0605,2023-06-10,31,Other,North Danielle
8992,Daniel Newman,ericreed@gmail.com,896-309-7119,2021-03-20,39,Other,Ronaldmouth
8993,Michael Palmer,garrettmiranda@gmail.com,316-564-8335,2023-02-20,59,Male,Edwardstown
8995,Anthony Oconnor,patricia95@gmail.com,505-231-5124,2024-05-20,31,Male,Biancaberg
8996,Robin Mooney,iwolfe@gmail.com,594-500-7524,2023-02-06,64,Female,Port Christina
8997,Mary Ferguson MD,williamstonya@gmail.com,435-329-8791,2021-04-08,26,Female,West Larrybury
8998,Dr. Ashley Proctor,jessica02@gmail.com,653-505-8724,2024-06-24,18,Female,Fletchershire
8999,Ashley Ochoa,chris33@gmail.com,511-330-4525,2023-04-08,61,Other,Kurtton
9000,David Smith,qwilson@gmail.com,485-861-5684,2023-02-20,62,Female,Davidshire
9001,Sophia Weaver,kelleybrian@gmail.com,724-698-2471,2024-07-27,20,Male,New Raymond
9002,Brooke Marshall,kari04@gmail.com,679-314-4876,2022-11-23,65,Female,Lake Robert
9003,Manuel Wright,danielle08@gmail.com,366-256-4550,2022-11-07,22,Male,Kylebury
9004,John Lewis,dhawkins@gmail.com,776-315-4683,2021-09-02,18,Male,South Preston
9005,Susan Wallace,aaron60@gmail.com,561-669-3505,2020-09-23,20,Female,Salazarfurt
9006,Michael Greene,hharris@gmail.com,890-212-4095,2020-08-31,55,Female,Brooksbury
9008,Sarah Willis,meaton@gmail.com,766-598-4944,2023-06-10,58,Male,North Regina
9009,Sara Whitney,samantha33@gmail.com,303-737-1178,2020-01-06,20,Female,Jeffreytown
9010,Spencer Moore,knightjoshua@gmail.com,315-478-2807,2020-08-08,44,Other,Angelaburgh
9011,Evan Wagner,jay57@gmail.com,958-625-7423,2020-02-23,56,Other,Cohenburgh
9012,Spencer Roth,adamwilliams@gmail.com,494-795-2689,2024-04-14,60,Female,West Willietown
9013,Beverly Henry,adamsjacqueline@gmail.com,880-237-5226,2024-04-08,20,Other,East Anthonyfurt
9014,Brandon Winters,qwinters@gmail.com,439-491-7148,2020-12-23,20,Female,Villegaston
9015,William Davis,erivera@gmail.com,566-281-7721,2022-06-18,61,Male,North Janice
9016,Robert Keith,wthomas@gmail.com,647-635-2014,2021-04-13,18,Other,Port Sabrina
9017,Franklin Chang,austinhayes@gmail.com,621-462-7051,2021-12-15,65,Female,West Catherinechester
9018,Linda Thomas,kevin89@gmail.com,286-292-6614,2021-08-08,29,Male,Port Carlamouth
9019,Yvonne Watson,oconnormelissa@gmail.com,293-467-3416,2023-11-19,62,Other,East Chase
9020,Joshua Castillo,dfuller@gmail.com,783-932-3956,2024-04-30,51,Female,Heatherfort
9021,Steven Mckenzie,jaimelopez@gmail.com,247-920-7953,2022-11-14,22,Male,North Robertside
9023,Colleen Kennedy,victoria96@gmail.com,621-580-3724,2021-10-20,27,Female,Tylerfort
9024,Tiffany Harris,aaron43@gmail.com,947-747-6481,2020-04-12,62,Female,West Jody
9025,Ashley Bishop,jasonle@gmail.com,515-339-9204,2020-04-15,43,Female,Mendezburgh
9026,Matthew Mann,elizabeth41@gmail.com,313-955-8718,2021-12-28,56,Female,Perryville
9027,Robyn Griffith,valerie14@gmail.com,853-715-9817,2020-04-14,27,Other,Floresstad
9028,Corey Lane,ashleysteele@gmail.com,978-790-6490,2023-09-08,48,Other,East Carl
9030,Rickey Rodriguez,harrisanna@gmail.com,648-763-3073,2021-02-22,59,Other,Port Linda
9031,David Mcknight,patrick56@gmail.com,661-407-7634,2020-11-15,57,Other,Greenside
9032,Valerie Jarvis,williamsantonio@gmail.com,452-814-7596,2020-09-16,28,Other,Benjaminland
9033,Melissa Pena,christine96@gmail.com,912-820-1487,2020-03-12,34,Other,West Johnnychester
9034,Kimberly House,ahancock@gmail.com,617-508-8298,2022-07-30,57,Female,Martinezburgh
9035,Brian Roberson,garciarichard@gmail.com,530-410-9091,2020-05-25,48,Male,New James
9036,Cynthia Robinson,brian89@gmail.com,478-300-7434,2024-07-01,63,Other,Port Charleston
9037,Joshua Herman,alexander07@gmail.com,526-674-6925,2022-04-19,51,Female,Meyerhaven
9038,Brandon Thompson,uhill@gmail.com,293-858-9726,2024-05-10,29,Other,New Katherineville
9039,Brittany Oliver,gpowell@gmail.com,660-899-5811,2021-09-28,54,Male,Lake Lauren
9040,Alicia Gray,maryvasquez@gmail.com,998-931-5388,2022-10-04,64,Other,West Rebecca
9041,Gregory Santana,lindsay70@gmail.com,988-596-8831,2022-01-20,34,Male,Veronicafurt
9042,Taylor Padilla,mcdanielsarah@gmail.com,269-374-1729,2022-07-15,47,Male,Johnsontown
9043,Christopher Parker,lawrence85@gmail.com,365-359-5560,2022-05-29,39,Female,Joeport
9044,Michael Mann,david18@gmail.com,391-366-0777,2021-01-15,40,Male,Henryburgh
9045,Craig Leach,mgrant@gmail.com,380-858-8856,2023-07-15,26,Female,West Shelley
9046,Sara Gonzalez,smithcynthia@gmail.com,346-835-5031,2023-12-26,31,Other,Lake Charlesfort
9047,Brent Williams,teresaraymond@gmail.com,925-888-2989,2023-01-31,61,Female,Jonathantown
9048,Elizabeth Riggs,usnyder@gmail.com,820-576-6342,2023-05-17,60,Male,South Diana
9049,William Elliott,charlesrhodes@gmail.com,598-655-7816,2023-10-09,60,Female,South Vincentmouth
9050,Norma Mays,mpatterson@gmail.com,950-267-8003,2020-09-26,33,Female,North Gracefurt
9051,Lauren Shelton,jamestucker@gmail.com,639-588-6289,2024-06-08,64,Male,Michaelfort
9053,Dr. Deborah Harmon,vgrant@gmail.com,758-970-0144,2023-05-20,37,Female,West Cody
9055,Kimberly Macdonald,paulpacheco@gmail.com,730-238-2745,2022-11-03,40,Male,New Christine
9056,Shane Taylor,tylerbrown@gmail.com,626-344-8559,2020-06-02,38,Female,Juliaside
9057,Stacey Ramirez,williamdavis@gmail.com,747-806-3705,2023-02-24,20,Female,North Maryside
9058,Sandra Jones,erica54@gmail.com,886-981-4002,2021-10-26,22,Male,East Justin
9059,Steve Khan,rstone@gmail.com,614-372-1884,2024-05-03,54,Other,Port Annestad
9060,Christina Morris,adelgado@gmail.com,833-922-6600,2023-03-12,44,Male,Deannaview
9061,Christopher Johnston,scombs@gmail.com,460-829-9891,2023-10-10,18,Male,Jeffreyview
9062,Sandra Nichols,william18@gmail.com,906-271-4046,2020-06-25,50,Female,Port Loganstad
9063,Patrick Meyer,lisareyes@gmail.com,938-445-2899,2024-07-20,63,Female,New Andreamouth
9064,Jason Simon,vnguyen@gmail.com,576-730-3861,2022-10-22,19,Female,Jerryville
9065,Rachel Rodriguez,josephmiller@gmail.com,321-528-6890,2023-07-14,63,Male,Mitchellmouth
9066,Laura Cook,hroy@gmail.com,943-743-8257,2021-11-18,23,Other,Lindaland
9067,Aaron Ortiz,philip37@gmail.com,410-397-8445,2021-02-02,21,Female,South Nicholefurt
9068,Richard Nelson,tmyers@gmail.com,714-264-9818,2021-10-03,34,Male,South Cody
9069,Stephanie Price,chancock@gmail.com,841-316-2241,2020-08-28,30,Female,Ruizfurt
9070,Michael Johnson,scott69@gmail.com,868-680-6101,2020-03-05,55,Other,Riveraburgh
9071,Nicholas Padilla,joshua50@gmail.com,996-232-9162,2023-05-13,40,Female,North Anthonyside
9072,Matthew Sims,shawjoseph@gmail.com,657-281-7543,2023-11-24,28,Other,East Amanda
9073,Michelle Gibson,dean27@gmail.com,836-608-5583,2023-02-17,54,Female,Davidtown
9074,Nicholas Parker,larsonsuzanne@gmail.com,238-349-8044,2022-03-14,21,Female,Wilsontown
9075,Shawn Martin,heidi45@gmail.com,279-619-5889,2021-04-08,58,Other,Wrightburgh
9077,Tina Holder,bbates@gmail.com,441-822-7568,2021-03-24,36,Female,North Dana
9078,Eric Thompson,hoovercrystal@gmail.com,595-567-4796,2023-02-12,23,Female,New Justinborough
9079,David Thomas,paul89@gmail.com,413-295-4459,2023-02-01,19,Other,East Diana
9080,Benjamin Moore,jonesjeanette@gmail.com,839-841-4446,2021-05-12,43,Other,Schultzville
9081,Anthony Elliott,johnsoncarrie@gmail.com,921-626-8699,2023-01-31,23,Other,Elizabethland
9082,Joshua Leonard,weavertina@gmail.com,994-918-1025,2023-10-30,21,Male,East Fredton
9083,Robert Ingram,jameshickman@gmail.com,995-463-3020,2022-01-31,19,Female,Lake Christopherfurt
9084,Susan Clayton,lrose@gmail.com,594-632-5425,2023-01-19,29,Female,New Brianhaven
9085,Thomas Herring,hensonkevin@gmail.com,449-376-1365,2024-02-22,54,Other,Jamieton
9086,Teresa Ryan,debbie71@gmail.com,352-439-5766,2023-02-27,32,Female,West Susan
9087,Randall Gibson,jthompson@gmail.com,679-713-4752,2020-08-26,18,Other,Smithfort
9088,Jennifer Rogers,thomas26@gmail.com,843-280-0872,2021-05-19,18,Female,Port Jessicaburgh
9089,Sarah Patterson,nathan56@gmail.com,920-452-3359,2022-06-05,26,Other,East Gina
9090,Melissa Hunter,ortegadavid@gmail.com,433-991-6918,2020-12-04,49,Female,Barkertown
9091,Anthony Gay,jromero@gmail.com,738-603-9986,2021-05-11,30,Other,Shannonhaven
9092,Jessica Hodge,ashleygomez@gmail.com,308-505-7528,2021-07-31,23,Male,West Nathanside
9093,Anna Robinson,hlara@gmail.com,454-604-1524,2022-07-10,35,Male,Port Francesbury
9095,Linda Webb,hartmanpatricia@gmail.com,804-853-6004,2020-11-24,31,Male,New Jose
9096,Kenneth Duncan,goodmanstacy@gmail.com,304-740-3026,2021-06-19,44,Male,Charleschester
9097,Diana Mccarthy,xlewis@gmail.com,521-206-9770,2023-02-17,46,Male,New Lauraberg
9098,Joan Collins,anthony54@gmail.com,811-725-4854,2023-11-26,40,Male,Lake Miguel
9099,Lisa Evans,stewartshari@gmail.com,284-788-7399,2020-10-23,26,Other,Johnsonfurt
9100,Colleen Carr DVM,alyssamartinez@gmail.com,869-347-0784,2023-01-01,40,Other,Wagnerburgh
9101,Michael Gamble,tiffanyharris@gmail.com,300-535-9058,2024-09-16,43,Male,Bradfordchester
9102,Caitlyn Dickson,crystalwilson@gmail.com,220-597-3330,2023-03-24,60,Female,Danielside
9103,Christian Sullivan,jennifer43@gmail.com,789-342-3977,2020-10-19,42,Male,New Nicholas
9104,John Rice,perrytammy@gmail.com,631-938-9542,2020-01-06,27,Female,Zavalafort
9105,Kristine Jones,becklauren@gmail.com,388-594-5576,2022-01-21,51,Male,Jenniferstad
9106,Megan Coffey,scott85@gmail.com,611-870-7939,2023-12-06,49,Male,New Johnstad
9107,Denise Baker,ramirezalicia@gmail.com,667-792-9633,2023-08-08,28,Male,Michaelburgh
9108,Jimmy Arellano MD,edward37@gmail.com,295-582-9784,2022-03-05,63,Female,West Maryton
9109,Jacqueline Wiggins,bedwards@gmail.com,251-398-5733,2024-06-15,57,Female,Kyleport
9110,Mrs. Sandra Mccarthy MD,carrolldarin@gmail.com,883-488-0235,2023-08-16,18,Male,Lake Debra
9111,Sara Tucker,matthewsjennifer@gmail.com,642-439-8642,2021-03-24,65,Male,Port Dylantown
9112,Collin Hernandez,pacedavid@gmail.com,380-599-6393,2023-12-26,19,Other,Frenchhaven
9113,Julia Hull,ularsen@gmail.com,293-273-0209,2023-01-07,60,Male,Rebeccaland
9114,James Barber,cynthia32@gmail.com,631-615-5115,2020-03-16,46,Other,Port Williamstad
9115,Sarah Garcia,david49@gmail.com,859-460-4480,2022-01-02,49,Female,South Crystal
9116,Anthony Graham,amontgomery@gmail.com,641-627-6020,2020-03-28,33,Female,Ramirezborough
9117,Cynthia Blankenship,joshua11@gmail.com,373-975-1322,2023-09-27,43,Other,Port Jennifermouth
9118,Tonya Terrell,bakerpaul@gmail.com,456-649-4656,2023-05-17,31,Female,Guerrerostad
9119,Katherine Murray,warrenchristina@gmail.com,648-989-0610,2022-04-13,59,Other,Jamesbury
9120,Randy Jones,pglenn@gmail.com,628-971-6881,2020-07-19,24,Other,Carlaland
9121,Ruth Thomas,ugreen@gmail.com,204-588-8742,2022-11-30,63,Other,Lake James
9122,Samuel Compton,changbobby@gmail.com,564-903-0633,2021-01-10,55,Other,West Scott
9123,Nicholas Martinez,sarah16@gmail.com,985-393-4106,2023-02-19,44,Female,Amberbury
9124,Jennifer Patterson,burtonrobert@gmail.com,836-874-7394,2023-04-25,45,Female,South Michelle
